We are starting on node: spool0623.sdcc.bnl.gov
HOME is now /star/u/tinglin
4077433 We will spawn ourselves (/star/u/tinglin/work/test/offline/paper/codeforpEEC_WTA_pp200/analysis/xmlSubmit/sched992BB6CE55B046B7255C380E1FB2C566_4.csh )
4077433 We BEGIN on [Wed Jun 17 03:07:39 EDT 2026]
[1] 4078010
4077433 We are waiting for 4078010 
4077433 Grandchild PID is 4078062 - found in 0 x 1 seconds
4077433 Establishing first watcher   on    Wed Jun 17 03:07:39 EDT 2026
4077433 Process tree is 4077433 (main) -> 4078010 (child) -> 4078062 (grandchild)
F S   UID     PID    PPID  C PRI  NI ADDR SZ WCHAN  TTY        TIME CMD
4 R 11314 4078062 4078010  0  80   0 -  1929 -      ?          0:00 /usr/bin/unzip /star/u/tinglin/work/test/offline/paper/codeforpEEC_WTA_pp200/analysis/xmlSubmit/myRun15ppJetTree.zip -d /tmp/tinglin/992BB6CE55B046B7255C380E1FB2C566_4
4077433 Grandchild PID is 4078591 - found in 10 x 2 seconds
4077433 Grandchild to watch has changed on Wed Jun 17 03:08:01 EDT 2026
4077433 Process tree is 4077433 (main) -> 4078010 (child) -> 4078591 (grandchild)
F S   UID     PID    PPID  C PRI  NI ADDR SZ WCHAN  TTY        TIME CMD
4 S 11314 4078591 4078010  0  80   0 -  1050 do_wai ?          0:00 /usr/bin/time root4star -b -q RunJetFinder2015sim.C(1000000,"/gpfs01/star/pwg_tasks/spin11/run15pp200/pythia/Jets/16092051/pt5_7_16092051_1.pythia.root","pt5_7_16092051_1.ueoc.root","pt5_7_16092051_1.jets.root")
4078010 Stepping into the main SUMS wrapper program with []
Archive:  /star/u/tinglin/work/test/offline/paper/codeforpEEC_WTA_pp200/analysis/xmlSubmit/myRun15ppJetTree.zip
  inflating: /tmp/tinglin/992BB6CE55B046B7255C380E1FB2C566_4/RunJetFinder2015sim.C  
    linking: /tmp/tinglin/992BB6CE55B046B7255C380E1FB2C566_4/.sl73_x8664_gcc485  -> /star/u/tinglin/public/star-sw/.sl73_x8664_gcc485/ 
   creating: /tmp/tinglin/992BB6CE55B046B7255C380E1FB2C566_4/analysis/
   creating: /tmp/tinglin/992BB6CE55B046B7255C380E1FB2C566_4/analysis/FileList_2015pp200trans/
  inflating: /tmp/tinglin/992BB6CE55B046B7255C380E1FB2C566_4/analysis/FileList_2015pp200trans/16068022.list  
  inflating: /tmp/tinglin/992BB6CE55B046B7255C380E1FB2C566_4/analysis/FileList_2015pp200trans/16084012.list  
  inflating: /tmp/tinglin/992BB6CE55B046B7255C380E1FB2C566_4/analysis/FileList_2015pp200trans/16083018.list  
  inflating: /tmp/tinglin/992BB6CE55B046B7255C380E1FB2C566_4/analysis/FileList_2015pp200trans/16072022.list  
  inflating: /tmp/tinglin/992BB6CE55B046B7255C380E1FB2C566_4/analysis/FileList_2015pp200trans/16077043.list  
  inflating: /tmp/tinglin/992BB6CE55B046B7255C380E1FB2C566_4/analysis/FileList_2015pp200trans/16064078.list  
  inflating: /tmp/tinglin/992BB6CE55B046B7255C380E1FB2C566_4/analysis/FileList_2015pp200trans/16066009.list  
  inflating: /tmp/tinglin/992BB6CE55B046B7255C380E1FB2C566_4/analysis/FileList_2015pp200trans/16064077.list  
  inflating: /tmp/tinglin/992BB6CE55B046B7255C380E1FB2C566_4/analysis/FileList_2015pp200trans/16065024.list  
  inflating: /tmp/tinglin/992BB6CE55B046B7255C380E1FB2C566_4/analysis/FileList_2015pp200trans/16068023.list  
  inflating: /tmp/tinglin/992BB6CE55B046B7255C380E1FB2C566_4/analysis/FileList_2015pp200trans/16083045.list  
  inflating: /tmp/tinglin/992BB6CE55B046B7255C380E1FB2C566_4/analysis/FileList_2015pp200trans/16081016.list  
  inflating: /tmp/tinglin/992BB6CE55B046B7255C380E1FB2C566_4/analysis/FileList_2015pp200trans/16085057.list  
  inflating: /tmp/tinglin/992BB6CE55B046B7255C380E1FB2C566_4/analysis/FileList_2015pp200trans/16079028.list  
  inflating: /tmp/tinglin/992BB6CE55B046B7255C380E1FB2C566_4/analysis/FileList_2015pp200trans/16085030.list  
  inflating: /tmp/tinglin/992BB6CE55B046B7255C380E1FB2C566_4/analysis/FileList_2015pp200trans/16064079.list  
  inflating: /tmp/tinglin/992BB6CE55B046B7255C380E1FB2C566_4/analysis/FileList_2015pp200trans/16090051.list  
  inflating: /tmp/tinglin/992BB6CE55B046B7255C380E1FB2C566_4/analysis/FileList_2015pp200trans/16083057.list  
  inflating: /tmp/tinglin/992BB6CE55B046B7255C380E1FB2C566_4/analysis/FileList_2015pp200trans/16064080.list  
  inflating: /tmp/tinglin/992BB6CE55B046B7255C380E1FB2C566_4/analysis/FileList_2015pp200trans/16064082.list  
  inflating: /tmp/tinglin/992BB6CE55B046B7255C380E1FB2C566_4/analysis/FileList_2015pp200trans/16065001.list  
  inflating: /tmp/tinglin/992BB6CE55B046B7255C380E1FB2C566_4/analysis/FileList_2015pp200trans/16067006.list  
  inflating: /tmp/tinglin/992BB6CE55B046B7255C380E1FB2C566_4/analysis/FileList_2015pp200trans/16065002.list  
  inflating: /tmp/tinglin/992BB6CE55B046B7255C380E1FB2C566_4/analysis/FileList_2015pp200trans/16065003.list  
  inflating: /tmp/tinglin/992BB6CE55B046B7255C380E1FB2C566_4/analysis/FileList_2015pp200trans/16068028.list  
  inflating: /tmp/tinglin/992BB6CE55B046B7255C380E1FB2C566_4/analysis/FileList_2015pp200trans/16065005.list  
  inflating: /tmp/tinglin/992BB6CE55B046B7255C380E1FB2C566_4/analysis/FileList_2015pp200trans/16065006.list  
  inflating: /tmp/tinglin/992BB6CE55B046B7255C380E1FB2C566_4/analysis/FileList_2015pp200trans/16065007.list  
  inflating: /tmp/tinglin/992BB6CE55B046B7255C380E1FB2C566_4/analysis/FileList_2015pp200trans/16065008.list  
  inflating: /tmp/tinglin/992BB6CE55B046B7255C380E1FB2C566_4/analysis/FileList_2015pp200trans/16068010.list  
  inflating: /tmp/tinglin/992BB6CE55B046B7255C380E1FB2C566_4/analysis/FileList_2015pp200trans/16067013.list  
  inflating: /tmp/tinglin/992BB6CE55B046B7255C380E1FB2C566_4/analysis/FileList_2015pp200trans/16065025.list  
  inflating: /tmp/tinglin/992BB6CE55B046B7255C380E1FB2C566_4/analysis/FileList_2015pp200trans/16065026.list  
  inflating: /tmp/tinglin/992BB6CE55B046B7255C380E1FB2C566_4/analysis/FileList_2015pp200trans/16065027.list  
  inflating: /tmp/tinglin/992BB6CE55B046B7255C380E1FB2C566_4/analysis/FileList_2015pp200trans/16070013.list  
  inflating: /tmp/tinglin/992BB6CE55B046B7255C380E1FB2C566_4/analysis/FileList_2015pp200trans/16081020.list  
  inflating: /tmp/tinglin/992BB6CE55B046B7255C380E1FB2C566_4/analysis/FileList_2015pp200trans/16065048.list  
  inflating: /tmp/tinglin/992BB6CE55B046B7255C380E1FB2C566_4/analysis/FileList_2015pp200trans/16065028.list  
  inflating: /tmp/tinglin/992BB6CE55B046B7255C380E1FB2C566_4/analysis/FileList_2015pp200trans/16066020.list  
  inflating: /tmp/tinglin/992BB6CE55B046B7255C380E1FB2C566_4/analysis/FileList_2015pp200trans/16065009.list  
  inflating: /tmp/tinglin/992BB6CE55B046B7255C380E1FB2C566_4/analysis/FileList_2015pp200trans/16065010.list  
  inflating: /tmp/tinglin/992BB6CE55B046B7255C380E1FB2C566_4/analysis/FileList_2015pp200trans/16065012.list  
  inflating: /tmp/tinglin/992BB6CE55B046B7255C380E1FB2C566_4/analysis/FileList_2015pp200trans/16065013.list  
  inflating: /tmp/tinglin/992BB6CE55B046B7255C380E1FB2C566_4/analysis/FileList_2015pp200trans/16065014.list  
  inflating: /tmp/tinglin/992BB6CE55B046B7255C380E1FB2C566_4/analysis/FileList_2015pp200trans/16065015.list  
  inflating: /tmp/tinglin/992BB6CE55B046B7255C380E1FB2C566_4/analysis/FileList_2015pp200trans/16065016.list  
  inflating: /tmp/tinglin/992BB6CE55B046B7255C380E1FB2C566_4/analysis/FileList_2015pp200trans/16065017.list  
  inflating: /tmp/tinglin/992BB6CE55B046B7255C380E1FB2C566_4/analysis/FileList_2015pp200trans/16065036.list  
  inflating: /tmp/tinglin/992BB6CE55B046B7255C380E1FB2C566_4/analysis/FileList_2015pp200trans/16065060.list  
  inflating: /tmp/tinglin/992BB6CE55B046B7255C380E1FB2C566_4/analysis/FileList_2015pp200trans/16065061.list  
  inflating: /tmp/tinglin/992BB6CE55B046B7255C380E1FB2C566_4/analysis/FileList_2015pp200trans/16065072.list  
  inflating: /tmp/tinglin/992BB6CE55B046B7255C380E1FB2C566_4/analysis/FileList_2015pp200trans/16073037.list  
  inflating: /tmp/tinglin/992BB6CE55B046B7255C380E1FB2C566_4/analysis/FileList_2015pp200trans/16085058.list  
  inflating: /tmp/tinglin/992BB6CE55B046B7255C380E1FB2C566_4/analysis/FileList_2015pp200trans/16085072.list  
  inflating: /tmp/tinglin/992BB6CE55B046B7255C380E1FB2C566_4/analysis/FileList_2015pp200trans/16087026.list  
  inflating: /tmp/tinglin/992BB6CE55B046B7255C380E1FB2C566_4/analysis/FileList_2015pp200trans/16085061.list  
  inflating: /tmp/tinglin/992BB6CE55B046B7255C380E1FB2C566_4/analysis/FileList_2015pp200trans/16066001.list  
  inflating: /tmp/tinglin/992BB6CE55B046B7255C380E1FB2C566_4/analysis/FileList_2015pp200trans/16065018.list  
  inflating: /tmp/tinglin/992BB6CE55B046B7255C380E1FB2C566_4/analysis/FileList_2015pp200trans/16065023.list  
  inflating: /tmp/tinglin/992BB6CE55B046B7255C380E1FB2C566_4/analysis/FileList_2015pp200trans/16066002.list  
  inflating: /tmp/tinglin/992BB6CE55B046B7255C380E1FB2C566_4/analysis/FileList_2015pp200trans/16066011.list  
  inflating: /tmp/tinglin/992BB6CE55B046B7255C380E1FB2C566_4/analysis/FileList_2015pp200trans/16066003.list  
  inflating: /tmp/tinglin/992BB6CE55B046B7255C380E1FB2C566_4/analysis/FileList_2015pp200trans/16066004.list  
  inflating: /tmp/tinglin/992BB6CE55B046B7255C380E1FB2C566_4/analysis/FileList_2015pp200trans/16066005.list  
  inflating: /tmp/tinglin/992BB6CE55B046B7255C380E1FB2C566_4/analysis/FileList_2015pp200trans/16066006.list  
  inflating: /tmp/tinglin/992BB6CE55B046B7255C380E1FB2C566_4/analysis/FileList_2015pp200trans/16065037.list  
  inflating: /tmp/tinglin/992BB6CE55B046B7255C380E1FB2C566_4/analysis/FileList_2015pp200trans/16065038.list  
  inflating: /tmp/tinglin/992BB6CE55B046B7255C380E1FB2C566_4/analysis/FileList_2015pp200trans/16065039.list  
  inflating: /tmp/tinglin/992BB6CE55B046B7255C380E1FB2C566_4/analysis/FileList_2015pp200trans/16065041.list  
  inflating: /tmp/tinglin/992BB6CE55B046B7255C380E1FB2C566_4/analysis/FileList_2015pp200trans/16065042.list  
  inflating: /tmp/tinglin/992BB6CE55B046B7255C380E1FB2C566_4/analysis/FileList_2015pp200trans/16065044.list  
  inflating: /tmp/tinglin/992BB6CE55B046B7255C380E1FB2C566_4/analysis/FileList_2015pp200trans/16065045.list  
  inflating: /tmp/tinglin/992BB6CE55B046B7255C380E1FB2C566_4/analysis/FileList_2015pp200trans/16066007.list  
  inflating: /tmp/tinglin/992BB6CE55B046B7255C380E1FB2C566_4/analysis/FileList_2015pp200trans/16066008.list  
  inflating: /tmp/tinglin/992BB6CE55B046B7255C380E1FB2C566_4/analysis/FileList_2015pp200trans/16068025.list  
  inflating: /tmp/tinglin/992BB6CE55B046B7255C380E1FB2C566_4/analysis/FileList_2015pp200trans/16066012.list  
  inflating: /tmp/tinglin/992BB6CE55B046B7255C380E1FB2C566_4/analysis/FileList_2015pp200trans/16065046.list  
  inflating: /tmp/tinglin/992BB6CE55B046B7255C380E1FB2C566_4/analysis/FileList_2015pp200trans/16066015.list  
  inflating: /tmp/tinglin/992BB6CE55B046B7255C380E1FB2C566_4/analysis/FileList_2015pp200trans/16066016.list  
  inflating: /tmp/tinglin/992BB6CE55B046B7255C380E1FB2C566_4/analysis/FileList_2015pp200trans/16065047.list  
  inflating: /tmp/tinglin/992BB6CE55B046B7255C380E1FB2C566_4/analysis/FileList_2015pp200trans/16066017.list  
  inflating: /tmp/tinglin/992BB6CE55B046B7255C380E1FB2C566_4/analysis/FileList_2015pp200trans/16066018.list  
  inflating: /tmp/tinglin/992BB6CE55B046B7255C380E1FB2C566_4/analysis/FileList_2015pp200trans/16066019.list  
  inflating: /tmp/tinglin/992BB6CE55B046B7255C380E1FB2C566_4/analysis/FileList_2015pp200trans/16066021.list  
  inflating: /tmp/tinglin/992BB6CE55B046B7255C380E1FB2C566_4/analysis/FileList_2015pp200trans/16066026.list  
  inflating: /tmp/tinglin/992BB6CE55B046B7255C380E1FB2C566_4/analysis/FileList_2015pp200trans/16066027.list  
  inflating: /tmp/tinglin/992BB6CE55B046B7255C380E1FB2C566_4/analysis/FileList_2015pp200trans/16066030.list  
  inflating: /tmp/tinglin/992BB6CE55B046B7255C380E1FB2C566_4/analysis/FileList_2015pp200trans/16066031.list  
  inflating: /tmp/tinglin/992BB6CE55B046B7255C380E1FB2C566_4/analysis/FileList_2015pp200trans/16066032.list  
  inflating: /tmp/tinglin/992BB6CE55B046B7255C380E1FB2C566_4/analysis/FileList_2015pp200trans/16066033.list  
  inflating: /tmp/tinglin/992BB6CE55B046B7255C380E1FB2C566_4/analysis/FileList_2015pp200trans/16066035.list  
  inflating: /tmp/tinglin/992BB6CE55B046B7255C380E1FB2C566_4/analysis/FileList_2015pp200trans/16066047.list  
  inflating: /tmp/tinglin/992BB6CE55B046B7255C380E1FB2C566_4/analysis/FileList_2015pp200trans/16066049.list  
  inflating: /tmp/tinglin/992BB6CE55B046B7255C380E1FB2C566_4/analysis/FileList_2015pp200trans/16066050.list  
  inflating: /tmp/tinglin/992BB6CE55B046B7255C380E1FB2C566_4/analysis/FileList_2015pp200trans/16081017.list  
  inflating: /tmp/tinglin/992BB6CE55B046B7255C380E1FB2C566_4/analysis/FileList_2015pp200trans/16066051.list  
  inflating: /tmp/tinglin/992BB6CE55B046B7255C380E1FB2C566_4/analysis/FileList_2015pp200trans/16078002.list  
  inflating: /tmp/tinglin/992BB6CE55B046B7255C380E1FB2C566_4/analysis/FileList_2015pp200trans/16077044.list  
  inflating: /tmp/tinglin/992BB6CE55B046B7255C380E1FB2C566_4/analysis/FileList_2015pp200trans/16073038.list  
  inflating: /tmp/tinglin/992BB6CE55B046B7255C380E1FB2C566_4/analysis/FileList_2015pp200trans/16077038.list  
  inflating: /tmp/tinglin/992BB6CE55B046B7255C380E1FB2C566_4/analysis/FileList_2015pp200trans/16078003.list  
  inflating: /tmp/tinglin/992BB6CE55B046B7255C380E1FB2C566_4/analysis/FileList_2015pp200trans/16078004.list  
  inflating: /tmp/tinglin/992BB6CE55B046B7255C380E1FB2C566_4/analysis/FileList_2015pp200trans/16078009.list  
  inflating: /tmp/tinglin/992BB6CE55B046B7255C380E1FB2C566_4/analysis/FileList_2015pp200trans/16078005.list  
  inflating: /tmp/tinglin/992BB6CE55B046B7255C380E1FB2C566_4/analysis/FileList_2015pp200trans/16078006.list  
  inflating: /tmp/tinglin/992BB6CE55B046B7255C380E1FB2C566_4/analysis/FileList_2015pp200trans/16078007.list  
  inflating: /tmp/tinglin/992BB6CE55B046B7255C380E1FB2C566_4/analysis/FileList_2015pp200trans/16083019.list  
  inflating: /tmp/tinglin/992BB6CE55B046B7255C380E1FB2C566_4/analysis/FileList_2015pp200trans/16066052.list  
  inflating: /tmp/tinglin/992BB6CE55B046B7255C380E1FB2C566_4/analysis/FileList_2015pp200trans/16066053.list  
  inflating: /tmp/tinglin/992BB6CE55B046B7255C380E1FB2C566_4/analysis/FileList_2015pp200trans/16066054.list  
  inflating: /tmp/tinglin/992BB6CE55B046B7255C380E1FB2C566_4/analysis/FileList_2015pp200trans/16066055.list  
  inflating: /tmp/tinglin/992BB6CE55B046B7255C380E1FB2C566_4/analysis/FileList_2015pp200trans/16066059.list  
  inflating: /tmp/tinglin/992BB6CE55B046B7255C380E1FB2C566_4/analysis/FileList_2015pp200trans/16066060.list  
  inflating: /tmp/tinglin/992BB6CE55B046B7255C380E1FB2C566_4/analysis/FileList_2015pp200trans/16067001.list  
  inflating: /tmp/tinglin/992BB6CE55B046B7255C380E1FB2C566_4/analysis/FileList_2015pp200trans/16067003.list  
  inflating: /tmp/tinglin/992BB6CE55B046B7255C380E1FB2C566_4/analysis/FileList_2015pp200trans/16067004.list  
  inflating: /tmp/tinglin/992BB6CE55B046B7255C380E1FB2C566_4/analysis/FileList_2015pp200trans/16067005.list  
  inflating: /tmp/tinglin/992BB6CE55B046B7255C380E1FB2C566_4/analysis/FileList_2015pp200trans/16067014.list  
  inflating: /tmp/tinglin/992BB6CE55B046B7255C380E1FB2C566_4/analysis/FileList_2015pp200trans/16085062.list  
  inflating: /tmp/tinglin/992BB6CE55B046B7255C380E1FB2C566_4/analysis/FileList_2015pp200trans/16084009.list  
  inflating: /tmp/tinglin/992BB6CE55B046B7255C380E1FB2C566_4/analysis/FileList_2015pp200trans/16085013.list  
  inflating: /tmp/tinglin/992BB6CE55B046B7255C380E1FB2C566_4/analysis/FileList_2015pp200trans/16082042.list  
  inflating: /tmp/tinglin/992BB6CE55B046B7255C380E1FB2C566_4/analysis/FileList_2015pp200trans/16067015.list  
  inflating: /tmp/tinglin/992BB6CE55B046B7255C380E1FB2C566_4/analysis/FileList_2015pp200trans/16067016.list  
  inflating: /tmp/tinglin/992BB6CE55B046B7255C380E1FB2C566_4/analysis/FileList_2015pp200trans/16067017.list  
  inflating: /tmp/tinglin/992BB6CE55B046B7255C380E1FB2C566_4/analysis/FileList_2015pp200trans/16067019.list  
  inflating: /tmp/tinglin/992BB6CE55B046B7255C380E1FB2C566_4/analysis/FileList_2015pp200trans/16067020.list  
  inflating: /tmp/tinglin/992BB6CE55B046B7255C380E1FB2C566_4/analysis/FileList_2015pp200trans/16067021.list  
  inflating: /tmp/tinglin/992BB6CE55B046B7255C380E1FB2C566_4/analysis/FileList_2015pp200trans/16090039.list  
  inflating: /tmp/tinglin/992BB6CE55B046B7255C380E1FB2C566_4/analysis/FileList_2015pp200trans/16067022.list  
  inflating: /tmp/tinglin/992BB6CE55B046B7255C380E1FB2C566_4/analysis/FileList_2015pp200trans/16067040.list  
  inflating: /tmp/tinglin/992BB6CE55B046B7255C380E1FB2C566_4/analysis/FileList_2015pp200trans/16067041.list  
  inflating: /tmp/tinglin/992BB6CE55B046B7255C380E1FB2C566_4/analysis/FileList_2015pp200trans/16067042.list  
  inflating: /tmp/tinglin/992BB6CE55B046B7255C380E1FB2C566_4/analysis/FileList_2015pp200trans/16067043.list  
  inflating: /tmp/tinglin/992BB6CE55B046B7255C380E1FB2C566_4/analysis/FileList_2015pp200trans/16067044.list  
  inflating: /tmp/tinglin/992BB6CE55B046B7255C380E1FB2C566_4/analysis/FileList_2015pp200trans/16068001.list  
  inflating: /tmp/tinglin/992BB6CE55B046B7255C380E1FB2C566_4/analysis/FileList_2015pp200trans/16068003.list  
  inflating: /tmp/tinglin/992BB6CE55B046B7255C380E1FB2C566_4/analysis/FileList_2015pp200trans/16068004.list  
  inflating: /tmp/tinglin/992BB6CE55B046B7255C380E1FB2C566_4/analysis/FileList_2015pp200trans/16068005.list  
  inflating: /tmp/tinglin/992BB6CE55B046B7255C380E1FB2C566_4/analysis/FileList_2015pp200trans/16068006.list  
  inflating: /tmp/tinglin/992BB6CE55B046B7255C380E1FB2C566_4/analysis/FileList_2015pp200trans/16068007.list  
  inflating: /tmp/tinglin/992BB6CE55B046B7255C380E1FB2C566_4/analysis/FileList_2015pp200trans/16068008.list  
  inflating: /tmp/tinglin/992BB6CE55B046B7255C380E1FB2C566_4/analysis/FileList_2015pp200trans/16068009.list  
  inflating: /tmp/tinglin/992BB6CE55B046B7255C380E1FB2C566_4/analysis/FileList_2015pp200trans/16068013.list  
  inflating: /tmp/tinglin/992BB6CE55B046B7255C380E1FB2C566_4/analysis/FileList_2015pp200trans/16068014.list  
  inflating: /tmp/tinglin/992BB6CE55B046B7255C380E1FB2C566_4/analysis/FileList_2015pp200trans/16068015.list  
  inflating: /tmp/tinglin/992BB6CE55B046B7255C380E1FB2C566_4/analysis/FileList_2015pp200trans/16068016.list  
  inflating: /tmp/tinglin/992BB6CE55B046B7255C380E1FB2C566_4/analysis/FileList_2015pp200trans/16068017.list  
  inflating: /tmp/tinglin/992BB6CE55B046B7255C380E1FB2C566_4/analysis/FileList_2015pp200trans/16068018.list  
  inflating: /tmp/tinglin/992BB6CE55B046B7255C380E1FB2C566_4/analysis/FileList_2015pp200trans/16068021.list  
  inflating: /tmp/tinglin/992BB6CE55B046B7255C380E1FB2C566_4/analysis/FileList_2015pp200trans/16068024.list  
  inflating: /tmp/tinglin/992BB6CE55B046B7255C380E1FB2C566_4/analysis/FileList_2015pp200trans/16068029.list  
  inflating: /tmp/tinglin/992BB6CE55B046B7255C380E1FB2C566_4/analysis/FileList_2015pp200trans/16068030.list  
  inflating: /tmp/tinglin/992BB6CE55B046B7255C380E1FB2C566_4/analysis/FileList_2015pp200trans/16068032.list  
  inflating: /tmp/tinglin/992BB6CE55B046B7255C380E1FB2C566_4/analysis/FileList_2015pp200trans/16068034.list  
  inflating: /tmp/tinglin/992BB6CE55B046B7255C380E1FB2C566_4/analysis/FileList_2015pp200trans/16068035.list  
  inflating: /tmp/tinglin/992BB6CE55B046B7255C380E1FB2C566_4/analysis/FileList_2015pp200trans/16068036.list  
  inflating: /tmp/tinglin/992BB6CE55B046B7255C380E1FB2C566_4/analysis/FileList_2015pp200trans/16068037.list  
  inflating: /tmp/tinglin/992BB6CE55B046B7255C380E1FB2C566_4/analysis/FileList_2015pp200trans/16068038.list  
  inflating: /tmp/tinglin/992BB6CE55B046B7255C380E1FB2C566_4/analysis/FileList_2015pp200trans/16093001.list  
  inflating: /tmp/tinglin/992BB6CE55B046B7255C380E1FB2C566_4/analysis/FileList_2015pp200trans/16082047.list  
  inflating: /tmp/tinglin/992BB6CE55B046B7255C380E1FB2C566_4/analysis/FileList_2015pp200trans/16087051.list  
  inflating: /tmp/tinglin/992BB6CE55B046B7255C380E1FB2C566_4/analysis/FileList_2015pp200trans/16081037.list  
  inflating: /tmp/tinglin/992BB6CE55B046B7255C380E1FB2C566_4/analysis/FileList_2015pp200trans/16069005.list  
  inflating: /tmp/tinglin/992BB6CE55B046B7255C380E1FB2C566_4/analysis/FileList_2015pp200trans/16072013.list  
  inflating: /tmp/tinglin/992BB6CE55B046B7255C380E1FB2C566_4/analysis/FileList_2015pp200trans/16073020.list  
  inflating: /tmp/tinglin/992BB6CE55B046B7255C380E1FB2C566_4/analysis/FileList_2015pp200trans/16081018.list  
  inflating: /tmp/tinglin/992BB6CE55B046B7255C380E1FB2C566_4/analysis/FileList_2015pp200trans/16081019.list  
  inflating: /tmp/tinglin/992BB6CE55B046B7255C380E1FB2C566_4/analysis/FileList_2015pp200trans/16085031.list  
  inflating: /tmp/tinglin/992BB6CE55B046B7255C380E1FB2C566_4/analysis/FileList_2015pp200trans/16079057.list  
  inflating: /tmp/tinglin/992BB6CE55B046B7255C380E1FB2C566_4/analysis/FileList_2015pp200trans/16082043.list  
  inflating: /tmp/tinglin/992BB6CE55B046B7255C380E1FB2C566_4/analysis/FileList_2015pp200trans/16082046.list  
  inflating: /tmp/tinglin/992BB6CE55B046B7255C380E1FB2C566_4/analysis/FileList_2015pp200trans/16082048.list  
  inflating: /tmp/tinglin/992BB6CE55B046B7255C380E1FB2C566_4/analysis/FileList_2015pp200trans/16073021.list  
  inflating: /tmp/tinglin/992BB6CE55B046B7255C380E1FB2C566_4/analysis/FileList_2015pp200trans/16073029.list  
  inflating: /tmp/tinglin/992BB6CE55B046B7255C380E1FB2C566_4/analysis/FileList_2015pp200trans/16073030.list  
  inflating: /tmp/tinglin/992BB6CE55B046B7255C380E1FB2C566_4/analysis/FileList_2015pp200trans/16073031.list  
  inflating: /tmp/tinglin/992BB6CE55B046B7255C380E1FB2C566_4/analysis/FileList_2015pp200trans/16072014.list  
  inflating: /tmp/tinglin/992BB6CE55B046B7255C380E1FB2C566_4/analysis/FileList_2015pp200trans/16072023.list  
  inflating: /tmp/tinglin/992BB6CE55B046B7255C380E1FB2C566_4/analysis/FileList_2015pp200trans/16079058.list  
  inflating: /tmp/tinglin/992BB6CE55B046B7255C380E1FB2C566_4/analysis/FileList_2015pp200trans/16072024.list  
  inflating: /tmp/tinglin/992BB6CE55B046B7255C380E1FB2C566_4/analysis/FileList_2015pp200trans/16082049.list  
  inflating: /tmp/tinglin/992BB6CE55B046B7255C380E1FB2C566_4/analysis/FileList_2015pp200trans/16082050.list  
  inflating: /tmp/tinglin/992BB6CE55B046B7255C380E1FB2C566_4/analysis/FileList_2015pp200trans/16079059.list  
  inflating: /tmp/tinglin/992BB6CE55B046B7255C380E1FB2C566_4/analysis/FileList_2015pp200trans/16079060.list  
  inflating: /tmp/tinglin/992BB6CE55B046B7255C380E1FB2C566_4/analysis/FileList_2015pp200trans/16079061.list  
  inflating: /tmp/tinglin/992BB6CE55B046B7255C380E1FB2C566_4/analysis/FileList_2015pp200trans/16077039.list  
  inflating: /tmp/tinglin/992BB6CE55B046B7255C380E1FB2C566_4/analysis/FileList_2015pp200trans/16077040.list  
  inflating: /tmp/tinglin/992BB6CE55B046B7255C380E1FB2C566_4/analysis/FileList_2015pp200trans/16077041.list  
  inflating: /tmp/tinglin/992BB6CE55B046B7255C380E1FB2C566_4/analysis/FileList_2015pp200trans/16077045.list  
  inflating: /tmp/tinglin/992BB6CE55B046B7255C380E1FB2C566_4/analysis/FileList_2015pp200trans/16077046.list  
  inflating: /tmp/tinglin/992BB6CE55B046B7255C380E1FB2C566_4/analysis/FileList_2015pp200trans/16077047.list  
  inflating: /tmp/tinglin/992BB6CE55B046B7255C380E1FB2C566_4/analysis/FileList_2015pp200trans/16077054.list  
  inflating: /tmp/tinglin/992BB6CE55B046B7255C380E1FB2C566_4/analysis/FileList_2015pp200trans/16077055.list  
  inflating: /tmp/tinglin/992BB6CE55B046B7255C380E1FB2C566_4/analysis/FileList_2015pp200trans/16078001.list  
  inflating: /tmp/tinglin/992BB6CE55B046B7255C380E1FB2C566_4/analysis/FileList_2015pp200trans/16079062.list  
  inflating: /tmp/tinglin/992BB6CE55B046B7255C380E1FB2C566_4/analysis/FileList_2015pp200trans/16079063.list  
  inflating: /tmp/tinglin/992BB6CE55B046B7255C380E1FB2C566_4/analysis/FileList_2015pp200trans/16090053.list  
  inflating: /tmp/tinglin/992BB6CE55B046B7255C380E1FB2C566_4/analysis/FileList_2015pp200trans/16085065.list  
  inflating: /tmp/tinglin/992BB6CE55B046B7255C380E1FB2C566_4/analysis/FileList_2015pp200trans/16085067.list  
  inflating: /tmp/tinglin/992BB6CE55B046B7255C380E1FB2C566_4/analysis/FileList_2015pp200trans/16085069.list  
  inflating: /tmp/tinglin/992BB6CE55B046B7255C380E1FB2C566_4/analysis/FileList_2015pp200trans/16085071.list  
  inflating: /tmp/tinglin/992BB6CE55B046B7255C380E1FB2C566_4/analysis/FileList_2015pp200trans/16086001.list  
  inflating: /tmp/tinglin/992BB6CE55B046B7255C380E1FB2C566_4/analysis/FileList_2015pp200trans/16081021.list  
  inflating: /tmp/tinglin/992BB6CE55B046B7255C380E1FB2C566_4/analysis/FileList_2015pp200trans/16073039.list  
  inflating: /tmp/tinglin/992BB6CE55B046B7255C380E1FB2C566_4/analysis/FileList_2015pp200trans/16073049.list  
  inflating: /tmp/tinglin/992BB6CE55B046B7255C380E1FB2C566_4/analysis/FileList_2015pp200trans/16073040.list  
  inflating: /tmp/tinglin/992BB6CE55B046B7255C380E1FB2C566_4/analysis/FileList_2015pp200trans/16073045.list  
  inflating: /tmp/tinglin/992BB6CE55B046B7255C380E1FB2C566_4/analysis/FileList_2015pp200trans/16073046.list  
  inflating: /tmp/tinglin/992BB6CE55B046B7255C380E1FB2C566_4/analysis/FileList_2015pp200trans/16073047.list  
  inflating: /tmp/tinglin/992BB6CE55B046B7255C380E1FB2C566_4/analysis/FileList_2015pp200trans/16073048.list  
  inflating: /tmp/tinglin/992BB6CE55B046B7255C380E1FB2C566_4/analysis/FileList_2015pp200trans/16081049.list  
  inflating: /tmp/tinglin/992BB6CE55B046B7255C380E1FB2C566_4/analysis/FileList_2015pp200trans/16073050.list  
  inflating: /tmp/tinglin/992BB6CE55B046B7255C380E1FB2C566_4/analysis/FileList_2015pp200trans/16092049.list  
  inflating: /tmp/tinglin/992BB6CE55B046B7255C380E1FB2C566_4/analysis/FileList_2015pp200trans/16093002.list  
  inflating: /tmp/tinglin/992BB6CE55B046B7255C380E1FB2C566_4/analysis/FileList_2015pp200trans/16092050.list  
  inflating: /tmp/tinglin/992BB6CE55B046B7255C380E1FB2C566_4/analysis/FileList_2015pp200trans/16092051.list  
  inflating: /tmp/tinglin/992BB6CE55B046B7255C380E1FB2C566_4/analysis/FileList_2015pp200trans/16093003.list  
  inflating: /tmp/tinglin/992BB6CE55B046B7255C380E1FB2C566_4/analysis/FileList_2015pp200trans/16093004.list  
  inflating: /tmp/tinglin/992BB6CE55B046B7255C380E1FB2C566_4/analysis/FileList_2015pp200trans/16079029.list  
  inflating: /tmp/tinglin/992BB6CE55B046B7255C380E1FB2C566_4/analysis/FileList_2015pp200trans/16079030.list  
  inflating: /tmp/tinglin/992BB6CE55B046B7255C380E1FB2C566_4/analysis/FileList_2015pp200trans/16079031.list  
  inflating: /tmp/tinglin/992BB6CE55B046B7255C380E1FB2C566_4/analysis/FileList_2015pp200trans/16079032.list  
  inflating: /tmp/tinglin/992BB6CE55B046B7255C380E1FB2C566_4/analysis/FileList_2015pp200trans/16079033.list  
  inflating: /tmp/tinglin/992BB6CE55B046B7255C380E1FB2C566_4/analysis/FileList_2015pp200trans/16079034.list  
  inflating: /tmp/tinglin/992BB6CE55B046B7255C380E1FB2C566_4/analysis/FileList_2015pp200trans/16082051.list  
  inflating: /tmp/tinglin/992BB6CE55B046B7255C380E1FB2C566_4/analysis/FileList_2015pp200trans/16083050.list  
  inflating: /tmp/tinglin/992BB6CE55B046B7255C380E1FB2C566_4/analysis/FileList_2015pp200trans/16069065.list  
  inflating: /tmp/tinglin/992BB6CE55B046B7255C380E1FB2C566_4/analysis/FileList_2015pp200trans/16090041.list  
  inflating: /tmp/tinglin/992BB6CE55B046B7255C380E1FB2C566_4/analysis/FileList_2015pp200trans/16090042.list  
  inflating: /tmp/tinglin/992BB6CE55B046B7255C380E1FB2C566_4/analysis/FileList_2015pp200trans/16090044.list  
  inflating: /tmp/tinglin/992BB6CE55B046B7255C380E1FB2C566_4/analysis/FileList_2015pp200trans/16090045.list  
  inflating: /tmp/tinglin/992BB6CE55B046B7255C380E1FB2C566_4/analysis/FileList_2015pp200trans/16081022.list  
  inflating: /tmp/tinglin/992BB6CE55B046B7255C380E1FB2C566_4/analysis/FileList_2015pp200trans/16081024.list  
  inflating: /tmp/tinglin/992BB6CE55B046B7255C380E1FB2C566_4/analysis/FileList_2015pp200trans/16081025.list  
  inflating: /tmp/tinglin/992BB6CE55B046B7255C380E1FB2C566_4/analysis/FileList_2015pp200trans/16081036.list  
  inflating: /tmp/tinglin/992BB6CE55B046B7255C380E1FB2C566_4/analysis/FileList_2015pp200trans/16082052.list  
  inflating: /tmp/tinglin/992BB6CE55B046B7255C380E1FB2C566_4/analysis/FileList_2015pp200trans/16081048.list  
  inflating: /tmp/tinglin/992BB6CE55B046B7255C380E1FB2C566_4/analysis/FileList_2015pp200trans/16081058.list  
  inflating: /tmp/tinglin/992BB6CE55B046B7255C380E1FB2C566_4/analysis/FileList_2015pp200trans/16081050.list  
  inflating: /tmp/tinglin/992BB6CE55B046B7255C380E1FB2C566_4/analysis/FileList_2015pp200trans/16081052.list  
  inflating: /tmp/tinglin/992BB6CE55B046B7255C380E1FB2C566_4/analysis/FileList_2015pp200trans/16081053.list  
  inflating: /tmp/tinglin/992BB6CE55B046B7255C380E1FB2C566_4/analysis/FileList_2015pp200trans/16081054.list  
  inflating: /tmp/tinglin/992BB6CE55B046B7255C380E1FB2C566_4/analysis/FileList_2015pp200trans/16081055.list  
  inflating: /tmp/tinglin/992BB6CE55B046B7255C380E1FB2C566_4/analysis/FileList_2015pp200trans/16081056.list  
  inflating: /tmp/tinglin/992BB6CE55B046B7255C380E1FB2C566_4/analysis/FileList_2015pp200trans/16069066.list  
  inflating: /tmp/tinglin/992BB6CE55B046B7255C380E1FB2C566_4/analysis/FileList_2015pp200trans/16082053.list  
  inflating: /tmp/tinglin/992BB6CE55B046B7255C380E1FB2C566_4/analysis/FileList_2015pp200trans/16080002.list  
  inflating: /tmp/tinglin/992BB6CE55B046B7255C380E1FB2C566_4/analysis/FileList_2015pp200trans/16080004.list  
  inflating: /tmp/tinglin/992BB6CE55B046B7255C380E1FB2C566_4/analysis/FileList_2015pp200trans/16082054.list  
  inflating: /tmp/tinglin/992BB6CE55B046B7255C380E1FB2C566_4/analysis/FileList_2015pp200trans/16082055.list  
  inflating: /tmp/tinglin/992BB6CE55B046B7255C380E1FB2C566_4/analysis/FileList_2015pp200trans/16082056.list  
  inflating: /tmp/tinglin/992BB6CE55B046B7255C380E1FB2C566_4/analysis/FileList_2015pp200trans/16082057.list  
  inflating: /tmp/tinglin/992BB6CE55B046B7255C380E1FB2C566_4/analysis/FileList_2015pp200trans/16083005.list  
  inflating: /tmp/tinglin/992BB6CE55B046B7255C380E1FB2C566_4/analysis/FileList_2015pp200trans/16083006.list  
  inflating: /tmp/tinglin/992BB6CE55B046B7255C380E1FB2C566_4/analysis/FileList_2015pp200trans/16078008.list  
  inflating: /tmp/tinglin/992BB6CE55B046B7255C380E1FB2C566_4/analysis/FileList_2015pp200trans/16083007.list  
  inflating: /tmp/tinglin/992BB6CE55B046B7255C380E1FB2C566_4/analysis/FileList_2015pp200trans/16083008.list  
  inflating: /tmp/tinglin/992BB6CE55B046B7255C380E1FB2C566_4/analysis/FileList_2015pp200trans/16083046.list  
  inflating: /tmp/tinglin/992BB6CE55B046B7255C380E1FB2C566_4/analysis/FileList_2015pp200trans/16079035.list  
  inflating: /tmp/tinglin/992BB6CE55B046B7255C380E1FB2C566_4/analysis/FileList_2015pp200trans/16083009.list  
  inflating: /tmp/tinglin/992BB6CE55B046B7255C380E1FB2C566_4/analysis/FileList_2015pp200trans/16079036.list  
  inflating: /tmp/tinglin/992BB6CE55B046B7255C380E1FB2C566_4/analysis/FileList_2015pp200trans/16079046.list  
  inflating: /tmp/tinglin/992BB6CE55B046B7255C380E1FB2C566_4/analysis/FileList_2015pp200trans/16079047.list  
  inflating: /tmp/tinglin/992BB6CE55B046B7255C380E1FB2C566_4/analysis/FileList_2015pp200trans/16079048.list  
  inflating: /tmp/tinglin/992BB6CE55B046B7255C380E1FB2C566_4/analysis/FileList_2015pp200trans/16083010.list  
  inflating: /tmp/tinglin/992BB6CE55B046B7255C380E1FB2C566_4/analysis/FileList_2015pp200trans/16083011.list  
  inflating: /tmp/tinglin/992BB6CE55B046B7255C380E1FB2C566_4/analysis/FileList_2015pp200trans/16083012.list  
  inflating: /tmp/tinglin/992BB6CE55B046B7255C380E1FB2C566_4/analysis/FileList_2015pp200trans/16083013.list  
  inflating: /tmp/tinglin/992BB6CE55B046B7255C380E1FB2C566_4/analysis/FileList_2015pp200trans/16083014.list  
  inflating: /tmp/tinglin/992BB6CE55B046B7255C380E1FB2C566_4/analysis/FileList_2015pp200trans/16080043.list  
  inflating: /tmp/tinglin/992BB6CE55B046B7255C380E1FB2C566_4/analysis/FileList_2015pp200trans/16085056.list  
  inflating: /tmp/tinglin/992BB6CE55B046B7255C380E1FB2C566_4/analysis/FileList_2015pp200trans/16092052.list  
  inflating: /tmp/tinglin/992BB6CE55B046B7255C380E1FB2C566_4/analysis/FileList_2015pp200trans/16092053.list  
  inflating: /tmp/tinglin/992BB6CE55B046B7255C380E1FB2C566_4/analysis/FileList_2015pp200trans/16092054.list  
  inflating: /tmp/tinglin/992BB6CE55B046B7255C380E1FB2C566_4/analysis/FileList_2015pp200trans/16083048.list  
  inflating: /tmp/tinglin/992BB6CE55B046B7255C380E1FB2C566_4/analysis/FileList_2015pp200trans/16083049.list  
  inflating: /tmp/tinglin/992BB6CE55B046B7255C380E1FB2C566_4/analysis/FileList_2015pp200trans/16083052.list  
  inflating: /tmp/tinglin/992BB6CE55B046B7255C380E1FB2C566_4/analysis/FileList_2015pp200trans/16069016.list  
  inflating: /tmp/tinglin/992BB6CE55B046B7255C380E1FB2C566_4/analysis/FileList_2015pp200trans/16083015.list  
  inflating: /tmp/tinglin/992BB6CE55B046B7255C380E1FB2C566_4/analysis/FileList_2015pp200trans/16083053.list  
  inflating: /tmp/tinglin/992BB6CE55B046B7255C380E1FB2C566_4/analysis/FileList_2015pp200trans/16083055.list  
  inflating: /tmp/tinglin/992BB6CE55B046B7255C380E1FB2C566_4/analysis/FileList_2015pp200trans/16083056.list  
  inflating: /tmp/tinglin/992BB6CE55B046B7255C380E1FB2C566_4/analysis/FileList_2015pp200trans/16085073.list  
  inflating: /tmp/tinglin/992BB6CE55B046B7255C380E1FB2C566_4/analysis/FileList_2015pp200trans/16087021.list  
  inflating: /tmp/tinglin/992BB6CE55B046B7255C380E1FB2C566_4/analysis/FileList_2015pp200trans/16090046.list  
  inflating: /tmp/tinglin/992BB6CE55B046B7255C380E1FB2C566_4/analysis/FileList_2015pp200trans/16083058.list  
  inflating: /tmp/tinglin/992BB6CE55B046B7255C380E1FB2C566_4/analysis/FileList_2015pp200trans/16083016.list  
  inflating: /tmp/tinglin/992BB6CE55B046B7255C380E1FB2C566_4/analysis/FileList_2015pp200trans/16083017.list  
  inflating: /tmp/tinglin/992BB6CE55B046B7255C380E1FB2C566_4/analysis/FileList_2015pp200trans/16087027.list  
  inflating: /tmp/tinglin/992BB6CE55B046B7255C380E1FB2C566_4/analysis/FileList_2015pp200trans/16083042.list  
  inflating: /tmp/tinglin/992BB6CE55B046B7255C380E1FB2C566_4/analysis/FileList_2015pp200trans/16083043.list  
  inflating: /tmp/tinglin/992BB6CE55B046B7255C380E1FB2C566_4/analysis/FileList_2015pp200trans/16090022.list  
  inflating: /tmp/tinglin/992BB6CE55B046B7255C380E1FB2C566_4/analysis/FileList_2015pp200trans/16090023.list  
  inflating: /tmp/tinglin/992BB6CE55B046B7255C380E1FB2C566_4/analysis/FileList_2015pp200trans/16083044.list  
  inflating: /tmp/tinglin/992BB6CE55B046B7255C380E1FB2C566_4/analysis/FileList_2015pp200trans/16089052.list  
  inflating: /tmp/tinglin/992BB6CE55B046B7255C380E1FB2C566_4/analysis/FileList_2015pp200trans/16088046.list  
  inflating: /tmp/tinglin/992BB6CE55B046B7255C380E1FB2C566_4/analysis/FileList_2015pp200trans/16085074.list  
  inflating: /tmp/tinglin/992BB6CE55B046B7255C380E1FB2C566_4/analysis/FileList_2015pp200trans/16089043.list  
  inflating: /tmp/tinglin/992BB6CE55B046B7255C380E1FB2C566_4/analysis/FileList_2015pp200trans/16086002.list  
  inflating: /tmp/tinglin/992BB6CE55B046B7255C380E1FB2C566_4/analysis/FileList_2015pp200trans/16086003.list  
  inflating: /tmp/tinglin/992BB6CE55B046B7255C380E1FB2C566_4/analysis/FileList_2015pp200trans/16086004.list  
  inflating: /tmp/tinglin/992BB6CE55B046B7255C380E1FB2C566_4/analysis/FileList_2015pp200trans/16086005.list  
  inflating: /tmp/tinglin/992BB6CE55B046B7255C380E1FB2C566_4/analysis/FileList_2015pp200trans/16089044.list  
  inflating: /tmp/tinglin/992BB6CE55B046B7255C380E1FB2C566_4/analysis/FileList_2015pp200trans/16088047.list  
  inflating: /tmp/tinglin/992BB6CE55B046B7255C380E1FB2C566_4/analysis/FileList_2015pp200trans/16091004.list  
  inflating: /tmp/tinglin/992BB6CE55B046B7255C380E1FB2C566_4/analysis/FileList_2015pp200trans/16088048.list  
  inflating: /tmp/tinglin/992BB6CE55B046B7255C380E1FB2C566_4/analysis/FileList_2015pp200trans/16080044.list  
  inflating: /tmp/tinglin/992BB6CE55B046B7255C380E1FB2C566_4/analysis/FileList_2015pp200trans/16080045.list  
  inflating: /tmp/tinglin/992BB6CE55B046B7255C380E1FB2C566_4/analysis/FileList_2015pp200trans/16080046.list  
  inflating: /tmp/tinglin/992BB6CE55B046B7255C380E1FB2C566_4/analysis/FileList_2015pp200trans/16080047.list  
  inflating: /tmp/tinglin/992BB6CE55B046B7255C380E1FB2C566_4/analysis/FileList_2015pp200trans/16080048.list  
  inflating: /tmp/tinglin/992BB6CE55B046B7255C380E1FB2C566_4/analysis/FileList_2015pp200trans/16080049.list  
  inflating: /tmp/tinglin/992BB6CE55B046B7255C380E1FB2C566_4/analysis/FileList_2015pp200trans/16080050.list  
  inflating: /tmp/tinglin/992BB6CE55B046B7255C380E1FB2C566_4/analysis/FileList_2015pp200trans/16080051.list  
  inflating: /tmp/tinglin/992BB6CE55B046B7255C380E1FB2C566_4/analysis/FileList_2015pp200trans/16080052.list  
  inflating: /tmp/tinglin/992BB6CE55B046B7255C380E1FB2C566_4/analysis/FileList_2015pp200trans/16080053.list  
  inflating: /tmp/tinglin/992BB6CE55B046B7255C380E1FB2C566_4/analysis/FileList_2015pp200trans/16080054.list  
  inflating: /tmp/tinglin/992BB6CE55B046B7255C380E1FB2C566_4/analysis/FileList_2015pp200trans/16091003.list  
  inflating: /tmp/tinglin/992BB6CE55B046B7255C380E1FB2C566_4/analysis/FileList_2015pp200trans/16093017.list  
  inflating: /tmp/tinglin/992BB6CE55B046B7255C380E1FB2C566_4/analysis/FileList_2015pp200trans/16091005.list  
  inflating: /tmp/tinglin/992BB6CE55B046B7255C380E1FB2C566_4/analysis/FileList_2015pp200trans/16091006.list  
  inflating: /tmp/tinglin/992BB6CE55B046B7255C380E1FB2C566_4/analysis/FileList_2015pp200trans/16088049.list  
  inflating: /tmp/tinglin/992BB6CE55B046B7255C380E1FB2C566_4/analysis/FileList_2015pp200trans/16090047.list  
  inflating: /tmp/tinglin/992BB6CE55B046B7255C380E1FB2C566_4/analysis/FileList_2015pp200trans/16083059.list  
  inflating: /tmp/tinglin/992BB6CE55B046B7255C380E1FB2C566_4/analysis/FileList_2015pp200trans/16090048.list  
  inflating: /tmp/tinglin/992BB6CE55B046B7255C380E1FB2C566_4/analysis/FileList_2015pp200trans/16090049.list  
  inflating: /tmp/tinglin/992BB6CE55B046B7255C380E1FB2C566_4/analysis/FileList_2015pp200trans/16090050.list  
  inflating: /tmp/tinglin/992BB6CE55B046B7255C380E1FB2C566_4/analysis/FileList_2015pp200trans/16090052.list  
  inflating: /tmp/tinglin/992BB6CE55B046B7255C380E1FB2C566_4/analysis/FileList_2015pp200trans/16088050.list  
  inflating: /tmp/tinglin/992BB6CE55B046B7255C380E1FB2C566_4/analysis/FileList_2015pp200trans/16089001.list  
  inflating: /tmp/tinglin/992BB6CE55B046B7255C380E1FB2C566_4/analysis/FileList_2015pp200trans/16089049.list  
  inflating: /tmp/tinglin/992BB6CE55B046B7255C380E1FB2C566_4/analysis/FileList_2015pp200trans/16083060.list  
  inflating: /tmp/tinglin/992BB6CE55B046B7255C380E1FB2C566_4/analysis/FileList_2015pp200trans/16084004.list  
  inflating: /tmp/tinglin/992BB6CE55B046B7255C380E1FB2C566_4/analysis/FileList_2015pp200trans/16084006.list  
  inflating: /tmp/tinglin/992BB6CE55B046B7255C380E1FB2C566_4/analysis/FileList_2015pp200trans/16084007.list  
  inflating: /tmp/tinglin/992BB6CE55B046B7255C380E1FB2C566_4/analysis/FileList_2015pp200trans/16084008.list  
  inflating: /tmp/tinglin/992BB6CE55B046B7255C380E1FB2C566_4/analysis/FileList_2015pp200trans/16089053.list  
  inflating: /tmp/tinglin/992BB6CE55B046B7255C380E1FB2C566_4/analysis/FileList_2015pp200trans/16087028.list  
  inflating: /tmp/tinglin/992BB6CE55B046B7255C380E1FB2C566_4/analysis/FileList_2015pp200trans/16087029.list  
  inflating: /tmp/tinglin/992BB6CE55B046B7255C380E1FB2C566_4/analysis/FileList_2015pp200trans/16092040.list  
  inflating: /tmp/tinglin/992BB6CE55B046B7255C380E1FB2C566_4/analysis/FileList_2015pp200trans/16089054.list  
  inflating: /tmp/tinglin/992BB6CE55B046B7255C380E1FB2C566_4/analysis/FileList_2015pp200trans/16090001.list  
  inflating: /tmp/tinglin/992BB6CE55B046B7255C380E1FB2C566_4/analysis/FileList_2015pp200trans/16092042.list  
  inflating: /tmp/tinglin/992BB6CE55B046B7255C380E1FB2C566_4/analysis/FileList_2015pp200trans/16092044.list  
  inflating: /tmp/tinglin/992BB6CE55B046B7255C380E1FB2C566_4/analysis/FileList_2015pp200trans/16080055.list  
  inflating: /tmp/tinglin/992BB6CE55B046B7255C380E1FB2C566_4/analysis/FileList_2015pp200trans/16091007.list  
  inflating: /tmp/tinglin/992BB6CE55B046B7255C380E1FB2C566_4/analysis/FileList_2015pp200trans/16091008.list  
  inflating: /tmp/tinglin/992BB6CE55B046B7255C380E1FB2C566_4/analysis/FileList_2015pp200trans/16086006.list  
  inflating: /tmp/tinglin/992BB6CE55B046B7255C380E1FB2C566_4/analysis/FileList_2015pp200trans/16086007.list  
  inflating: /tmp/tinglin/992BB6CE55B046B7255C380E1FB2C566_4/analysis/FileList_2015pp200trans/16086008.list  
  inflating: /tmp/tinglin/992BB6CE55B046B7255C380E1FB2C566_4/analysis/FileList_2015pp200trans/16086025.list  
  inflating: /tmp/tinglin/992BB6CE55B046B7255C380E1FB2C566_4/analysis/FileList_2015pp200trans/16081001.list  
  inflating: /tmp/tinglin/992BB6CE55B046B7255C380E1FB2C566_4/analysis/FileList_2015pp200trans/16081002.list  
  inflating: /tmp/tinglin/992BB6CE55B046B7255C380E1FB2C566_4/analysis/FileList_2015pp200trans/16081003.list  
  inflating: /tmp/tinglin/992BB6CE55B046B7255C380E1FB2C566_4/analysis/FileList_2015pp200trans/16081012.list  
  inflating: /tmp/tinglin/992BB6CE55B046B7255C380E1FB2C566_4/analysis/FileList_2015pp200trans/16081013.list  
  inflating: /tmp/tinglin/992BB6CE55B046B7255C380E1FB2C566_4/analysis/FileList_2015pp200trans/16092048.list  
  inflating: /tmp/tinglin/992BB6CE55B046B7255C380E1FB2C566_4/analysis/FileList_2015pp200trans/16091009.list  
  inflating: /tmp/tinglin/992BB6CE55B046B7255C380E1FB2C566_4/analysis/FileList_2015pp200trans/16091010.list  
  inflating: /tmp/tinglin/992BB6CE55B046B7255C380E1FB2C566_4/analysis/FileList_2015pp200trans/16091011.list  
  inflating: /tmp/tinglin/992BB6CE55B046B7255C380E1FB2C566_4/analysis/FileList_2015pp200trans/16091012.list  
  inflating: /tmp/tinglin/992BB6CE55B046B7255C380E1FB2C566_4/analysis/FileList_2015pp200trans/16087022.list  
  inflating: /tmp/tinglin/992BB6CE55B046B7255C380E1FB2C566_4/analysis/FileList_2015pp200trans/16087023.list  
  inflating: /tmp/tinglin/992BB6CE55B046B7255C380E1FB2C566_4/analysis/FileList_2015pp200trans/16087024.list  
  inflating: /tmp/tinglin/992BB6CE55B046B7255C380E1FB2C566_4/analysis/FileList_2015pp200trans/16087025.list  
  inflating: /tmp/tinglin/992BB6CE55B046B7255C380E1FB2C566_4/analysis/FileList_2015pp200trans/16089045.list  
  inflating: /tmp/tinglin/992BB6CE55B046B7255C380E1FB2C566_4/analysis/FileList_2015pp200trans/16089046.list  
  inflating: /tmp/tinglin/992BB6CE55B046B7255C380E1FB2C566_4/analysis/FileList_2015pp200trans/16089047.list  
  inflating: /tmp/tinglin/992BB6CE55B046B7255C380E1FB2C566_4/analysis/FileList_2015pp200trans/16089048.list  
  inflating: /tmp/tinglin/992BB6CE55B046B7255C380E1FB2C566_4/analysis/FileList_2015pp200trans/16092055.list  
  inflating: /tmp/tinglin/992BB6CE55B046B7255C380E1FB2C566_4/analysis/FileList_2015pp200trans/16092063.list  
  inflating: /tmp/tinglin/992BB6CE55B046B7255C380E1FB2C566_4/analysis/FileList_2015pp200trans/16069024.list  
  inflating: /tmp/tinglin/992BB6CE55B046B7255C380E1FB2C566_4/analysis/FileList_2015pp200trans/16069025.list  
  inflating: /tmp/tinglin/992BB6CE55B046B7255C380E1FB2C566_4/analysis/FileList_2015pp200trans/16069026.list  
  inflating: /tmp/tinglin/992BB6CE55B046B7255C380E1FB2C566_4/analysis/FileList_2015pp200trans/16069027.list  
  inflating: /tmp/tinglin/992BB6CE55B046B7255C380E1FB2C566_4/analysis/FileList_2015pp200trans/16069028.list  
  inflating: /tmp/tinglin/992BB6CE55B046B7255C380E1FB2C566_4/analysis/FileList_2015pp200trans/16069029.list  
  inflating: /tmp/tinglin/992BB6CE55B046B7255C380E1FB2C566_4/analysis/FileList_2015pp200trans/16069030.list  
  inflating: /tmp/tinglin/992BB6CE55B046B7255C380E1FB2C566_4/analysis/FileList_2015pp200trans/16079021.list  
  inflating: /tmp/tinglin/992BB6CE55B046B7255C380E1FB2C566_4/analysis/FileList_2015pp200trans/16068039.list  
  inflating: /tmp/tinglin/992BB6CE55B046B7255C380E1FB2C566_4/analysis/FileList_2015pp200trans/16068040.list  
  inflating: /tmp/tinglin/992BB6CE55B046B7255C380E1FB2C566_4/analysis/FileList_2015pp200trans/16068042.list  
  inflating: /tmp/tinglin/992BB6CE55B046B7255C380E1FB2C566_4/analysis/FileList_2015pp200trans/16068056.list  
  inflating: /tmp/tinglin/992BB6CE55B046B7255C380E1FB2C566_4/analysis/FileList_2015pp200trans/16068057.list  
  inflating: /tmp/tinglin/992BB6CE55B046B7255C380E1FB2C566_4/analysis/FileList_2015pp200trans/16068058.list  
  inflating: /tmp/tinglin/992BB6CE55B046B7255C380E1FB2C566_4/analysis/FileList_2015pp200trans/16069001.list  
  inflating: /tmp/tinglin/992BB6CE55B046B7255C380E1FB2C566_4/analysis/FileList_2015pp200trans/16069002.list  
  inflating: /tmp/tinglin/992BB6CE55B046B7255C380E1FB2C566_4/analysis/FileList_2015pp200trans/16069031.list  
  inflating: /tmp/tinglin/992BB6CE55B046B7255C380E1FB2C566_4/analysis/FileList_2015pp200trans/16069003.list  
  inflating: /tmp/tinglin/992BB6CE55B046B7255C380E1FB2C566_4/analysis/FileList_2015pp200trans/16069032.list  
  inflating: /tmp/tinglin/992BB6CE55B046B7255C380E1FB2C566_4/analysis/FileList_2015pp200trans/16069033.list  
  inflating: /tmp/tinglin/992BB6CE55B046B7255C380E1FB2C566_4/analysis/FileList_2015pp200trans/16069004.list  
  inflating: /tmp/tinglin/992BB6CE55B046B7255C380E1FB2C566_4/analysis/FileList_2015pp200trans/16069006.list  
  inflating: /tmp/tinglin/992BB6CE55B046B7255C380E1FB2C566_4/analysis/FileList_2015pp200trans/16069007.list  
  inflating: /tmp/tinglin/992BB6CE55B046B7255C380E1FB2C566_4/analysis/FileList_2015pp200trans/16069009.list  
  inflating: /tmp/tinglin/992BB6CE55B046B7255C380E1FB2C566_4/analysis/FileList_2015pp200trans/16069010.list  
  inflating: /tmp/tinglin/992BB6CE55B046B7255C380E1FB2C566_4/analysis/FileList_2015pp200trans/16069011.list  
  inflating: /tmp/tinglin/992BB6CE55B046B7255C380E1FB2C566_4/analysis/FileList_2015pp200trans/16069012.list  
  inflating: /tmp/tinglin/992BB6CE55B046B7255C380E1FB2C566_4/analysis/FileList_2015pp200trans/16069034.list  
  inflating: /tmp/tinglin/992BB6CE55B046B7255C380E1FB2C566_4/analysis/FileList_2015pp200trans/16069035.list  
  inflating: /tmp/tinglin/992BB6CE55B046B7255C380E1FB2C566_4/analysis/FileList_2015pp200trans/16069036.list  
  inflating: /tmp/tinglin/992BB6CE55B046B7255C380E1FB2C566_4/analysis/FileList_2015pp200trans/16069038.list  
  inflating: /tmp/tinglin/992BB6CE55B046B7255C380E1FB2C566_4/analysis/FileList_2015pp200trans/16069039.list  
  inflating: /tmp/tinglin/992BB6CE55B046B7255C380E1FB2C566_4/analysis/FileList_2015pp200trans/16069040.list  
  inflating: /tmp/tinglin/992BB6CE55B046B7255C380E1FB2C566_4/analysis/FileList_2015pp200trans/16069041.list  
  inflating: /tmp/tinglin/992BB6CE55B046B7255C380E1FB2C566_4/analysis/FileList_2015pp200trans/16087004.list  
  inflating: /tmp/tinglin/992BB6CE55B046B7255C380E1FB2C566_4/analysis/FileList_2015pp200trans/16069042.list  
  inflating: /tmp/tinglin/992BB6CE55B046B7255C380E1FB2C566_4/analysis/FileList_2015pp200trans/16084011.list  
  inflating: /tmp/tinglin/992BB6CE55B046B7255C380E1FB2C566_4/analysis/FileList_2015pp200trans/16069053.list  
  inflating: /tmp/tinglin/992BB6CE55B046B7255C380E1FB2C566_4/analysis/FileList_2015pp200trans/16071062.list  
  inflating: /tmp/tinglin/992BB6CE55B046B7255C380E1FB2C566_4/analysis/FileList_2015pp200trans/16069054.list  
  inflating: /tmp/tinglin/992BB6CE55B046B7255C380E1FB2C566_4/analysis/FileList_2015pp200trans/16071078.list  
  inflating: /tmp/tinglin/992BB6CE55B046B7255C380E1FB2C566_4/analysis/FileList_2015pp200trans/16069055.list  
  inflating: /tmp/tinglin/992BB6CE55B046B7255C380E1FB2C566_4/analysis/FileList_2015pp200trans/16085026.list  
  inflating: /tmp/tinglin/992BB6CE55B046B7255C380E1FB2C566_4/analysis/FileList_2015pp200trans/16084013.list  
  inflating: /tmp/tinglin/992BB6CE55B046B7255C380E1FB2C566_4/analysis/FileList_2015pp200trans/16084014.list  
  inflating: /tmp/tinglin/992BB6CE55B046B7255C380E1FB2C566_4/analysis/FileList_2015pp200trans/16084015.list  
  inflating: /tmp/tinglin/992BB6CE55B046B7255C380E1FB2C566_4/analysis/FileList_2015pp200trans/16085007.list  
  inflating: /tmp/tinglin/992BB6CE55B046B7255C380E1FB2C566_4/analysis/FileList_2015pp200trans/16085008.list  
  inflating: /tmp/tinglin/992BB6CE55B046B7255C380E1FB2C566_4/analysis/FileList_2015pp200trans/16085009.list  
  inflating: /tmp/tinglin/992BB6CE55B046B7255C380E1FB2C566_4/analysis/FileList_2015pp200trans/16085011.list  
  inflating: /tmp/tinglin/992BB6CE55B046B7255C380E1FB2C566_4/analysis/FileList_2015pp200trans/16085012.list  
  inflating: /tmp/tinglin/992BB6CE55B046B7255C380E1FB2C566_4/analysis/FileList_2015pp200trans/16085014.list  
  inflating: /tmp/tinglin/992BB6CE55B046B7255C380E1FB2C566_4/analysis/FileList_2015pp200trans/16078010.list  
  inflating: /tmp/tinglin/992BB6CE55B046B7255C380E1FB2C566_4/analysis/FileList_2015pp200trans/16078011.list  
  inflating: /tmp/tinglin/992BB6CE55B046B7255C380E1FB2C566_4/analysis/FileList_2015pp200trans/16069062.list  
  inflating: /tmp/tinglin/992BB6CE55B046B7255C380E1FB2C566_4/analysis/FileList_2015pp200trans/16072042.list  
  inflating: /tmp/tinglin/992BB6CE55B046B7255C380E1FB2C566_4/analysis/FileList_2015pp200trans/16072003.list  
  inflating: /tmp/tinglin/992BB6CE55B046B7255C380E1FB2C566_4/analysis/FileList_2015pp200trans/16085024.list  
  inflating: /tmp/tinglin/992BB6CE55B046B7255C380E1FB2C566_4/analysis/FileList_2015pp200trans/16072036.list  
  inflating: /tmp/tinglin/992BB6CE55B046B7255C380E1FB2C566_4/analysis/FileList_2015pp200trans/16072038.list  
  inflating: /tmp/tinglin/992BB6CE55B046B7255C380E1FB2C566_4/analysis/FileList_2015pp200trans/16072039.list  
  inflating: /tmp/tinglin/992BB6CE55B046B7255C380E1FB2C566_4/analysis/FileList_2015pp200trans/16072040.list  
  inflating: /tmp/tinglin/992BB6CE55B046B7255C380E1FB2C566_4/analysis/FileList_2015pp200trans/16072041.list  
  inflating: /tmp/tinglin/992BB6CE55B046B7255C380E1FB2C566_4/analysis/FileList_2015pp200trans/16071079.list  
  inflating: /tmp/tinglin/992BB6CE55B046B7255C380E1FB2C566_4/analysis/FileList_2015pp200trans/16069063.list  
  inflating: /tmp/tinglin/992BB6CE55B046B7255C380E1FB2C566_4/analysis/FileList_2015pp200trans/16085025.list  
  inflating: /tmp/tinglin/992BB6CE55B046B7255C380E1FB2C566_4/analysis/FileList_2015pp200trans/16086026.list  
  inflating: /tmp/tinglin/992BB6CE55B046B7255C380E1FB2C566_4/analysis/FileList_2015pp200trans/16085027.list  
  inflating: /tmp/tinglin/992BB6CE55B046B7255C380E1FB2C566_4/analysis/FileList_2015pp200trans/16085028.list  
  inflating: /tmp/tinglin/992BB6CE55B046B7255C380E1FB2C566_4/analysis/FileList_2015pp200trans/16072006.list  
  inflating: /tmp/tinglin/992BB6CE55B046B7255C380E1FB2C566_4/analysis/FileList_2015pp200trans/16092064.list  
  inflating: /tmp/tinglin/992BB6CE55B046B7255C380E1FB2C566_4/analysis/FileList_2015pp200trans/16087030.list  
  inflating: /tmp/tinglin/992BB6CE55B046B7255C380E1FB2C566_4/analysis/FileList_2015pp200trans/16087031.list  
  inflating: /tmp/tinglin/992BB6CE55B046B7255C380E1FB2C566_4/analysis/FileList_2015pp200trans/16087032.list  
  inflating: /tmp/tinglin/992BB6CE55B046B7255C380E1FB2C566_4/analysis/FileList_2015pp200trans/16089050.list  
  inflating: /tmp/tinglin/992BB6CE55B046B7255C380E1FB2C566_4/analysis/FileList_2015pp200trans/16087033.list  
  inflating: /tmp/tinglin/992BB6CE55B046B7255C380E1FB2C566_4/analysis/FileList_2015pp200trans/16089051.list  
  inflating: /tmp/tinglin/992BB6CE55B046B7255C380E1FB2C566_4/analysis/FileList_2015pp200trans/16069064.list  
  inflating: /tmp/tinglin/992BB6CE55B046B7255C380E1FB2C566_4/analysis/FileList_2015pp200trans/16085029.list  
  inflating: /tmp/tinglin/992BB6CE55B046B7255C380E1FB2C566_4/analysis/FileList_2015pp200trans/16069067.list  
  inflating: /tmp/tinglin/992BB6CE55B046B7255C380E1FB2C566_4/analysis/FileList_2015pp200trans/16070003.list  
  inflating: /tmp/tinglin/992BB6CE55B046B7255C380E1FB2C566_4/analysis/FileList_2015pp200trans/16086027.list  
  inflating: /tmp/tinglin/992BB6CE55B046B7255C380E1FB2C566_4/analysis/FileList_2015pp200trans/16071076.list  
  inflating: /tmp/tinglin/992BB6CE55B046B7255C380E1FB2C566_4/analysis/FileList_2015pp200trans/16071077.list  
  inflating: /tmp/tinglin/992BB6CE55B046B7255C380E1FB2C566_4/analysis/FileList_2015pp200trans/16085032.list  
  inflating: /tmp/tinglin/992BB6CE55B046B7255C380E1FB2C566_4/analysis/FileList_2015pp200trans/16085033.list  
  inflating: /tmp/tinglin/992BB6CE55B046B7255C380E1FB2C566_4/analysis/FileList_2015pp200trans/16070004.list  
  inflating: /tmp/tinglin/992BB6CE55B046B7255C380E1FB2C566_4/analysis/FileList_2015pp200trans/16070005.list  
  inflating: /tmp/tinglin/992BB6CE55B046B7255C380E1FB2C566_4/analysis/FileList_2015pp200trans/16085035.list  
  inflating: /tmp/tinglin/992BB6CE55B046B7255C380E1FB2C566_4/analysis/FileList_2015pp200trans/16085036.list  
  inflating: /tmp/tinglin/992BB6CE55B046B7255C380E1FB2C566_4/analysis/FileList_2015pp200trans/16085037.list  
  inflating: /tmp/tinglin/992BB6CE55B046B7255C380E1FB2C566_4/analysis/FileList_2015pp200trans/16085051.list  
  inflating: /tmp/tinglin/992BB6CE55B046B7255C380E1FB2C566_4/analysis/FileList_2015pp200trans/16085052.list  
  inflating: /tmp/tinglin/992BB6CE55B046B7255C380E1FB2C566_4/analysis/FileList_2015pp200trans/16085054.list  
  inflating: /tmp/tinglin/992BB6CE55B046B7255C380E1FB2C566_4/analysis/FileList_2015pp200trans/16070006.list  
  inflating: /tmp/tinglin/992BB6CE55B046B7255C380E1FB2C566_4/analysis/FileList_2015pp200trans/16073032.list  
  inflating: /tmp/tinglin/992BB6CE55B046B7255C380E1FB2C566_4/analysis/FileList_2015pp200trans/16072007.list  
  inflating: /tmp/tinglin/992BB6CE55B046B7255C380E1FB2C566_4/analysis/FileList_2015pp200trans/16072043.list  
  inflating: /tmp/tinglin/992BB6CE55B046B7255C380E1FB2C566_4/analysis/FileList_2015pp200trans/16072012.list  
  inflating: /tmp/tinglin/992BB6CE55B046B7255C380E1FB2C566_4/analysis/FileList_2015pp200trans/16085055.list  
  inflating: /tmp/tinglin/992BB6CE55B046B7255C380E1FB2C566_4/analysis/FileList_2015pp200trans/16072008.list  
  inflating: /tmp/tinglin/992BB6CE55B046B7255C380E1FB2C566_4/analysis/FileList_2015pp200trans/16072009.list  
  inflating: /tmp/tinglin/992BB6CE55B046B7255C380E1FB2C566_4/analysis/FileList_2015pp200trans/16072010.list  
  inflating: /tmp/tinglin/992BB6CE55B046B7255C380E1FB2C566_4/analysis/FileList_2015pp200trans/16070008.list  
  inflating: /tmp/tinglin/992BB6CE55B046B7255C380E1FB2C566_4/analysis/FileList_2015pp200trans/16072001.list  
  inflating: /tmp/tinglin/992BB6CE55B046B7255C380E1FB2C566_4/analysis/FileList_2015pp200trans/16072058.list  
  inflating: /tmp/tinglin/992BB6CE55B046B7255C380E1FB2C566_4/analysis/FileList_2015pp200trans/16070009.list  
  inflating: /tmp/tinglin/992BB6CE55B046B7255C380E1FB2C566_4/analysis/FileList_2015pp200trans/16078012.list  
  inflating: /tmp/tinglin/992BB6CE55B046B7255C380E1FB2C566_4/analysis/FileList_2015pp200trans/16072025.list  
  inflating: /tmp/tinglin/992BB6CE55B046B7255C380E1FB2C566_4/analysis/FileList_2015pp200trans/16070010.list  
  inflating: /tmp/tinglin/992BB6CE55B046B7255C380E1FB2C566_4/analysis/FileList_2015pp200trans/16070012.list  
  inflating: /tmp/tinglin/992BB6CE55B046B7255C380E1FB2C566_4/analysis/FileList_2015pp200trans/16070014.list  
  inflating: /tmp/tinglin/992BB6CE55B046B7255C380E1FB2C566_4/analysis/FileList_2015pp200trans/16070015.list  
  inflating: /tmp/tinglin/992BB6CE55B046B7255C380E1FB2C566_4/analysis/FileList_2015pp200trans/16071050.list  
  inflating: /tmp/tinglin/992BB6CE55B046B7255C380E1FB2C566_4/analysis/FileList_2015pp200trans/16071051.list  
  inflating: /tmp/tinglin/992BB6CE55B046B7255C380E1FB2C566_4/analysis/FileList_2015pp200trans/16071052.list  
  inflating: /tmp/tinglin/992BB6CE55B046B7255C380E1FB2C566_4/analysis/FileList_2015pp200trans/16071053.list  
  inflating: /tmp/tinglin/992BB6CE55B046B7255C380E1FB2C566_4/analysis/FileList_2015pp200trans/16071054.list  
  inflating: /tmp/tinglin/992BB6CE55B046B7255C380E1FB2C566_4/analysis/FileList_2015pp200trans/16071055.list  
  inflating: /tmp/tinglin/992BB6CE55B046B7255C380E1FB2C566_4/analysis/FileList_2015pp200trans/16071056.list  
  inflating: /tmp/tinglin/992BB6CE55B046B7255C380E1FB2C566_4/analysis/FileList_2015pp200trans/16071058.list  
  inflating: /tmp/tinglin/992BB6CE55B046B7255C380E1FB2C566_4/analysis/FileList_2015pp200trans/16071059.list  
  inflating: /tmp/tinglin/992BB6CE55B046B7255C380E1FB2C566_4/analysis/FileList_2015pp200trans/16071060.list  
  inflating: /tmp/tinglin/992BB6CE55B046B7255C380E1FB2C566_4/analysis/FileList_2015pp200trans/16071061.list  
  inflating: /tmp/tinglin/992BB6CE55B046B7255C380E1FB2C566_4/analysis/FileList_2015pp200trans/16072002.list  
  inflating: /tmp/tinglin/992BB6CE55B046B7255C380E1FB2C566_4/analysis/FileList_2015pp200trans/16072026.list  
  inflating: /tmp/tinglin/992BB6CE55B046B7255C380E1FB2C566_4/analysis/FileList_2015pp200trans/16072033.list  
  inflating: /tmp/tinglin/992BB6CE55B046B7255C380E1FB2C566_4/analysis/FileList_2015pp200trans/16072034.list  
  inflating: /tmp/tinglin/992BB6CE55B046B7255C380E1FB2C566_4/analysis/FileList_2015pp200trans/16072035.list  
  inflating: /tmp/tinglin/992BB6CE55B046B7255C380E1FB2C566_4/analysis/FileList_2015pp200trans/16078013.list  
  inflating: /tmp/tinglin/992BB6CE55B046B7255C380E1FB2C566_4/analysis/FileList_2015pp200trans/16078014.list  
  inflating: /tmp/tinglin/992BB6CE55B046B7255C380E1FB2C566_4/analysis/FileList_2015pp200trans/16086028.list  
  inflating: /tmp/tinglin/992BB6CE55B046B7255C380E1FB2C566_4/analysis/FileList_2015pp200trans/16072059.list  
  inflating: /tmp/tinglin/992BB6CE55B046B7255C380E1FB2C566_4/analysis/FileList_2015pp200trans/16072060.list  
  inflating: /tmp/tinglin/992BB6CE55B046B7255C380E1FB2C566_4/analysis/FileList_2015pp200trans/16086030.list  
  inflating: /tmp/tinglin/992BB6CE55B046B7255C380E1FB2C566_4/analysis/FileList_2015pp200trans/16072061.list  
  inflating: /tmp/tinglin/992BB6CE55B046B7255C380E1FB2C566_4/analysis/FileList_2015pp200trans/16072062.list  
  inflating: /tmp/tinglin/992BB6CE55B046B7255C380E1FB2C566_4/analysis/FileList_2015pp200trans/16073001.list  
  inflating: /tmp/tinglin/992BB6CE55B046B7255C380E1FB2C566_4/analysis/FileList_2015pp200trans/16073010.list  
  inflating: /tmp/tinglin/992BB6CE55B046B7255C380E1FB2C566_4/analysis/FileList_2015pp200trans/16073012.list  
  inflating: /tmp/tinglin/992BB6CE55B046B7255C380E1FB2C566_4/analysis/FileList_2015pp200trans/16073013.list  
  inflating: /tmp/tinglin/992BB6CE55B046B7255C380E1FB2C566_4/analysis/FileList_2015pp200trans/16073017.list  
  inflating: /tmp/tinglin/992BB6CE55B046B7255C380E1FB2C566_4/analysis/FileList_2015pp200trans/16073018.list  
  inflating: /tmp/tinglin/992BB6CE55B046B7255C380E1FB2C566_4/analysis/FileList_2015pp200trans/16073019.list  
  inflating: /tmp/tinglin/992BB6CE55B046B7255C380E1FB2C566_4/analysis/FileList_2015pp200trans/16073033.list  
  inflating: /tmp/tinglin/992BB6CE55B046B7255C380E1FB2C566_4/analysis/FileList_2015pp200trans/16073034.list  
  inflating: /tmp/tinglin/992BB6CE55B046B7255C380E1FB2C566_4/analysis/FileList_2015pp200trans/16073035.list  
  inflating: /tmp/tinglin/992BB6CE55B046B7255C380E1FB2C566_4/analysis/FileList_2015pp200trans/16077021.list  
  inflating: /tmp/tinglin/992BB6CE55B046B7255C380E1FB2C566_4/analysis/FileList_2015pp200trans/16077027.list  
  inflating: /tmp/tinglin/992BB6CE55B046B7255C380E1FB2C566_4/analysis/FileList_2015pp200trans/16077028.list  
  inflating: /tmp/tinglin/992BB6CE55B046B7255C380E1FB2C566_4/analysis/FileList_2015pp200trans/16077029.list  
  inflating: /tmp/tinglin/992BB6CE55B046B7255C380E1FB2C566_4/analysis/FileList_2015pp200trans/16077030.list  
  inflating: /tmp/tinglin/992BB6CE55B046B7255C380E1FB2C566_4/analysis/FileList_2015pp200trans/16077031.list  
  inflating: /tmp/tinglin/992BB6CE55B046B7255C380E1FB2C566_4/analysis/FileList_2015pp200trans/16077032.list  
  inflating: /tmp/tinglin/992BB6CE55B046B7255C380E1FB2C566_4/analysis/FileList_2015pp200trans/16077033.list  
  inflating: /tmp/tinglin/992BB6CE55B046B7255C380E1FB2C566_4/analysis/FileList_2015pp200trans/16077034.list  
  inflating: /tmp/tinglin/992BB6CE55B046B7255C380E1FB2C566_4/analysis/FileList_2015pp200trans/16077037.list  
  inflating: /tmp/tinglin/992BB6CE55B046B7255C380E1FB2C566_4/analysis/FileList_2015pp200trans/16078028.list  
  inflating: /tmp/tinglin/992BB6CE55B046B7255C380E1FB2C566_4/analysis/FileList_2015pp200trans/16078029.list  
  inflating: /tmp/tinglin/992BB6CE55B046B7255C380E1FB2C566_4/analysis/FileList_2015pp200trans/16078030.list  
  inflating: /tmp/tinglin/992BB6CE55B046B7255C380E1FB2C566_4/analysis/FileList_2015pp200trans/16078031.list  
  inflating: /tmp/tinglin/992BB6CE55B046B7255C380E1FB2C566_4/analysis/FileList_2015pp200trans/16078032.list  
  inflating: /tmp/tinglin/992BB6CE55B046B7255C380E1FB2C566_4/analysis/FileList_2015pp200trans/16078033.list  
  inflating: /tmp/tinglin/992BB6CE55B046B7255C380E1FB2C566_4/analysis/FileList_2015pp200trans/16078034.list  
  inflating: /tmp/tinglin/992BB6CE55B046B7255C380E1FB2C566_4/analysis/FileList_2015pp200trans/16078035.list  
  inflating: /tmp/tinglin/992BB6CE55B046B7255C380E1FB2C566_4/analysis/FileList_2015pp200trans/16078036.list  
  inflating: /tmp/tinglin/992BB6CE55B046B7255C380E1FB2C566_4/analysis/FileList_2015pp200trans/16078037.list  
  inflating: /tmp/tinglin/992BB6CE55B046B7255C380E1FB2C566_4/analysis/FileList_2015pp200trans/16078038.list  
  inflating: /tmp/tinglin/992BB6CE55B046B7255C380E1FB2C566_4/analysis/FileList_2015pp200trans/16078039.list  
  inflating: /tmp/tinglin/992BB6CE55B046B7255C380E1FB2C566_4/analysis/FileList_2015pp200trans/16078040.list  
  inflating: /tmp/tinglin/992BB6CE55B046B7255C380E1FB2C566_4/analysis/FileList_2015pp200trans/16078041.list  
  inflating: /tmp/tinglin/992BB6CE55B046B7255C380E1FB2C566_4/analysis/FileList_2015pp200trans/16078042.list  
  inflating: /tmp/tinglin/992BB6CE55B046B7255C380E1FB2C566_4/analysis/FileList_2015pp200trans/16078056.list  
  inflating: /tmp/tinglin/992BB6CE55B046B7255C380E1FB2C566_4/analysis/FileList_2015pp200trans/16079001.list  
  inflating: /tmp/tinglin/992BB6CE55B046B7255C380E1FB2C566_4/analysis/FileList_2015pp200trans/16079010.list  
  inflating: /tmp/tinglin/992BB6CE55B046B7255C380E1FB2C566_4/analysis/FileList_2015pp200trans/16079011.list  
  inflating: /tmp/tinglin/992BB6CE55B046B7255C380E1FB2C566_4/analysis/FileList_2015pp200trans/16079013.list  
  inflating: /tmp/tinglin/992BB6CE55B046B7255C380E1FB2C566_4/analysis/FileList_2015pp200trans/16079014.list  
  inflating: /tmp/tinglin/992BB6CE55B046B7255C380E1FB2C566_4/analysis/FileList_2015pp200trans/16079015.list  
  inflating: /tmp/tinglin/992BB6CE55B046B7255C380E1FB2C566_4/analysis/FileList_2015pp200trans/16079016.list  
  inflating: /tmp/tinglin/992BB6CE55B046B7255C380E1FB2C566_4/analysis/FileList_2015pp200trans/16079017.list  
  inflating: /tmp/tinglin/992BB6CE55B046B7255C380E1FB2C566_4/analysis/FileList_2015pp200trans/16079018.list  
  inflating: /tmp/tinglin/992BB6CE55B046B7255C380E1FB2C566_4/analysis/FileList_2015pp200trans/16079019.list  
  inflating: /tmp/tinglin/992BB6CE55B046B7255C380E1FB2C566_4/analysis/FileList_2015pp200trans/16079020.list  
  inflating: /tmp/tinglin/992BB6CE55B046B7255C380E1FB2C566_4/analysis/FileList_2015pp200trans/16079022.list  
  inflating: /tmp/tinglin/992BB6CE55B046B7255C380E1FB2C566_4/analysis/FileList_2015pp200trans/16079023.list  
  inflating: /tmp/tinglin/992BB6CE55B046B7255C380E1FB2C566_4/analysis/FileList_2015pp200trans/16086031.list  
  inflating: /tmp/tinglin/992BB6CE55B046B7255C380E1FB2C566_4/analysis/FileList_2015pp200trans/16079024.list  
  inflating: /tmp/tinglin/992BB6CE55B046B7255C380E1FB2C566_4/analysis/FileList_2015pp200trans/16079027.list  
  inflating: /tmp/tinglin/992BB6CE55B046B7255C380E1FB2C566_4/analysis/FileList_2015pp200trans/16086032.list  
  inflating: /tmp/tinglin/992BB6CE55B046B7255C380E1FB2C566_4/analysis/FileList_2015pp200trans/16086033.list  
  inflating: /tmp/tinglin/992BB6CE55B046B7255C380E1FB2C566_4/analysis/FileList_2015pp200trans/16086034.list  
  inflating: /tmp/tinglin/992BB6CE55B046B7255C380E1FB2C566_4/analysis/FileList_2015pp200trans/16086035.list  
  inflating: /tmp/tinglin/992BB6CE55B046B7255C380E1FB2C566_4/analysis/FileList_2015pp200trans/16086036.list  
  inflating: /tmp/tinglin/992BB6CE55B046B7255C380E1FB2C566_4/analysis/FileList_2015pp200trans/16086037.list  
  inflating: /tmp/tinglin/992BB6CE55B046B7255C380E1FB2C566_4/analysis/FileList_2015pp200trans/16079049.list  
  inflating: /tmp/tinglin/992BB6CE55B046B7255C380E1FB2C566_4/analysis/FileList_2015pp200trans/16079052.list  
  inflating: /tmp/tinglin/992BB6CE55B046B7255C380E1FB2C566_4/analysis/FileList_2015pp200trans/16079054.list  
  inflating: /tmp/tinglin/992BB6CE55B046B7255C380E1FB2C566_4/analysis/FileList_2015pp200trans/16086038.list  
  inflating: /tmp/tinglin/992BB6CE55B046B7255C380E1FB2C566_4/analysis/FileList_2015pp200trans/16080005.list  
  inflating: /tmp/tinglin/992BB6CE55B046B7255C380E1FB2C566_4/analysis/FileList_2015pp200trans/16080006.list  
  inflating: /tmp/tinglin/992BB6CE55B046B7255C380E1FB2C566_4/analysis/FileList_2015pp200trans/16080012.list  
  inflating: /tmp/tinglin/992BB6CE55B046B7255C380E1FB2C566_4/analysis/FileList_2015pp200trans/16080013.list  
  inflating: /tmp/tinglin/992BB6CE55B046B7255C380E1FB2C566_4/analysis/FileList_2015pp200trans/16091013.list  
  inflating: /tmp/tinglin/992BB6CE55B046B7255C380E1FB2C566_4/analysis/FileList_2015pp200trans/16091014.list  
  inflating: /tmp/tinglin/992BB6CE55B046B7255C380E1FB2C566_4/analysis/FileList_2015pp200trans/16091057.list  
  inflating: /tmp/tinglin/992BB6CE55B046B7255C380E1FB2C566_4/analysis/FileList_2015pp200trans/16091061.list  
  inflating: /tmp/tinglin/992BB6CE55B046B7255C380E1FB2C566_4/analysis/FileList_2015pp200trans/16086039.list  
  inflating: /tmp/tinglin/992BB6CE55B046B7255C380E1FB2C566_4/analysis/FileList_2015pp200trans/16080014.list  
  inflating: /tmp/tinglin/992BB6CE55B046B7255C380E1FB2C566_4/analysis/FileList_2015pp200trans/16080015.list  
  inflating: /tmp/tinglin/992BB6CE55B046B7255C380E1FB2C566_4/analysis/FileList_2015pp200trans/16086040.list  
  inflating: /tmp/tinglin/992BB6CE55B046B7255C380E1FB2C566_4/analysis/FileList_2015pp200trans/16090002.list  
  inflating: /tmp/tinglin/992BB6CE55B046B7255C380E1FB2C566_4/analysis/FileList_2015pp200trans/16090003.list  
  inflating: /tmp/tinglin/992BB6CE55B046B7255C380E1FB2C566_4/analysis/FileList_2015pp200trans/16090004.list  
  inflating: /tmp/tinglin/992BB6CE55B046B7255C380E1FB2C566_4/analysis/FileList_2015pp200trans/16080020.list  
  inflating: /tmp/tinglin/992BB6CE55B046B7255C380E1FB2C566_4/analysis/FileList_2015pp200trans/16080021.list  
  inflating: /tmp/tinglin/992BB6CE55B046B7255C380E1FB2C566_4/analysis/FileList_2015pp200trans/16080022.list  
  inflating: /tmp/tinglin/992BB6CE55B046B7255C380E1FB2C566_4/analysis/FileList_2015pp200trans/16080023.list  
  inflating: /tmp/tinglin/992BB6CE55B046B7255C380E1FB2C566_4/analysis/FileList_2015pp200trans/16080024.list  
  inflating: /tmp/tinglin/992BB6CE55B046B7255C380E1FB2C566_4/analysis/FileList_2015pp200trans/16080025.list  
  inflating: /tmp/tinglin/992BB6CE55B046B7255C380E1FB2C566_4/analysis/FileList_2015pp200trans/16080026.list  
  inflating: /tmp/tinglin/992BB6CE55B046B7255C380E1FB2C566_4/analysis/FileList_2015pp200trans/16080027.list  
  inflating: /tmp/tinglin/992BB6CE55B046B7255C380E1FB2C566_4/analysis/FileList_2015pp200trans/16080028.list  
  inflating: /tmp/tinglin/992BB6CE55B046B7255C380E1FB2C566_4/analysis/FileList_2015pp200trans/16080029.list  
  inflating: /tmp/tinglin/992BB6CE55B046B7255C380E1FB2C566_4/analysis/FileList_2015pp200trans/16080030.list  
  inflating: /tmp/tinglin/992BB6CE55B046B7255C380E1FB2C566_4/analysis/FileList_2015pp200trans/16080031.list  
  inflating: /tmp/tinglin/992BB6CE55B046B7255C380E1FB2C566_4/analysis/FileList_2015pp200trans/16080032.list  
  inflating: /tmp/tinglin/992BB6CE55B046B7255C380E1FB2C566_4/analysis/FileList_2015pp200trans/16080033.list  
  inflating: /tmp/tinglin/992BB6CE55B046B7255C380E1FB2C566_4/analysis/FileList_2015pp200trans/16081015.list  
  inflating: /tmp/tinglin/992BB6CE55B046B7255C380E1FB2C566_4/analysis/FileList_2015pp200trans/16081057.list  
  inflating: /tmp/tinglin/992BB6CE55B046B7255C380E1FB2C566_4/analysis/FileList_2015pp200trans/16090005.list  
  inflating: /tmp/tinglin/992BB6CE55B046B7255C380E1FB2C566_4/analysis/FileList_2015pp200trans/16081059.list  
  inflating: /tmp/tinglin/992BB6CE55B046B7255C380E1FB2C566_4/analysis/FileList_2015pp200trans/16081060.list  
  inflating: /tmp/tinglin/992BB6CE55B046B7255C380E1FB2C566_4/analysis/FileList_2015pp200trans/16081061.list  
  inflating: /tmp/tinglin/992BB6CE55B046B7255C380E1FB2C566_4/analysis/FileList_2015pp200trans/16082001.list  
  inflating: /tmp/tinglin/992BB6CE55B046B7255C380E1FB2C566_4/analysis/FileList_2015pp200trans/16082002.list  
  inflating: /tmp/tinglin/992BB6CE55B046B7255C380E1FB2C566_4/analysis/FileList_2015pp200trans/16082012.list  
  inflating: /tmp/tinglin/992BB6CE55B046B7255C380E1FB2C566_4/analysis/FileList_2015pp200trans/16082013.list  
  inflating: /tmp/tinglin/992BB6CE55B046B7255C380E1FB2C566_4/analysis/FileList_2015pp200trans/16082017.list  
  inflating: /tmp/tinglin/992BB6CE55B046B7255C380E1FB2C566_4/analysis/FileList_2015pp200trans/16082018.list  
  inflating: /tmp/tinglin/992BB6CE55B046B7255C380E1FB2C566_4/analysis/FileList_2015pp200trans/16082019.list  
  inflating: /tmp/tinglin/992BB6CE55B046B7255C380E1FB2C566_4/analysis/FileList_2015pp200trans/16082022.list  
  inflating: /tmp/tinglin/992BB6CE55B046B7255C380E1FB2C566_4/analysis/FileList_2015pp200trans/16082023.list  
  inflating: /tmp/tinglin/992BB6CE55B046B7255C380E1FB2C566_4/analysis/FileList_2015pp200trans/16082025.list  
  inflating: /tmp/tinglin/992BB6CE55B046B7255C380E1FB2C566_4/analysis/FileList_2015pp200trans/16082027.list  
  inflating: /tmp/tinglin/992BB6CE55B046B7255C380E1FB2C566_4/analysis/FileList_2015pp200trans/16082028.list  
  inflating: /tmp/tinglin/992BB6CE55B046B7255C380E1FB2C566_4/analysis/FileList_2015pp200trans/16082029.list  
  inflating: /tmp/tinglin/992BB6CE55B046B7255C380E1FB2C566_4/analysis/FileList_2015pp200trans/16082039.list  
  inflating: /tmp/tinglin/992BB6CE55B046B7255C380E1FB2C566_4/analysis/FileList_2015pp200trans/16082040.list  
  inflating: /tmp/tinglin/992BB6CE55B046B7255C380E1FB2C566_4/analysis/FileList_2015pp200trans/16082041.list  
  inflating: /tmp/tinglin/992BB6CE55B046B7255C380E1FB2C566_4/analysis/FileList_2015pp200trans/16092065.list  
  inflating: /tmp/tinglin/992BB6CE55B046B7255C380E1FB2C566_4/analysis/FileList_2015pp200trans/16092066.list  
  inflating: /tmp/tinglin/992BB6CE55B046B7255C380E1FB2C566_4/analysis/FileList_2015pp200trans/16092067.list  
  inflating: /tmp/tinglin/992BB6CE55B046B7255C380E1FB2C566_4/analysis/FileList_2015pp200trans/16086041.list  
  inflating: /tmp/tinglin/992BB6CE55B046B7255C380E1FB2C566_4/analysis/FileList_2015pp200trans/16086042.list  
  inflating: /tmp/tinglin/992BB6CE55B046B7255C380E1FB2C566_4/analysis/FileList_2015pp200trans/16086051.list  
  inflating: /tmp/tinglin/992BB6CE55B046B7255C380E1FB2C566_4/analysis/FileList_2015pp200trans/16086052.list  
  inflating: /tmp/tinglin/992BB6CE55B046B7255C380E1FB2C566_4/analysis/FileList_2015pp200trans/16086053.list  
  inflating: /tmp/tinglin/992BB6CE55B046B7255C380E1FB2C566_4/analysis/FileList_2015pp200trans/16086054.list  
  inflating: /tmp/tinglin/992BB6CE55B046B7255C380E1FB2C566_4/analysis/FileList_2015pp200trans/16087001.list  
  inflating: /tmp/tinglin/992BB6CE55B046B7255C380E1FB2C566_4/analysis/FileList_2015pp200trans/16087002.list  
  inflating: /tmp/tinglin/992BB6CE55B046B7255C380E1FB2C566_4/analysis/FileList_2015pp200trans/16087003.list  
  inflating: /tmp/tinglin/992BB6CE55B046B7255C380E1FB2C566_4/analysis/FileList_2015pp200trans/16091062.list  
  inflating: /tmp/tinglin/992BB6CE55B046B7255C380E1FB2C566_4/analysis/FileList_2015pp200trans/16087005.list  
  inflating: /tmp/tinglin/992BB6CE55B046B7255C380E1FB2C566_4/analysis/FileList_2015pp200trans/16087006.list  
  inflating: /tmp/tinglin/992BB6CE55B046B7255C380E1FB2C566_4/analysis/FileList_2015pp200trans/16087007.list  
  inflating: /tmp/tinglin/992BB6CE55B046B7255C380E1FB2C566_4/analysis/FileList_2015pp200trans/16087008.list  
  inflating: /tmp/tinglin/992BB6CE55B046B7255C380E1FB2C566_4/analysis/FileList_2015pp200trans/16087009.list  
  inflating: /tmp/tinglin/992BB6CE55B046B7255C380E1FB2C566_4/analysis/FileList_2015pp200trans/16087010.list  
  inflating: /tmp/tinglin/992BB6CE55B046B7255C380E1FB2C566_4/analysis/FileList_2015pp200trans/16087011.list  
  inflating: /tmp/tinglin/992BB6CE55B046B7255C380E1FB2C566_4/analysis/FileList_2015pp200trans/16087019.list  
  inflating: /tmp/tinglin/992BB6CE55B046B7255C380E1FB2C566_4/analysis/FileList_2015pp200trans/16087020.list  
  inflating: /tmp/tinglin/992BB6CE55B046B7255C380E1FB2C566_4/analysis/FileList_2015pp200trans/16092068.list  
  inflating: /tmp/tinglin/992BB6CE55B046B7255C380E1FB2C566_4/analysis/FileList_2015pp200trans/16090015.list  
  inflating: /tmp/tinglin/992BB6CE55B046B7255C380E1FB2C566_4/analysis/FileList_2015pp200trans/16087042.list  
  inflating: /tmp/tinglin/992BB6CE55B046B7255C380E1FB2C566_4/analysis/FileList_2015pp200trans/16087043.list  
  inflating: /tmp/tinglin/992BB6CE55B046B7255C380E1FB2C566_4/analysis/FileList_2015pp200trans/16090016.list  
  inflating: /tmp/tinglin/992BB6CE55B046B7255C380E1FB2C566_4/analysis/FileList_2015pp200trans/16087044.list  
  inflating: /tmp/tinglin/992BB6CE55B046B7255C380E1FB2C566_4/analysis/FileList_2015pp200trans/16087045.list  
  inflating: /tmp/tinglin/992BB6CE55B046B7255C380E1FB2C566_4/analysis/FileList_2015pp200trans/16087046.list  
  inflating: /tmp/tinglin/992BB6CE55B046B7255C380E1FB2C566_4/analysis/FileList_2015pp200trans/16087047.list  
  inflating: /tmp/tinglin/992BB6CE55B046B7255C380E1FB2C566_4/analysis/FileList_2015pp200trans/16090017.list  
  inflating: /tmp/tinglin/992BB6CE55B046B7255C380E1FB2C566_4/analysis/FileList_2015pp200trans/16090018.list  
  inflating: /tmp/tinglin/992BB6CE55B046B7255C380E1FB2C566_4/analysis/FileList_2015pp200trans/16087048.list  
  inflating: /tmp/tinglin/992BB6CE55B046B7255C380E1FB2C566_4/analysis/FileList_2015pp200trans/16087049.list  
  inflating: /tmp/tinglin/992BB6CE55B046B7255C380E1FB2C566_4/analysis/FileList_2015pp200trans/16087050.list  
  inflating: /tmp/tinglin/992BB6CE55B046B7255C380E1FB2C566_4/analysis/FileList_2015pp200trans/16087052.list  
  inflating: /tmp/tinglin/992BB6CE55B046B7255C380E1FB2C566_4/analysis/FileList_2015pp200trans/16088019.list  
  inflating: /tmp/tinglin/992BB6CE55B046B7255C380E1FB2C566_4/analysis/FileList_2015pp200trans/16087053.list  
  inflating: /tmp/tinglin/992BB6CE55B046B7255C380E1FB2C566_4/analysis/FileList_2015pp200trans/16087054.list  
  inflating: /tmp/tinglin/992BB6CE55B046B7255C380E1FB2C566_4/analysis/FileList_2015pp200trans/16087055.list  
  inflating: /tmp/tinglin/992BB6CE55B046B7255C380E1FB2C566_4/analysis/FileList_2015pp200trans/16088001.list  
  inflating: /tmp/tinglin/992BB6CE55B046B7255C380E1FB2C566_4/analysis/FileList_2015pp200trans/16088013.list  
  inflating: /tmp/tinglin/992BB6CE55B046B7255C380E1FB2C566_4/analysis/FileList_2015pp200trans/16088016.list  
  inflating: /tmp/tinglin/992BB6CE55B046B7255C380E1FB2C566_4/analysis/FileList_2015pp200trans/16088017.list  
  inflating: /tmp/tinglin/992BB6CE55B046B7255C380E1FB2C566_4/analysis/FileList_2015pp200trans/16088018.list  
  inflating: /tmp/tinglin/992BB6CE55B046B7255C380E1FB2C566_4/analysis/FileList_2015pp200trans/16088020.list  
  inflating: /tmp/tinglin/992BB6CE55B046B7255C380E1FB2C566_4/analysis/FileList_2015pp200trans/16088021.list  
  inflating: /tmp/tinglin/992BB6CE55B046B7255C380E1FB2C566_4/analysis/FileList_2015pp200trans/16088022.list  
  inflating: /tmp/tinglin/992BB6CE55B046B7255C380E1FB2C566_4/analysis/FileList_2015pp200trans/16088023.list  
  inflating: /tmp/tinglin/992BB6CE55B046B7255C380E1FB2C566_4/analysis/FileList_2015pp200trans/16088025.list  
  inflating: /tmp/tinglin/992BB6CE55B046B7255C380E1FB2C566_4/analysis/FileList_2015pp200trans/16088026.list  
  inflating: /tmp/tinglin/992BB6CE55B046B7255C380E1FB2C566_4/analysis/FileList_2015pp200trans/16088027.list  
  inflating: /tmp/tinglin/992BB6CE55B046B7255C380E1FB2C566_4/analysis/FileList_2015pp200trans/16088028.list  
  inflating: /tmp/tinglin/992BB6CE55B046B7255C380E1FB2C566_4/analysis/FileList_2015pp200trans/16088029.list  
  inflating: /tmp/tinglin/992BB6CE55B046B7255C380E1FB2C566_4/analysis/FileList_2015pp200trans/16088030.list  
  inflating: /tmp/tinglin/992BB6CE55B046B7255C380E1FB2C566_4/analysis/FileList_2015pp200trans/16088031.list  
  inflating: /tmp/tinglin/992BB6CE55B046B7255C380E1FB2C566_4/analysis/FileList_2015pp200trans/16088040.list  
  inflating: /tmp/tinglin/992BB6CE55B046B7255C380E1FB2C566_4/analysis/FileList_2015pp200trans/16088041.list  
  inflating: /tmp/tinglin/992BB6CE55B046B7255C380E1FB2C566_4/analysis/FileList_2015pp200trans/16088042.list  
  inflating: /tmp/tinglin/992BB6CE55B046B7255C380E1FB2C566_4/analysis/FileList_2015pp200trans/16088043.list  
  inflating: /tmp/tinglin/992BB6CE55B046B7255C380E1FB2C566_4/analysis/FileList_2015pp200trans/16088044.list  
  inflating: /tmp/tinglin/992BB6CE55B046B7255C380E1FB2C566_4/analysis/FileList_2015pp200trans/16088045.list  
  inflating: /tmp/tinglin/992BB6CE55B046B7255C380E1FB2C566_4/analysis/FileList_2015pp200trans/16089002.list  
  inflating: /tmp/tinglin/992BB6CE55B046B7255C380E1FB2C566_4/analysis/FileList_2015pp200trans/16089003.list  
  inflating: /tmp/tinglin/992BB6CE55B046B7255C380E1FB2C566_4/analysis/FileList_2015pp200trans/16089004.list  
  inflating: /tmp/tinglin/992BB6CE55B046B7255C380E1FB2C566_4/analysis/FileList_2015pp200trans/16089005.list  
  inflating: /tmp/tinglin/992BB6CE55B046B7255C380E1FB2C566_4/analysis/FileList_2015pp200trans/16089016.list  
  inflating: /tmp/tinglin/992BB6CE55B046B7255C380E1FB2C566_4/analysis/FileList_2015pp200trans/16091063.list  
  inflating: /tmp/tinglin/992BB6CE55B046B7255C380E1FB2C566_4/analysis/FileList_2015pp200trans/16089017.list  
  inflating: /tmp/tinglin/992BB6CE55B046B7255C380E1FB2C566_4/analysis/FileList_2015pp200trans/16092001.list  
  inflating: /tmp/tinglin/992BB6CE55B046B7255C380E1FB2C566_4/analysis/FileList_2015pp200trans/16092002.list  
  inflating: /tmp/tinglin/992BB6CE55B046B7255C380E1FB2C566_4/analysis/FileList_2015pp200trans/16092003.list  
  inflating: /tmp/tinglin/992BB6CE55B046B7255C380E1FB2C566_4/analysis/FileList_2015pp200trans/16092015.list  
  inflating: /tmp/tinglin/992BB6CE55B046B7255C380E1FB2C566_4/analysis/FileList_2015pp200trans/16089018.list  
  inflating: /tmp/tinglin/992BB6CE55B046B7255C380E1FB2C566_4/analysis/FileList_2015pp200trans/16089019.list  
  inflating: /tmp/tinglin/992BB6CE55B046B7255C380E1FB2C566_4/analysis/FileList_2015pp200trans/16089020.list  
  inflating: /tmp/tinglin/992BB6CE55B046B7255C380E1FB2C566_4/analysis/FileList_2015pp200trans/16089024.list  
  inflating: /tmp/tinglin/992BB6CE55B046B7255C380E1FB2C566_4/analysis/FileList_2015pp200trans/16089026.list  
  inflating: /tmp/tinglin/992BB6CE55B046B7255C380E1FB2C566_4/analysis/FileList_2015pp200trans/16089027.list  
  inflating: /tmp/tinglin/992BB6CE55B046B7255C380E1FB2C566_4/analysis/FileList_2015pp200trans/16089028.list  
  inflating: /tmp/tinglin/992BB6CE55B046B7255C380E1FB2C566_4/analysis/FileList_2015pp200trans/16089029.list  
  inflating: /tmp/tinglin/992BB6CE55B046B7255C380E1FB2C566_4/analysis/FileList_2015pp200trans/16089030.list  
  inflating: /tmp/tinglin/992BB6CE55B046B7255C380E1FB2C566_4/analysis/FileList_2015pp200trans/16089031.list  
  inflating: /tmp/tinglin/992BB6CE55B046B7255C380E1FB2C566_4/analysis/FileList_2015pp200trans/16089041.list  
  inflating: /tmp/tinglin/992BB6CE55B046B7255C380E1FB2C566_4/analysis/FileList_2015pp200trans/16089042.list  
  inflating: /tmp/tinglin/992BB6CE55B046B7255C380E1FB2C566_4/analysis/FileList_2015pp200trans/16093011.list  
  inflating: /tmp/tinglin/992BB6CE55B046B7255C380E1FB2C566_4/analysis/FileList_2015pp200trans/16090019.list  
  inflating: /tmp/tinglin/992BB6CE55B046B7255C380E1FB2C566_4/analysis/FileList_2015pp200trans/16090020.list  
  inflating: /tmp/tinglin/992BB6CE55B046B7255C380E1FB2C566_4/analysis/FileList_2015pp200trans/16092069.list  
  inflating: /tmp/tinglin/992BB6CE55B046B7255C380E1FB2C566_4/analysis/FileList_2015pp200trans/16090021.list  
  inflating: /tmp/tinglin/992BB6CE55B046B7255C380E1FB2C566_4/analysis/FileList_2015pp200trans/16090024.list  
  inflating: /tmp/tinglin/992BB6CE55B046B7255C380E1FB2C566_4/analysis/FileList_2015pp200trans/16090025.list  
  inflating: /tmp/tinglin/992BB6CE55B046B7255C380E1FB2C566_4/analysis/FileList_2015pp200trans/16090026.list  
  inflating: /tmp/tinglin/992BB6CE55B046B7255C380E1FB2C566_4/analysis/FileList_2015pp200trans/16090027.list  
  inflating: /tmp/tinglin/992BB6CE55B046B7255C380E1FB2C566_4/analysis/FileList_2015pp200trans/16090028.list  
  inflating: /tmp/tinglin/992BB6CE55B046B7255C380E1FB2C566_4/analysis/FileList_2015pp200trans/16090029.list  
  inflating: /tmp/tinglin/992BB6CE55B046B7255C380E1FB2C566_4/analysis/FileList_2015pp200trans/16090030.list  
  inflating: /tmp/tinglin/992BB6CE55B046B7255C380E1FB2C566_4/analysis/FileList_2015pp200trans/16090038.list  
  inflating: /tmp/tinglin/992BB6CE55B046B7255C380E1FB2C566_4/analysis/FileList_2015pp200trans/16093012.list  
  inflating: /tmp/tinglin/992BB6CE55B046B7255C380E1FB2C566_4/analysis/FileList_2015pp200trans/16092016.list  
  inflating: /tmp/tinglin/992BB6CE55B046B7255C380E1FB2C566_4/analysis/FileList_2015pp200trans/16092017.list  
  inflating: /tmp/tinglin/992BB6CE55B046B7255C380E1FB2C566_4/analysis/FileList_2015pp200trans/16092018.list  
  inflating: /tmp/tinglin/992BB6CE55B046B7255C380E1FB2C566_4/analysis/FileList_2015pp200trans/16092019.list  
  inflating: /tmp/tinglin/992BB6CE55B046B7255C380E1FB2C566_4/analysis/FileList_2015pp200trans/16092020.list  
  inflating: /tmp/tinglin/992BB6CE55B046B7255C380E1FB2C566_4/analysis/FileList_2015pp200trans/16092021.list  
  inflating: /tmp/tinglin/992BB6CE55B046B7255C380E1FB2C566_4/analysis/FileList_2015pp200trans/16092022.list  
  inflating: /tmp/tinglin/992BB6CE55B046B7255C380E1FB2C566_4/analysis/FileList_2015pp200trans/16092023.list  
  inflating: /tmp/tinglin/992BB6CE55B046B7255C380E1FB2C566_4/analysis/FileList_2015pp200trans/16092033.list  
  inflating: /tmp/tinglin/992BB6CE55B046B7255C380E1FB2C566_4/analysis/FileList_2015pp200trans/16092034.list  
  inflating: /tmp/tinglin/992BB6CE55B046B7255C380E1FB2C566_4/analysis/FileList_2015pp200trans/16092035.list  
  inflating: /tmp/tinglin/992BB6CE55B046B7255C380E1FB2C566_4/analysis/FileList_2015pp200trans/16092036.list  
  inflating: /tmp/tinglin/992BB6CE55B046B7255C380E1FB2C566_4/analysis/FileList_2015pp200trans/16092037.list  
  inflating: /tmp/tinglin/992BB6CE55B046B7255C380E1FB2C566_4/analysis/FileList_2015pp200trans/16092070.list  
  inflating: /tmp/tinglin/992BB6CE55B046B7255C380E1FB2C566_4/analysis/FileList_2015pp200trans/16092071.list  
  inflating: /tmp/tinglin/992BB6CE55B046B7255C380E1FB2C566_4/analysis/FileList_2015pp200trans/16093013.list  
  inflating: /tmp/tinglin/992BB6CE55B046B7255C380E1FB2C566_4/analysis/FileList_2015pp200trans/16093014.list  
  inflating: /tmp/tinglin/992BB6CE55B046B7255C380E1FB2C566_4/analysis/FileList_2015pp200trans/16093015.list  
  inflating: /tmp/tinglin/992BB6CE55B046B7255C380E1FB2C566_4/analysis/FileList_2015pp200trans/16093016.list  
  inflating: /tmp/tinglin/992BB6CE55B046B7255C380E1FB2C566_4/analysis/FileList_2015pp200trans/16093018.list  
   creating: /tmp/tinglin/992BB6CE55B046B7255C380E1FB2C566_4/analysis/FileList_done/
  inflating: /tmp/tinglin/992BB6CE55B046B7255C380E1FB2C566_4/analysis/FileList_done/16089029.list  
  inflating: /tmp/tinglin/992BB6CE55B046B7255C380E1FB2C566_4/analysis/FileList_done/16083017.list  
  inflating: /tmp/tinglin/992BB6CE55B046B7255C380E1FB2C566_4/analysis/FileList_done/16081022.list  
  inflating: /tmp/tinglin/992BB6CE55B046B7255C380E1FB2C566_4/analysis/FileList_done/16082019.list  
  inflating: /tmp/tinglin/992BB6CE55B046B7255C380E1FB2C566_4/analysis/FileList_done/16085057.list  
  inflating: /tmp/tinglin/992BB6CE55B046B7255C380E1FB2C566_4/analysis/FileList_done/16085074.list  
  inflating: /tmp/tinglin/992BB6CE55B046B7255C380E1FB2C566_4/analysis/FileList_done/16085061.list  
  inflating: /tmp/tinglin/992BB6CE55B046B7255C380E1FB2C566_4/analysis/FileList_done/16085065.list  
  inflating: /tmp/tinglin/992BB6CE55B046B7255C380E1FB2C566_4/analysis/FileList_done/16079063.list  
  inflating: /tmp/tinglin/992BB6CE55B046B7255C380E1FB2C566_4/analysis/FileList_done/16085062.list  
  inflating: /tmp/tinglin/992BB6CE55B046B7255C380E1FB2C566_4/analysis/FileList_done/16079014.list  
  inflating: /tmp/tinglin/992BB6CE55B046B7255C380E1FB2C566_4/analysis/FileList_done/16068015.list  
  inflating: /tmp/tinglin/992BB6CE55B046B7255C380E1FB2C566_4/analysis/FileList_done/16085067.list  
  inflating: /tmp/tinglin/992BB6CE55B046B7255C380E1FB2C566_4/analysis/FileList_done/16085069.list  
  inflating: /tmp/tinglin/992BB6CE55B046B7255C380E1FB2C566_4/analysis/FileList_done/16073031.list  
  inflating: /tmp/tinglin/992BB6CE55B046B7255C380E1FB2C566_4/analysis/FileList_done/16086008.list  
  inflating: /tmp/tinglin/992BB6CE55B046B7255C380E1FB2C566_4/analysis/FileList_done/16085073.list  
  inflating: /tmp/tinglin/992BB6CE55B046B7255C380E1FB2C566_4/analysis/FileList_done/16085072.list  
  inflating: /tmp/tinglin/992BB6CE55B046B7255C380E1FB2C566_4/analysis/FileList_done/16085071.list  
  inflating: /tmp/tinglin/992BB6CE55B046B7255C380E1FB2C566_4/analysis/FileList_done/16068014.list  
  inflating: /tmp/tinglin/992BB6CE55B046B7255C380E1FB2C566_4/analysis/FileList_done/16084007.list  
  inflating: /tmp/tinglin/992BB6CE55B046B7255C380E1FB2C566_4/analysis/FileList_done/16086001.list  
  inflating: /tmp/tinglin/992BB6CE55B046B7255C380E1FB2C566_4/analysis/FileList_done/16087042.list  
  inflating: /tmp/tinglin/992BB6CE55B046B7255C380E1FB2C566_4/analysis/FileList_done/16086002.list  
  inflating: /tmp/tinglin/992BB6CE55B046B7255C380E1FB2C566_4/analysis/FileList_done/16078040.list  
  inflating: /tmp/tinglin/992BB6CE55B046B7255C380E1FB2C566_4/analysis/FileList_done/16083045.list  
  inflating: /tmp/tinglin/992BB6CE55B046B7255C380E1FB2C566_4/analysis/FileList_done/16065017.list  
  inflating: /tmp/tinglin/992BB6CE55B046B7255C380E1FB2C566_4/analysis/FileList_done/16077055.list  
  inflating: /tmp/tinglin/992BB6CE55B046B7255C380E1FB2C566_4/analysis/FileList_done/16084009.list  
  inflating: /tmp/tinglin/992BB6CE55B046B7255C380E1FB2C566_4/analysis/FileList_done/16083057.list  
  inflating: /tmp/tinglin/992BB6CE55B046B7255C380E1FB2C566_4/analysis/FileList_done/16083043.list  
  inflating: /tmp/tinglin/992BB6CE55B046B7255C380E1FB2C566_4/analysis/FileList_done/16090020.list  
  inflating: /tmp/tinglin/992BB6CE55B046B7255C380E1FB2C566_4/analysis/FileList_done/16083044.list  
  inflating: /tmp/tinglin/992BB6CE55B046B7255C380E1FB2C566_4/analysis/FileList_done/16083046.list  
  inflating: /tmp/tinglin/992BB6CE55B046B7255C380E1FB2C566_4/analysis/FileList_done/16083048.list  
  inflating: /tmp/tinglin/992BB6CE55B046B7255C380E1FB2C566_4/analysis/FileList_done/16083049.list  
  inflating: /tmp/tinglin/992BB6CE55B046B7255C380E1FB2C566_4/analysis/FileList_done/16083050.list  
  inflating: /tmp/tinglin/992BB6CE55B046B7255C380E1FB2C566_4/analysis/FileList_done/16083052.list  
  inflating: /tmp/tinglin/992BB6CE55B046B7255C380E1FB2C566_4/analysis/FileList_done/16083053.list  
  inflating: /tmp/tinglin/992BB6CE55B046B7255C380E1FB2C566_4/analysis/FileList_done/16083055.list  
  inflating: /tmp/tinglin/992BB6CE55B046B7255C380E1FB2C566_4/analysis/FileList_done/16083056.list  
  inflating: /tmp/tinglin/992BB6CE55B046B7255C380E1FB2C566_4/analysis/FileList_done/16083058.list  
  inflating: /tmp/tinglin/992BB6CE55B046B7255C380E1FB2C566_4/analysis/FileList_done/16083060.list  
  inflating: /tmp/tinglin/992BB6CE55B046B7255C380E1FB2C566_4/analysis/FileList_done/16083059.list  
  inflating: /tmp/tinglin/992BB6CE55B046B7255C380E1FB2C566_4/analysis/FileList_done/16084004.list  
  inflating: /tmp/tinglin/992BB6CE55B046B7255C380E1FB2C566_4/analysis/FileList_done/16087006.list  
  inflating: /tmp/tinglin/992BB6CE55B046B7255C380E1FB2C566_4/analysis/FileList_done/16084008.list  
  inflating: /tmp/tinglin/992BB6CE55B046B7255C380E1FB2C566_4/analysis/FileList_done/16084006.list  
  inflating: /tmp/tinglin/992BB6CE55B046B7255C380E1FB2C566_4/analysis/FileList_done/16084011.list  
  inflating: /tmp/tinglin/992BB6CE55B046B7255C380E1FB2C566_4/analysis/FileList_done/16084012.list  
  inflating: /tmp/tinglin/992BB6CE55B046B7255C380E1FB2C566_4/analysis/FileList_done/16084013.list  
  inflating: /tmp/tinglin/992BB6CE55B046B7255C380E1FB2C566_4/analysis/FileList_done/16084014.list  
  inflating: /tmp/tinglin/992BB6CE55B046B7255C380E1FB2C566_4/analysis/FileList_done/16084015.list  
  inflating: /tmp/tinglin/992BB6CE55B046B7255C380E1FB2C566_4/analysis/FileList_done/16085007.list  
  inflating: /tmp/tinglin/992BB6CE55B046B7255C380E1FB2C566_4/analysis/FileList_done/16085008.list  
  inflating: /tmp/tinglin/992BB6CE55B046B7255C380E1FB2C566_4/analysis/FileList_done/16085009.list  
  inflating: /tmp/tinglin/992BB6CE55B046B7255C380E1FB2C566_4/analysis/FileList_done/16085011.list  
  inflating: /tmp/tinglin/992BB6CE55B046B7255C380E1FB2C566_4/analysis/FileList_done/16085012.list  
  inflating: /tmp/tinglin/992BB6CE55B046B7255C380E1FB2C566_4/analysis/FileList_done/16085013.list  
  inflating: /tmp/tinglin/992BB6CE55B046B7255C380E1FB2C566_4/analysis/FileList_done/16085014.list  
  inflating: /tmp/tinglin/992BB6CE55B046B7255C380E1FB2C566_4/analysis/FileList_done/16085024.list  
  inflating: /tmp/tinglin/992BB6CE55B046B7255C380E1FB2C566_4/analysis/FileList_done/16085025.list  
  inflating: /tmp/tinglin/992BB6CE55B046B7255C380E1FB2C566_4/analysis/FileList_done/16085026.list  
  inflating: /tmp/tinglin/992BB6CE55B046B7255C380E1FB2C566_4/analysis/FileList_done/16085027.list  
  inflating: /tmp/tinglin/992BB6CE55B046B7255C380E1FB2C566_4/analysis/FileList_done/16085028.list  
  inflating: /tmp/tinglin/992BB6CE55B046B7255C380E1FB2C566_4/analysis/FileList_done/16085029.list  
  inflating: /tmp/tinglin/992BB6CE55B046B7255C380E1FB2C566_4/analysis/FileList_done/16085030.list  
  inflating: /tmp/tinglin/992BB6CE55B046B7255C380E1FB2C566_4/analysis/FileList_done/16085031.list  
  inflating: /tmp/tinglin/992BB6CE55B046B7255C380E1FB2C566_4/analysis/FileList_done/16085032.list  
  inflating: /tmp/tinglin/992BB6CE55B046B7255C380E1FB2C566_4/analysis/FileList_done/16085033.list  
  inflating: /tmp/tinglin/992BB6CE55B046B7255C380E1FB2C566_4/analysis/FileList_done/16085035.list  
  inflating: /tmp/tinglin/992BB6CE55B046B7255C380E1FB2C566_4/analysis/FileList_done/16085036.list  
  inflating: /tmp/tinglin/992BB6CE55B046B7255C380E1FB2C566_4/analysis/FileList_done/16085037.list  
  inflating: /tmp/tinglin/992BB6CE55B046B7255C380E1FB2C566_4/analysis/FileList_done/16085051.list  
  inflating: /tmp/tinglin/992BB6CE55B046B7255C380E1FB2C566_4/analysis/FileList_done/16085052.list  
  inflating: /tmp/tinglin/992BB6CE55B046B7255C380E1FB2C566_4/analysis/FileList_done/16085054.list  
  inflating: /tmp/tinglin/992BB6CE55B046B7255C380E1FB2C566_4/analysis/FileList_done/16085055.list  
  inflating: /tmp/tinglin/992BB6CE55B046B7255C380E1FB2C566_4/analysis/FileList_done/16086003.list  
  inflating: /tmp/tinglin/992BB6CE55B046B7255C380E1FB2C566_4/analysis/FileList_done/16086004.list  
  inflating: /tmp/tinglin/992BB6CE55B046B7255C380E1FB2C566_4/analysis/FileList_done/16085056.list  
  inflating: /tmp/tinglin/992BB6CE55B046B7255C380E1FB2C566_4/analysis/FileList_done/16085058.list  
  inflating: /tmp/tinglin/992BB6CE55B046B7255C380E1FB2C566_4/analysis/FileList_done/16086005.list  
  inflating: /tmp/tinglin/992BB6CE55B046B7255C380E1FB2C566_4/analysis/FileList_done/16086006.list  
  inflating: /tmp/tinglin/992BB6CE55B046B7255C380E1FB2C566_4/analysis/FileList_done/16086007.list  
  inflating: /tmp/tinglin/992BB6CE55B046B7255C380E1FB2C566_4/analysis/FileList_done/16086026.list  
  inflating: /tmp/tinglin/992BB6CE55B046B7255C380E1FB2C566_4/analysis/FileList_done/16086025.list  
  inflating: /tmp/tinglin/992BB6CE55B046B7255C380E1FB2C566_4/analysis/FileList_done/16086027.list  
  inflating: /tmp/tinglin/992BB6CE55B046B7255C380E1FB2C566_4/analysis/FileList_done/16086028.list  
  inflating: /tmp/tinglin/992BB6CE55B046B7255C380E1FB2C566_4/analysis/FileList_done/16086030.list  
  inflating: /tmp/tinglin/992BB6CE55B046B7255C380E1FB2C566_4/analysis/FileList_done/16086031.list  
  inflating: /tmp/tinglin/992BB6CE55B046B7255C380E1FB2C566_4/analysis/FileList_done/16087024.list  
  inflating: /tmp/tinglin/992BB6CE55B046B7255C380E1FB2C566_4/analysis/FileList_done/16086032.list  
  inflating: /tmp/tinglin/992BB6CE55B046B7255C380E1FB2C566_4/analysis/FileList_done/16086033.list  
  inflating: /tmp/tinglin/992BB6CE55B046B7255C380E1FB2C566_4/analysis/FileList_done/16086034.list  
  inflating: /tmp/tinglin/992BB6CE55B046B7255C380E1FB2C566_4/analysis/FileList_done/16086035.list  
  inflating: /tmp/tinglin/992BB6CE55B046B7255C380E1FB2C566_4/analysis/FileList_done/16086036.list  
  inflating: /tmp/tinglin/992BB6CE55B046B7255C380E1FB2C566_4/analysis/FileList_done/16086037.list  
  inflating: /tmp/tinglin/992BB6CE55B046B7255C380E1FB2C566_4/analysis/FileList_done/16086038.list  
  inflating: /tmp/tinglin/992BB6CE55B046B7255C380E1FB2C566_4/analysis/FileList_done/16086039.list  
  inflating: /tmp/tinglin/992BB6CE55B046B7255C380E1FB2C566_4/analysis/FileList_done/16086040.list  
  inflating: /tmp/tinglin/992BB6CE55B046B7255C380E1FB2C566_4/analysis/FileList_done/16086041.list  
  inflating: /tmp/tinglin/992BB6CE55B046B7255C380E1FB2C566_4/analysis/FileList_done/16086042.list  
  inflating: /tmp/tinglin/992BB6CE55B046B7255C380E1FB2C566_4/analysis/FileList_done/16086051.list  
  inflating: /tmp/tinglin/992BB6CE55B046B7255C380E1FB2C566_4/analysis/FileList_done/16086052.list  
  inflating: /tmp/tinglin/992BB6CE55B046B7255C380E1FB2C566_4/analysis/FileList_done/16086053.list  
  inflating: /tmp/tinglin/992BB6CE55B046B7255C380E1FB2C566_4/analysis/FileList_done/16086054.list  
  inflating: /tmp/tinglin/992BB6CE55B046B7255C380E1FB2C566_4/analysis/FileList_done/16087001.list  
  inflating: /tmp/tinglin/992BB6CE55B046B7255C380E1FB2C566_4/analysis/FileList_done/16087002.list  
  inflating: /tmp/tinglin/992BB6CE55B046B7255C380E1FB2C566_4/analysis/FileList_done/16087003.list  
  inflating: /tmp/tinglin/992BB6CE55B046B7255C380E1FB2C566_4/analysis/FileList_done/16087004.list  
  inflating: /tmp/tinglin/992BB6CE55B046B7255C380E1FB2C566_4/analysis/FileList_done/16087005.list  
  inflating: /tmp/tinglin/992BB6CE55B046B7255C380E1FB2C566_4/analysis/FileList_done/16092015.list  
  inflating: /tmp/tinglin/992BB6CE55B046B7255C380E1FB2C566_4/analysis/FileList_done/16087007.list  
  inflating: /tmp/tinglin/992BB6CE55B046B7255C380E1FB2C566_4/analysis/FileList_done/16090047.list  
  inflating: /tmp/tinglin/992BB6CE55B046B7255C380E1FB2C566_4/analysis/FileList_done/16087008.list  
  inflating: /tmp/tinglin/992BB6CE55B046B7255C380E1FB2C566_4/analysis/FileList_done/16087009.list  
  inflating: /tmp/tinglin/992BB6CE55B046B7255C380E1FB2C566_4/analysis/FileList_done/16087010.list  
  inflating: /tmp/tinglin/992BB6CE55B046B7255C380E1FB2C566_4/analysis/FileList_done/16087011.list  
  inflating: /tmp/tinglin/992BB6CE55B046B7255C380E1FB2C566_4/analysis/FileList_done/16087019.list  
  inflating: /tmp/tinglin/992BB6CE55B046B7255C380E1FB2C566_4/analysis/FileList_done/16087020.list  
  inflating: /tmp/tinglin/992BB6CE55B046B7255C380E1FB2C566_4/analysis/FileList_done/16087022.list  
  inflating: /tmp/tinglin/992BB6CE55B046B7255C380E1FB2C566_4/analysis/FileList_done/16087021.list  
  inflating: /tmp/tinglin/992BB6CE55B046B7255C380E1FB2C566_4/analysis/FileList_done/16087023.list  
  inflating: /tmp/tinglin/992BB6CE55B046B7255C380E1FB2C566_4/analysis/FileList_done/16087028.list  
  inflating: /tmp/tinglin/992BB6CE55B046B7255C380E1FB2C566_4/analysis/FileList_done/16087025.list  
  inflating: /tmp/tinglin/992BB6CE55B046B7255C380E1FB2C566_4/analysis/FileList_done/16087027.list  
  inflating: /tmp/tinglin/992BB6CE55B046B7255C380E1FB2C566_4/analysis/FileList_done/16087026.list  
  inflating: /tmp/tinglin/992BB6CE55B046B7255C380E1FB2C566_4/analysis/FileList_done/16087029.list  
  inflating: /tmp/tinglin/992BB6CE55B046B7255C380E1FB2C566_4/analysis/FileList_done/16087030.list  
  inflating: /tmp/tinglin/992BB6CE55B046B7255C380E1FB2C566_4/analysis/FileList_done/16087031.list  
  inflating: /tmp/tinglin/992BB6CE55B046B7255C380E1FB2C566_4/analysis/FileList_done/16088041.list  
  inflating: /tmp/tinglin/992BB6CE55B046B7255C380E1FB2C566_4/analysis/FileList_done/16087043.list  
  inflating: /tmp/tinglin/992BB6CE55B046B7255C380E1FB2C566_4/analysis/FileList_done/16087032.list  
  inflating: /tmp/tinglin/992BB6CE55B046B7255C380E1FB2C566_4/analysis/FileList_done/16087033.list  
  inflating: /tmp/tinglin/992BB6CE55B046B7255C380E1FB2C566_4/analysis/FileList_done/16087049.list  
  inflating: /tmp/tinglin/992BB6CE55B046B7255C380E1FB2C566_4/analysis/FileList_done/16087044.list  
  inflating: /tmp/tinglin/992BB6CE55B046B7255C380E1FB2C566_4/analysis/FileList_done/16087045.list  
  inflating: /tmp/tinglin/992BB6CE55B046B7255C380E1FB2C566_4/analysis/FileList_done/16087046.list  
  inflating: /tmp/tinglin/992BB6CE55B046B7255C380E1FB2C566_4/analysis/FileList_done/16087047.list  
  inflating: /tmp/tinglin/992BB6CE55B046B7255C380E1FB2C566_4/analysis/FileList_done/16087048.list  
  inflating: /tmp/tinglin/992BB6CE55B046B7255C380E1FB2C566_4/analysis/FileList_done/16087053.list  
  inflating: /tmp/tinglin/992BB6CE55B046B7255C380E1FB2C566_4/analysis/FileList_done/16087054.list  
  inflating: /tmp/tinglin/992BB6CE55B046B7255C380E1FB2C566_4/analysis/FileList_done/16087050.list  
  inflating: /tmp/tinglin/992BB6CE55B046B7255C380E1FB2C566_4/analysis/FileList_done/16087051.list  
  inflating: /tmp/tinglin/992BB6CE55B046B7255C380E1FB2C566_4/analysis/FileList_done/16087052.list  
  inflating: /tmp/tinglin/992BB6CE55B046B7255C380E1FB2C566_4/analysis/FileList_done/16088013.list  
  inflating: /tmp/tinglin/992BB6CE55B046B7255C380E1FB2C566_4/analysis/FileList_done/16087055.list  
  inflating: /tmp/tinglin/992BB6CE55B046B7255C380E1FB2C566_4/analysis/FileList_done/16088001.list  
  inflating: /tmp/tinglin/992BB6CE55B046B7255C380E1FB2C566_4/analysis/FileList_done/16088017.list  
  inflating: /tmp/tinglin/992BB6CE55B046B7255C380E1FB2C566_4/analysis/FileList_done/16088016.list  
  inflating: /tmp/tinglin/992BB6CE55B046B7255C380E1FB2C566_4/analysis/FileList_done/16088026.list  
  inflating: /tmp/tinglin/992BB6CE55B046B7255C380E1FB2C566_4/analysis/FileList_done/16088018.list  
  inflating: /tmp/tinglin/992BB6CE55B046B7255C380E1FB2C566_4/analysis/FileList_done/16088020.list  
  inflating: /tmp/tinglin/992BB6CE55B046B7255C380E1FB2C566_4/analysis/FileList_done/16088019.list  
  inflating: /tmp/tinglin/992BB6CE55B046B7255C380E1FB2C566_4/analysis/FileList_done/16088021.list  
  inflating: /tmp/tinglin/992BB6CE55B046B7255C380E1FB2C566_4/analysis/FileList_done/16088022.list  
  inflating: /tmp/tinglin/992BB6CE55B046B7255C380E1FB2C566_4/analysis/FileList_done/16088025.list  
  inflating: /tmp/tinglin/992BB6CE55B046B7255C380E1FB2C566_4/analysis/FileList_done/16088023.list  
  inflating: /tmp/tinglin/992BB6CE55B046B7255C380E1FB2C566_4/analysis/FileList_done/16088028.list  
  inflating: /tmp/tinglin/992BB6CE55B046B7255C380E1FB2C566_4/analysis/FileList_done/16088027.list  
  inflating: /tmp/tinglin/992BB6CE55B046B7255C380E1FB2C566_4/analysis/FileList_done/16088029.list  
  inflating: /tmp/tinglin/992BB6CE55B046B7255C380E1FB2C566_4/analysis/FileList_done/16073001.list  
  inflating: /tmp/tinglin/992BB6CE55B046B7255C380E1FB2C566_4/analysis/FileList_done/16065027.list  
  inflating: /tmp/tinglin/992BB6CE55B046B7255C380E1FB2C566_4/analysis/FileList_done/16064078.list  
  inflating: /tmp/tinglin/992BB6CE55B046B7255C380E1FB2C566_4/analysis/FileList_done/16064077.list  
  inflating: /tmp/tinglin/992BB6CE55B046B7255C380E1FB2C566_4/analysis/FileList_done/16064079.list  
  inflating: /tmp/tinglin/992BB6CE55B046B7255C380E1FB2C566_4/analysis/FileList_done/16064080.list  
  inflating: /tmp/tinglin/992BB6CE55B046B7255C380E1FB2C566_4/analysis/FileList_done/16064082.list  
  inflating: /tmp/tinglin/992BB6CE55B046B7255C380E1FB2C566_4/analysis/FileList_done/16065001.list  
  inflating: /tmp/tinglin/992BB6CE55B046B7255C380E1FB2C566_4/analysis/FileList_done/16065002.list  
  inflating: /tmp/tinglin/992BB6CE55B046B7255C380E1FB2C566_4/analysis/FileList_done/16065003.list  
  inflating: /tmp/tinglin/992BB6CE55B046B7255C380E1FB2C566_4/analysis/FileList_done/16065005.list  
  inflating: /tmp/tinglin/992BB6CE55B046B7255C380E1FB2C566_4/analysis/FileList_done/16065006.list  
  inflating: /tmp/tinglin/992BB6CE55B046B7255C380E1FB2C566_4/analysis/FileList_done/16065007.list  
  inflating: /tmp/tinglin/992BB6CE55B046B7255C380E1FB2C566_4/analysis/FileList_done/16065008.list  
  inflating: /tmp/tinglin/992BB6CE55B046B7255C380E1FB2C566_4/analysis/FileList_done/16065009.list  
  inflating: /tmp/tinglin/992BB6CE55B046B7255C380E1FB2C566_4/analysis/FileList_done/16065010.list  
  inflating: /tmp/tinglin/992BB6CE55B046B7255C380E1FB2C566_4/analysis/FileList_done/16065012.list  
  inflating: /tmp/tinglin/992BB6CE55B046B7255C380E1FB2C566_4/analysis/FileList_done/16065013.list  
  inflating: /tmp/tinglin/992BB6CE55B046B7255C380E1FB2C566_4/analysis/FileList_done/16065014.list  
  inflating: /tmp/tinglin/992BB6CE55B046B7255C380E1FB2C566_4/analysis/FileList_done/16065015.list  
  inflating: /tmp/tinglin/992BB6CE55B046B7255C380E1FB2C566_4/analysis/FileList_done/16065016.list  
  inflating: /tmp/tinglin/992BB6CE55B046B7255C380E1FB2C566_4/analysis/FileList_done/16078010.list  
  inflating: /tmp/tinglin/992BB6CE55B046B7255C380E1FB2C566_4/analysis/FileList_done/16065018.list  
  inflating: /tmp/tinglin/992BB6CE55B046B7255C380E1FB2C566_4/analysis/FileList_done/16065023.list  
  inflating: /tmp/tinglin/992BB6CE55B046B7255C380E1FB2C566_4/analysis/FileList_done/16065024.list  
  inflating: /tmp/tinglin/992BB6CE55B046B7255C380E1FB2C566_4/analysis/FileList_done/16065025.list  
  inflating: /tmp/tinglin/992BB6CE55B046B7255C380E1FB2C566_4/analysis/FileList_done/16066059.list  
  inflating: /tmp/tinglin/992BB6CE55B046B7255C380E1FB2C566_4/analysis/FileList_done/16065026.list  
  inflating: /tmp/tinglin/992BB6CE55B046B7255C380E1FB2C566_4/analysis/FileList_done/16065028.list  
  inflating: /tmp/tinglin/992BB6CE55B046B7255C380E1FB2C566_4/analysis/FileList_done/16065036.list  
  inflating: /tmp/tinglin/992BB6CE55B046B7255C380E1FB2C566_4/analysis/FileList_done/16065037.list  
  inflating: /tmp/tinglin/992BB6CE55B046B7255C380E1FB2C566_4/analysis/FileList_done/16065038.list  
  inflating: /tmp/tinglin/992BB6CE55B046B7255C380E1FB2C566_4/analysis/FileList_done/16065039.list  
  inflating: /tmp/tinglin/992BB6CE55B046B7255C380E1FB2C566_4/analysis/FileList_done/16065041.list  
  inflating: /tmp/tinglin/992BB6CE55B046B7255C380E1FB2C566_4/analysis/FileList_done/16065042.list  
  inflating: /tmp/tinglin/992BB6CE55B046B7255C380E1FB2C566_4/analysis/FileList_done/16065044.list  
  inflating: /tmp/tinglin/992BB6CE55B046B7255C380E1FB2C566_4/analysis/FileList_done/16065045.list  
  inflating: /tmp/tinglin/992BB6CE55B046B7255C380E1FB2C566_4/analysis/FileList_done/16065046.list  
  inflating: /tmp/tinglin/992BB6CE55B046B7255C380E1FB2C566_4/analysis/FileList_done/16065047.list  
  inflating: /tmp/tinglin/992BB6CE55B046B7255C380E1FB2C566_4/analysis/FileList_done/16065048.list  
  inflating: /tmp/tinglin/992BB6CE55B046B7255C380E1FB2C566_4/analysis/FileList_done/16065060.list  
  inflating: /tmp/tinglin/992BB6CE55B046B7255C380E1FB2C566_4/analysis/FileList_done/16065061.list  
  inflating: /tmp/tinglin/992BB6CE55B046B7255C380E1FB2C566_4/analysis/FileList_done/16065072.list  
  inflating: /tmp/tinglin/992BB6CE55B046B7255C380E1FB2C566_4/analysis/FileList_done/16066001.list  
  inflating: /tmp/tinglin/992BB6CE55B046B7255C380E1FB2C566_4/analysis/FileList_done/16066002.list  
  inflating: /tmp/tinglin/992BB6CE55B046B7255C380E1FB2C566_4/analysis/FileList_done/16066003.list  
  inflating: /tmp/tinglin/992BB6CE55B046B7255C380E1FB2C566_4/analysis/FileList_done/16066004.list  
  inflating: /tmp/tinglin/992BB6CE55B046B7255C380E1FB2C566_4/analysis/FileList_done/16066005.list  
  inflating: /tmp/tinglin/992BB6CE55B046B7255C380E1FB2C566_4/analysis/FileList_done/16066006.list  
  inflating: /tmp/tinglin/992BB6CE55B046B7255C380E1FB2C566_4/analysis/FileList_done/16066007.list  
  inflating: /tmp/tinglin/992BB6CE55B046B7255C380E1FB2C566_4/analysis/FileList_done/16066008.list  
  inflating: /tmp/tinglin/992BB6CE55B046B7255C380E1FB2C566_4/analysis/FileList_done/16066009.list  
  inflating: /tmp/tinglin/992BB6CE55B046B7255C380E1FB2C566_4/analysis/FileList_done/16066011.list  
  inflating: /tmp/tinglin/992BB6CE55B046B7255C380E1FB2C566_4/analysis/FileList_done/16066012.list  
  inflating: /tmp/tinglin/992BB6CE55B046B7255C380E1FB2C566_4/analysis/FileList_done/16066015.list  
  inflating: /tmp/tinglin/992BB6CE55B046B7255C380E1FB2C566_4/analysis/FileList_done/16066016.list  
  inflating: /tmp/tinglin/992BB6CE55B046B7255C380E1FB2C566_4/analysis/FileList_done/16066017.list  
  inflating: /tmp/tinglin/992BB6CE55B046B7255C380E1FB2C566_4/analysis/FileList_done/16066018.list  
  inflating: /tmp/tinglin/992BB6CE55B046B7255C380E1FB2C566_4/analysis/FileList_done/16066019.list  
  inflating: /tmp/tinglin/992BB6CE55B046B7255C380E1FB2C566_4/analysis/FileList_done/16066020.list  
  inflating: /tmp/tinglin/992BB6CE55B046B7255C380E1FB2C566_4/analysis/FileList_done/16066021.list  
  inflating: /tmp/tinglin/992BB6CE55B046B7255C380E1FB2C566_4/analysis/FileList_done/16066026.list  
  inflating: /tmp/tinglin/992BB6CE55B046B7255C380E1FB2C566_4/analysis/FileList_done/16066027.list  
  inflating: /tmp/tinglin/992BB6CE55B046B7255C380E1FB2C566_4/analysis/FileList_done/16066030.list  
  inflating: /tmp/tinglin/992BB6CE55B046B7255C380E1FB2C566_4/analysis/FileList_done/16066031.list  
  inflating: /tmp/tinglin/992BB6CE55B046B7255C380E1FB2C566_4/analysis/FileList_done/16066032.list  
  inflating: /tmp/tinglin/992BB6CE55B046B7255C380E1FB2C566_4/analysis/FileList_done/16066033.list  
  inflating: /tmp/tinglin/992BB6CE55B046B7255C380E1FB2C566_4/analysis/FileList_done/16066035.list  
  inflating: /tmp/tinglin/992BB6CE55B046B7255C380E1FB2C566_4/analysis/FileList_done/16066047.list  
  inflating: /tmp/tinglin/992BB6CE55B046B7255C380E1FB2C566_4/analysis/FileList_done/16066049.list  
  inflating: /tmp/tinglin/992BB6CE55B046B7255C380E1FB2C566_4/analysis/FileList_done/16066050.list  
  inflating: /tmp/tinglin/992BB6CE55B046B7255C380E1FB2C566_4/analysis/FileList_done/16066051.list  
  inflating: /tmp/tinglin/992BB6CE55B046B7255C380E1FB2C566_4/analysis/FileList_done/16066052.list  
  inflating: /tmp/tinglin/992BB6CE55B046B7255C380E1FB2C566_4/analysis/FileList_done/16066053.list  
  inflating: /tmp/tinglin/992BB6CE55B046B7255C380E1FB2C566_4/analysis/FileList_done/16066054.list  
  inflating: /tmp/tinglin/992BB6CE55B046B7255C380E1FB2C566_4/analysis/FileList_done/16066055.list  
  inflating: /tmp/tinglin/992BB6CE55B046B7255C380E1FB2C566_4/analysis/FileList_done/16067001.list  
  inflating: /tmp/tinglin/992BB6CE55B046B7255C380E1FB2C566_4/analysis/FileList_done/16068035.list  
  inflating: /tmp/tinglin/992BB6CE55B046B7255C380E1FB2C566_4/analysis/FileList_done/16066060.list  
  inflating: /tmp/tinglin/992BB6CE55B046B7255C380E1FB2C566_4/analysis/FileList_done/16067003.list  
  inflating: /tmp/tinglin/992BB6CE55B046B7255C380E1FB2C566_4/analysis/FileList_done/16067004.list  
  inflating: /tmp/tinglin/992BB6CE55B046B7255C380E1FB2C566_4/analysis/FileList_done/16067005.list  
  inflating: /tmp/tinglin/992BB6CE55B046B7255C380E1FB2C566_4/analysis/FileList_done/16067006.list  
  inflating: /tmp/tinglin/992BB6CE55B046B7255C380E1FB2C566_4/analysis/FileList_done/16067013.list  
  inflating: /tmp/tinglin/992BB6CE55B046B7255C380E1FB2C566_4/analysis/FileList_done/16067014.list  
  inflating: /tmp/tinglin/992BB6CE55B046B7255C380E1FB2C566_4/analysis/FileList_done/16067015.list  
  inflating: /tmp/tinglin/992BB6CE55B046B7255C380E1FB2C566_4/analysis/FileList_done/16067016.list  
  inflating: /tmp/tinglin/992BB6CE55B046B7255C380E1FB2C566_4/analysis/FileList_done/16067017.list  
  inflating: /tmp/tinglin/992BB6CE55B046B7255C380E1FB2C566_4/analysis/FileList_done/16067019.list  
  inflating: /tmp/tinglin/992BB6CE55B046B7255C380E1FB2C566_4/analysis/FileList_done/16067020.list  
  inflating: /tmp/tinglin/992BB6CE55B046B7255C380E1FB2C566_4/analysis/FileList_done/16067021.list  
  inflating: /tmp/tinglin/992BB6CE55B046B7255C380E1FB2C566_4/analysis/FileList_done/16067022.list  
  inflating: /tmp/tinglin/992BB6CE55B046B7255C380E1FB2C566_4/analysis/FileList_done/16067040.list  
  inflating: /tmp/tinglin/992BB6CE55B046B7255C380E1FB2C566_4/analysis/FileList_done/16067041.list  
  inflating: /tmp/tinglin/992BB6CE55B046B7255C380E1FB2C566_4/analysis/FileList_done/16067042.list  
  inflating: /tmp/tinglin/992BB6CE55B046B7255C380E1FB2C566_4/analysis/FileList_done/16067043.list  
  inflating: /tmp/tinglin/992BB6CE55B046B7255C380E1FB2C566_4/analysis/FileList_done/16067044.list  
  inflating: /tmp/tinglin/992BB6CE55B046B7255C380E1FB2C566_4/analysis/FileList_done/16068001.list  
  inflating: /tmp/tinglin/992BB6CE55B046B7255C380E1FB2C566_4/analysis/FileList_done/16068003.list  
  inflating: /tmp/tinglin/992BB6CE55B046B7255C380E1FB2C566_4/analysis/FileList_done/16068004.list  
  inflating: /tmp/tinglin/992BB6CE55B046B7255C380E1FB2C566_4/analysis/FileList_done/16068005.list  
  inflating: /tmp/tinglin/992BB6CE55B046B7255C380E1FB2C566_4/analysis/FileList_done/16068006.list  
  inflating: /tmp/tinglin/992BB6CE55B046B7255C380E1FB2C566_4/analysis/FileList_done/16068007.list  
  inflating: /tmp/tinglin/992BB6CE55B046B7255C380E1FB2C566_4/analysis/FileList_done/16068008.list  
  inflating: /tmp/tinglin/992BB6CE55B046B7255C380E1FB2C566_4/analysis/FileList_done/16068009.list  
  inflating: /tmp/tinglin/992BB6CE55B046B7255C380E1FB2C566_4/analysis/FileList_done/16068010.list  
  inflating: /tmp/tinglin/992BB6CE55B046B7255C380E1FB2C566_4/analysis/FileList_done/16068013.list  
  inflating: /tmp/tinglin/992BB6CE55B046B7255C380E1FB2C566_4/analysis/FileList_done/16068016.list  
  inflating: /tmp/tinglin/992BB6CE55B046B7255C380E1FB2C566_4/analysis/FileList_done/16068017.list  
  inflating: /tmp/tinglin/992BB6CE55B046B7255C380E1FB2C566_4/analysis/FileList_done/16068018.list  
  inflating: /tmp/tinglin/992BB6CE55B046B7255C380E1FB2C566_4/analysis/FileList_done/16068021.list  
  inflating: /tmp/tinglin/992BB6CE55B046B7255C380E1FB2C566_4/analysis/FileList_done/16068022.list  
  inflating: /tmp/tinglin/992BB6CE55B046B7255C380E1FB2C566_4/analysis/FileList_done/16068023.list  
  inflating: /tmp/tinglin/992BB6CE55B046B7255C380E1FB2C566_4/analysis/FileList_done/16068024.list  
  inflating: /tmp/tinglin/992BB6CE55B046B7255C380E1FB2C566_4/analysis/FileList_done/16068025.list  
  inflating: /tmp/tinglin/992BB6CE55B046B7255C380E1FB2C566_4/analysis/FileList_done/16068028.list  
  inflating: /tmp/tinglin/992BB6CE55B046B7255C380E1FB2C566_4/analysis/FileList_done/16068029.list  
  inflating: /tmp/tinglin/992BB6CE55B046B7255C380E1FB2C566_4/analysis/FileList_done/16068030.list  
  inflating: /tmp/tinglin/992BB6CE55B046B7255C380E1FB2C566_4/analysis/FileList_done/16068032.list  
  inflating: /tmp/tinglin/992BB6CE55B046B7255C380E1FB2C566_4/analysis/FileList_done/16068034.list  
  inflating: /tmp/tinglin/992BB6CE55B046B7255C380E1FB2C566_4/analysis/FileList_done/16071056.list  
  inflating: /tmp/tinglin/992BB6CE55B046B7255C380E1FB2C566_4/analysis/FileList_done/16068036.list  
  inflating: /tmp/tinglin/992BB6CE55B046B7255C380E1FB2C566_4/analysis/FileList_done/16068037.list  
  inflating: /tmp/tinglin/992BB6CE55B046B7255C380E1FB2C566_4/analysis/FileList_done/16068038.list  
  inflating: /tmp/tinglin/992BB6CE55B046B7255C380E1FB2C566_4/analysis/FileList_done/16068039.list  
  inflating: /tmp/tinglin/992BB6CE55B046B7255C380E1FB2C566_4/analysis/FileList_done/16068040.list  
  inflating: /tmp/tinglin/992BB6CE55B046B7255C380E1FB2C566_4/analysis/FileList_done/16068042.list  
  inflating: /tmp/tinglin/992BB6CE55B046B7255C380E1FB2C566_4/analysis/FileList_done/16068056.list  
  inflating: /tmp/tinglin/992BB6CE55B046B7255C380E1FB2C566_4/analysis/FileList_done/16068057.list  
  inflating: /tmp/tinglin/992BB6CE55B046B7255C380E1FB2C566_4/analysis/FileList_done/16068058.list  
  inflating: /tmp/tinglin/992BB6CE55B046B7255C380E1FB2C566_4/analysis/FileList_done/16069001.list  
  inflating: /tmp/tinglin/992BB6CE55B046B7255C380E1FB2C566_4/analysis/FileList_done/16069002.list  
  inflating: /tmp/tinglin/992BB6CE55B046B7255C380E1FB2C566_4/analysis/FileList_done/16069003.list  
  inflating: /tmp/tinglin/992BB6CE55B046B7255C380E1FB2C566_4/analysis/FileList_done/16069004.list  
  inflating: /tmp/tinglin/992BB6CE55B046B7255C380E1FB2C566_4/analysis/FileList_done/16069005.list  
  inflating: /tmp/tinglin/992BB6CE55B046B7255C380E1FB2C566_4/analysis/FileList_done/16069006.list  
  inflating: /tmp/tinglin/992BB6CE55B046B7255C380E1FB2C566_4/analysis/FileList_done/16069007.list  
  inflating: /tmp/tinglin/992BB6CE55B046B7255C380E1FB2C566_4/analysis/FileList_done/16069009.list  
  inflating: /tmp/tinglin/992BB6CE55B046B7255C380E1FB2C566_4/analysis/FileList_done/16069010.list  
  inflating: /tmp/tinglin/992BB6CE55B046B7255C380E1FB2C566_4/analysis/FileList_done/16069011.list  
  inflating: /tmp/tinglin/992BB6CE55B046B7255C380E1FB2C566_4/analysis/FileList_done/16069012.list  
  inflating: /tmp/tinglin/992BB6CE55B046B7255C380E1FB2C566_4/analysis/FileList_done/16069016.list  
  inflating: /tmp/tinglin/992BB6CE55B046B7255C380E1FB2C566_4/analysis/FileList_done/16069024.list  
  inflating: /tmp/tinglin/992BB6CE55B046B7255C380E1FB2C566_4/analysis/FileList_done/16069025.list  
  inflating: /tmp/tinglin/992BB6CE55B046B7255C380E1FB2C566_4/analysis/FileList_done/16069026.list  
  inflating: /tmp/tinglin/992BB6CE55B046B7255C380E1FB2C566_4/analysis/FileList_done/16069027.list  
  inflating: /tmp/tinglin/992BB6CE55B046B7255C380E1FB2C566_4/analysis/FileList_done/16069028.list  
  inflating: /tmp/tinglin/992BB6CE55B046B7255C380E1FB2C566_4/analysis/FileList_done/16069029.list  
  inflating: /tmp/tinglin/992BB6CE55B046B7255C380E1FB2C566_4/analysis/FileList_done/16069030.list  
  inflating: /tmp/tinglin/992BB6CE55B046B7255C380E1FB2C566_4/analysis/FileList_done/16069031.list  
  inflating: /tmp/tinglin/992BB6CE55B046B7255C380E1FB2C566_4/analysis/FileList_done/16069032.list  
  inflating: /tmp/tinglin/992BB6CE55B046B7255C380E1FB2C566_4/analysis/FileList_done/16069033.list  
  inflating: /tmp/tinglin/992BB6CE55B046B7255C380E1FB2C566_4/analysis/FileList_done/16069034.list  
  inflating: /tmp/tinglin/992BB6CE55B046B7255C380E1FB2C566_4/analysis/FileList_done/16069035.list  
  inflating: /tmp/tinglin/992BB6CE55B046B7255C380E1FB2C566_4/analysis/FileList_done/16069036.list  
  inflating: /tmp/tinglin/992BB6CE55B046B7255C380E1FB2C566_4/analysis/FileList_done/16069038.list  
  inflating: /tmp/tinglin/992BB6CE55B046B7255C380E1FB2C566_4/analysis/FileList_done/16069039.list  
  inflating: /tmp/tinglin/992BB6CE55B046B7255C380E1FB2C566_4/analysis/FileList_done/16069040.list  
  inflating: /tmp/tinglin/992BB6CE55B046B7255C380E1FB2C566_4/analysis/FileList_done/16069041.list  
  inflating: /tmp/tinglin/992BB6CE55B046B7255C380E1FB2C566_4/analysis/FileList_done/16069042.list  
  inflating: /tmp/tinglin/992BB6CE55B046B7255C380E1FB2C566_4/analysis/FileList_done/16069053.list  
  inflating: /tmp/tinglin/992BB6CE55B046B7255C380E1FB2C566_4/analysis/FileList_done/16069054.list  
  inflating: /tmp/tinglin/992BB6CE55B046B7255C380E1FB2C566_4/analysis/FileList_done/16069055.list  
  inflating: /tmp/tinglin/992BB6CE55B046B7255C380E1FB2C566_4/analysis/FileList_done/16069062.list  
  inflating: /tmp/tinglin/992BB6CE55B046B7255C380E1FB2C566_4/analysis/FileList_done/16069063.list  
  inflating: /tmp/tinglin/992BB6CE55B046B7255C380E1FB2C566_4/analysis/FileList_done/16069064.list  
  inflating: /tmp/tinglin/992BB6CE55B046B7255C380E1FB2C566_4/analysis/FileList_done/16069065.list  
  inflating: /tmp/tinglin/992BB6CE55B046B7255C380E1FB2C566_4/analysis/FileList_done/16069066.list  
  inflating: /tmp/tinglin/992BB6CE55B046B7255C380E1FB2C566_4/analysis/FileList_done/16069067.list  
  inflating: /tmp/tinglin/992BB6CE55B046B7255C380E1FB2C566_4/analysis/FileList_done/16070003.list  
  inflating: /tmp/tinglin/992BB6CE55B046B7255C380E1FB2C566_4/analysis/FileList_done/16070004.list  
  inflating: /tmp/tinglin/992BB6CE55B046B7255C380E1FB2C566_4/analysis/FileList_done/16070005.list  
  inflating: /tmp/tinglin/992BB6CE55B046B7255C380E1FB2C566_4/analysis/FileList_done/16070006.list  
  inflating: /tmp/tinglin/992BB6CE55B046B7255C380E1FB2C566_4/analysis/FileList_done/16070008.list  
  inflating: /tmp/tinglin/992BB6CE55B046B7255C380E1FB2C566_4/analysis/FileList_done/16070009.list  
  inflating: /tmp/tinglin/992BB6CE55B046B7255C380E1FB2C566_4/analysis/FileList_done/16070010.list  
  inflating: /tmp/tinglin/992BB6CE55B046B7255C380E1FB2C566_4/analysis/FileList_done/16070012.list  
  inflating: /tmp/tinglin/992BB6CE55B046B7255C380E1FB2C566_4/analysis/FileList_done/16070013.list  
  inflating: /tmp/tinglin/992BB6CE55B046B7255C380E1FB2C566_4/analysis/FileList_done/16070014.list  
  inflating: /tmp/tinglin/992BB6CE55B046B7255C380E1FB2C566_4/analysis/FileList_done/16070015.list  
  inflating: /tmp/tinglin/992BB6CE55B046B7255C380E1FB2C566_4/analysis/FileList_done/16071050.list  
  inflating: /tmp/tinglin/992BB6CE55B046B7255C380E1FB2C566_4/analysis/FileList_done/16071051.list  
  inflating: /tmp/tinglin/992BB6CE55B046B7255C380E1FB2C566_4/analysis/FileList_done/16071052.list  
  inflating: /tmp/tinglin/992BB6CE55B046B7255C380E1FB2C566_4/analysis/FileList_done/16071053.list  
  inflating: /tmp/tinglin/992BB6CE55B046B7255C380E1FB2C566_4/analysis/FileList_done/16071054.list  
  inflating: /tmp/tinglin/992BB6CE55B046B7255C380E1FB2C566_4/analysis/FileList_done/16071055.list  
  inflating: /tmp/tinglin/992BB6CE55B046B7255C380E1FB2C566_4/analysis/FileList_done/16077031.list  
  inflating: /tmp/tinglin/992BB6CE55B046B7255C380E1FB2C566_4/analysis/FileList_done/16071058.list  
  inflating: /tmp/tinglin/992BB6CE55B046B7255C380E1FB2C566_4/analysis/FileList_done/16071059.list  
  inflating: /tmp/tinglin/992BB6CE55B046B7255C380E1FB2C566_4/analysis/FileList_done/16071060.list  
  inflating: /tmp/tinglin/992BB6CE55B046B7255C380E1FB2C566_4/analysis/FileList_done/16071061.list  
  inflating: /tmp/tinglin/992BB6CE55B046B7255C380E1FB2C566_4/analysis/FileList_done/16071062.list  
  inflating: /tmp/tinglin/992BB6CE55B046B7255C380E1FB2C566_4/analysis/FileList_done/16071076.list  
  inflating: /tmp/tinglin/992BB6CE55B046B7255C380E1FB2C566_4/analysis/FileList_done/16071077.list  
  inflating: /tmp/tinglin/992BB6CE55B046B7255C380E1FB2C566_4/analysis/FileList_done/16071078.list  
  inflating: /tmp/tinglin/992BB6CE55B046B7255C380E1FB2C566_4/analysis/FileList_done/16071079.list  
  inflating: /tmp/tinglin/992BB6CE55B046B7255C380E1FB2C566_4/analysis/FileList_done/16072001.list  
  inflating: /tmp/tinglin/992BB6CE55B046B7255C380E1FB2C566_4/analysis/FileList_done/16072002.list  
  inflating: /tmp/tinglin/992BB6CE55B046B7255C380E1FB2C566_4/analysis/FileList_done/16072003.list  
  inflating: /tmp/tinglin/992BB6CE55B046B7255C380E1FB2C566_4/analysis/FileList_done/16072006.list  
  inflating: /tmp/tinglin/992BB6CE55B046B7255C380E1FB2C566_4/analysis/FileList_done/16072007.list  
  inflating: /tmp/tinglin/992BB6CE55B046B7255C380E1FB2C566_4/analysis/FileList_done/16072008.list  
  inflating: /tmp/tinglin/992BB6CE55B046B7255C380E1FB2C566_4/analysis/FileList_done/16072009.list  
  inflating: /tmp/tinglin/992BB6CE55B046B7255C380E1FB2C566_4/analysis/FileList_done/16072010.list  
  inflating: /tmp/tinglin/992BB6CE55B046B7255C380E1FB2C566_4/analysis/FileList_done/16072012.list  
  inflating: /tmp/tinglin/992BB6CE55B046B7255C380E1FB2C566_4/analysis/FileList_done/16072013.list  
  inflating: /tmp/tinglin/992BB6CE55B046B7255C380E1FB2C566_4/analysis/FileList_done/16072014.list  
  inflating: /tmp/tinglin/992BB6CE55B046B7255C380E1FB2C566_4/analysis/FileList_done/16072022.list  
  inflating: /tmp/tinglin/992BB6CE55B046B7255C380E1FB2C566_4/analysis/FileList_done/16072023.list  
  inflating: /tmp/tinglin/992BB6CE55B046B7255C380E1FB2C566_4/analysis/FileList_done/16072024.list  
  inflating: /tmp/tinglin/992BB6CE55B046B7255C380E1FB2C566_4/analysis/FileList_done/16072025.list  
  inflating: /tmp/tinglin/992BB6CE55B046B7255C380E1FB2C566_4/analysis/FileList_done/16072026.list  
  inflating: /tmp/tinglin/992BB6CE55B046B7255C380E1FB2C566_4/analysis/FileList_done/16072033.list  
  inflating: /tmp/tinglin/992BB6CE55B046B7255C380E1FB2C566_4/analysis/FileList_done/16072034.list  
  inflating: /tmp/tinglin/992BB6CE55B046B7255C380E1FB2C566_4/analysis/FileList_done/16072035.list  
  inflating: /tmp/tinglin/992BB6CE55B046B7255C380E1FB2C566_4/analysis/FileList_done/16072036.list  
  inflating: /tmp/tinglin/992BB6CE55B046B7255C380E1FB2C566_4/analysis/FileList_done/16072038.list  
  inflating: /tmp/tinglin/992BB6CE55B046B7255C380E1FB2C566_4/analysis/FileList_done/16072039.list  
  inflating: /tmp/tinglin/992BB6CE55B046B7255C380E1FB2C566_4/analysis/FileList_done/16072040.list  
  inflating: /tmp/tinglin/992BB6CE55B046B7255C380E1FB2C566_4/analysis/FileList_done/16072041.list  
  inflating: /tmp/tinglin/992BB6CE55B046B7255C380E1FB2C566_4/analysis/FileList_done/16072042.list  
  inflating: /tmp/tinglin/992BB6CE55B046B7255C380E1FB2C566_4/analysis/FileList_done/16072043.list  
  inflating: /tmp/tinglin/992BB6CE55B046B7255C380E1FB2C566_4/analysis/FileList_done/16072058.list  
  inflating: /tmp/tinglin/992BB6CE55B046B7255C380E1FB2C566_4/analysis/FileList_done/16072059.list  
  inflating: /tmp/tinglin/992BB6CE55B046B7255C380E1FB2C566_4/analysis/FileList_done/16072060.list  
  inflating: /tmp/tinglin/992BB6CE55B046B7255C380E1FB2C566_4/analysis/FileList_done/16072061.list  
  inflating: /tmp/tinglin/992BB6CE55B046B7255C380E1FB2C566_4/analysis/FileList_done/16072062.list  
  inflating: /tmp/tinglin/992BB6CE55B046B7255C380E1FB2C566_4/analysis/FileList_done/16073012.list  
  inflating: /tmp/tinglin/992BB6CE55B046B7255C380E1FB2C566_4/analysis/FileList_done/16081061.list  
  inflating: /tmp/tinglin/992BB6CE55B046B7255C380E1FB2C566_4/analysis/FileList_done/16073010.list  
  inflating: /tmp/tinglin/992BB6CE55B046B7255C380E1FB2C566_4/analysis/FileList_done/16073013.list  
  inflating: /tmp/tinglin/992BB6CE55B046B7255C380E1FB2C566_4/analysis/FileList_done/16073017.list  
  inflating: /tmp/tinglin/992BB6CE55B046B7255C380E1FB2C566_4/analysis/FileList_done/16073018.list  
  inflating: /tmp/tinglin/992BB6CE55B046B7255C380E1FB2C566_4/analysis/FileList_done/16073019.list  
  inflating: /tmp/tinglin/992BB6CE55B046B7255C380E1FB2C566_4/analysis/FileList_done/16073020.list  
  inflating: /tmp/tinglin/992BB6CE55B046B7255C380E1FB2C566_4/analysis/FileList_done/16073021.list  
  inflating: /tmp/tinglin/992BB6CE55B046B7255C380E1FB2C566_4/analysis/FileList_done/16073029.list  
  inflating: /tmp/tinglin/992BB6CE55B046B7255C380E1FB2C566_4/analysis/FileList_done/16073030.list  
  inflating: /tmp/tinglin/992BB6CE55B046B7255C380E1FB2C566_4/analysis/FileList_done/16073039.list  
  inflating: /tmp/tinglin/992BB6CE55B046B7255C380E1FB2C566_4/analysis/FileList_done/16073032.list  
  inflating: /tmp/tinglin/992BB6CE55B046B7255C380E1FB2C566_4/analysis/FileList_done/16073033.list  
  inflating: /tmp/tinglin/992BB6CE55B046B7255C380E1FB2C566_4/analysis/FileList_done/16073034.list  
  inflating: /tmp/tinglin/992BB6CE55B046B7255C380E1FB2C566_4/analysis/FileList_done/16073035.list  
  inflating: /tmp/tinglin/992BB6CE55B046B7255C380E1FB2C566_4/analysis/FileList_done/16073037.list  
  inflating: /tmp/tinglin/992BB6CE55B046B7255C380E1FB2C566_4/analysis/FileList_done/16073038.list  
  inflating: /tmp/tinglin/992BB6CE55B046B7255C380E1FB2C566_4/analysis/FileList_done/16079060.list  
  inflating: /tmp/tinglin/992BB6CE55B046B7255C380E1FB2C566_4/analysis/FileList_done/16073040.list  
  inflating: /tmp/tinglin/992BB6CE55B046B7255C380E1FB2C566_4/analysis/FileList_done/16073045.list  
  inflating: /tmp/tinglin/992BB6CE55B046B7255C380E1FB2C566_4/analysis/FileList_done/16073046.list  
  inflating: /tmp/tinglin/992BB6CE55B046B7255C380E1FB2C566_4/analysis/FileList_done/16073047.list  
  inflating: /tmp/tinglin/992BB6CE55B046B7255C380E1FB2C566_4/analysis/FileList_done/16073048.list  
  inflating: /tmp/tinglin/992BB6CE55B046B7255C380E1FB2C566_4/analysis/FileList_done/16073049.list  
  inflating: /tmp/tinglin/992BB6CE55B046B7255C380E1FB2C566_4/analysis/FileList_done/16073050.list  
  inflating: /tmp/tinglin/992BB6CE55B046B7255C380E1FB2C566_4/analysis/FileList_done/16077021.list  
  inflating: /tmp/tinglin/992BB6CE55B046B7255C380E1FB2C566_4/analysis/FileList_done/16077027.list  
  inflating: /tmp/tinglin/992BB6CE55B046B7255C380E1FB2C566_4/analysis/FileList_done/16077028.list  
  inflating: /tmp/tinglin/992BB6CE55B046B7255C380E1FB2C566_4/analysis/FileList_done/16077029.list  
  inflating: /tmp/tinglin/992BB6CE55B046B7255C380E1FB2C566_4/analysis/FileList_done/16077030.list  
  inflating: /tmp/tinglin/992BB6CE55B046B7255C380E1FB2C566_4/analysis/FileList_done/16078056.list  
  inflating: /tmp/tinglin/992BB6CE55B046B7255C380E1FB2C566_4/analysis/FileList_done/16077032.list  
  inflating: /tmp/tinglin/992BB6CE55B046B7255C380E1FB2C566_4/analysis/FileList_done/16077033.list  
  inflating: /tmp/tinglin/992BB6CE55B046B7255C380E1FB2C566_4/analysis/FileList_done/16077034.list  
  inflating: /tmp/tinglin/992BB6CE55B046B7255C380E1FB2C566_4/analysis/FileList_done/16077037.list  
  inflating: /tmp/tinglin/992BB6CE55B046B7255C380E1FB2C566_4/analysis/FileList_done/16077038.list  
  inflating: /tmp/tinglin/992BB6CE55B046B7255C380E1FB2C566_4/analysis/FileList_done/16077039.list  
  inflating: /tmp/tinglin/992BB6CE55B046B7255C380E1FB2C566_4/analysis/FileList_done/16077040.list  
  inflating: /tmp/tinglin/992BB6CE55B046B7255C380E1FB2C566_4/analysis/FileList_done/16077041.list  
  inflating: /tmp/tinglin/992BB6CE55B046B7255C380E1FB2C566_4/analysis/FileList_done/16077043.list  
  inflating: /tmp/tinglin/992BB6CE55B046B7255C380E1FB2C566_4/analysis/FileList_done/16077044.list  
  inflating: /tmp/tinglin/992BB6CE55B046B7255C380E1FB2C566_4/analysis/FileList_done/16077045.list  
  inflating: /tmp/tinglin/992BB6CE55B046B7255C380E1FB2C566_4/analysis/FileList_done/16077046.list  
  inflating: /tmp/tinglin/992BB6CE55B046B7255C380E1FB2C566_4/analysis/FileList_done/16077047.list  
  inflating: /tmp/tinglin/992BB6CE55B046B7255C380E1FB2C566_4/analysis/FileList_done/16077054.list  
  inflating: /tmp/tinglin/992BB6CE55B046B7255C380E1FB2C566_4/analysis/FileList_done/16078001.list  
  inflating: /tmp/tinglin/992BB6CE55B046B7255C380E1FB2C566_4/analysis/FileList_done/16078002.list  
  inflating: /tmp/tinglin/992BB6CE55B046B7255C380E1FB2C566_4/analysis/FileList_done/16078003.list  
  inflating: /tmp/tinglin/992BB6CE55B046B7255C380E1FB2C566_4/analysis/FileList_done/16078004.list  
  inflating: /tmp/tinglin/992BB6CE55B046B7255C380E1FB2C566_4/analysis/FileList_done/16078005.list  
  inflating: /tmp/tinglin/992BB6CE55B046B7255C380E1FB2C566_4/analysis/FileList_done/16078006.list  
  inflating: /tmp/tinglin/992BB6CE55B046B7255C380E1FB2C566_4/analysis/FileList_done/16078007.list  
  inflating: /tmp/tinglin/992BB6CE55B046B7255C380E1FB2C566_4/analysis/FileList_done/16078008.list  
  inflating: /tmp/tinglin/992BB6CE55B046B7255C380E1FB2C566_4/analysis/FileList_done/16078009.list  
  inflating: /tmp/tinglin/992BB6CE55B046B7255C380E1FB2C566_4/analysis/FileList_done/16078028.list  
  inflating: /tmp/tinglin/992BB6CE55B046B7255C380E1FB2C566_4/analysis/FileList_done/16078011.list  
  inflating: /tmp/tinglin/992BB6CE55B046B7255C380E1FB2C566_4/analysis/FileList_done/16078012.list  
  inflating: /tmp/tinglin/992BB6CE55B046B7255C380E1FB2C566_4/analysis/FileList_done/16078013.list  
  inflating: /tmp/tinglin/992BB6CE55B046B7255C380E1FB2C566_4/analysis/FileList_done/16078014.list  
  inflating: /tmp/tinglin/992BB6CE55B046B7255C380E1FB2C566_4/analysis/FileList_done/16088030.list  
  inflating: /tmp/tinglin/992BB6CE55B046B7255C380E1FB2C566_4/analysis/FileList_done/16078029.list  
  inflating: /tmp/tinglin/992BB6CE55B046B7255C380E1FB2C566_4/analysis/FileList_done/16078030.list  
  inflating: /tmp/tinglin/992BB6CE55B046B7255C380E1FB2C566_4/analysis/FileList_done/16078031.list  
  inflating: /tmp/tinglin/992BB6CE55B046B7255C380E1FB2C566_4/analysis/FileList_done/16078032.list  
  inflating: /tmp/tinglin/992BB6CE55B046B7255C380E1FB2C566_4/analysis/FileList_done/16078033.list  
  inflating: /tmp/tinglin/992BB6CE55B046B7255C380E1FB2C566_4/analysis/FileList_done/16078034.list  
  inflating: /tmp/tinglin/992BB6CE55B046B7255C380E1FB2C566_4/analysis/FileList_done/16078035.list  
  inflating: /tmp/tinglin/992BB6CE55B046B7255C380E1FB2C566_4/analysis/FileList_done/16078036.list  
  inflating: /tmp/tinglin/992BB6CE55B046B7255C380E1FB2C566_4/analysis/FileList_done/16078037.list  
  inflating: /tmp/tinglin/992BB6CE55B046B7255C380E1FB2C566_4/analysis/FileList_done/16078038.list  
  inflating: /tmp/tinglin/992BB6CE55B046B7255C380E1FB2C566_4/analysis/FileList_done/16078039.list  
  inflating: /tmp/tinglin/992BB6CE55B046B7255C380E1FB2C566_4/analysis/FileList_done/16078041.list  
  inflating: /tmp/tinglin/992BB6CE55B046B7255C380E1FB2C566_4/analysis/FileList_done/16078042.list  
  inflating: /tmp/tinglin/992BB6CE55B046B7255C380E1FB2C566_4/analysis/FileList_done/16079062.list  
  inflating: /tmp/tinglin/992BB6CE55B046B7255C380E1FB2C566_4/analysis/FileList_done/16079001.list  
  inflating: /tmp/tinglin/992BB6CE55B046B7255C380E1FB2C566_4/analysis/FileList_done/16079010.list  
  inflating: /tmp/tinglin/992BB6CE55B046B7255C380E1FB2C566_4/analysis/FileList_done/16079011.list  
  inflating: /tmp/tinglin/992BB6CE55B046B7255C380E1FB2C566_4/analysis/FileList_done/16079013.list  
  inflating: /tmp/tinglin/992BB6CE55B046B7255C380E1FB2C566_4/analysis/FileList_done/16079015.list  
  inflating: /tmp/tinglin/992BB6CE55B046B7255C380E1FB2C566_4/analysis/FileList_done/16079016.list  
  inflating: /tmp/tinglin/992BB6CE55B046B7255C380E1FB2C566_4/analysis/FileList_done/16079017.list  
  inflating: /tmp/tinglin/992BB6CE55B046B7255C380E1FB2C566_4/analysis/FileList_done/16079018.list  
  inflating: /tmp/tinglin/992BB6CE55B046B7255C380E1FB2C566_4/analysis/FileList_done/16079019.list  
  inflating: /tmp/tinglin/992BB6CE55B046B7255C380E1FB2C566_4/analysis/FileList_done/16079020.list  
  inflating: /tmp/tinglin/992BB6CE55B046B7255C380E1FB2C566_4/analysis/FileList_done/16079021.list  
  inflating: /tmp/tinglin/992BB6CE55B046B7255C380E1FB2C566_4/analysis/FileList_done/16079022.list  
  inflating: /tmp/tinglin/992BB6CE55B046B7255C380E1FB2C566_4/analysis/FileList_done/16079023.list  
  inflating: /tmp/tinglin/992BB6CE55B046B7255C380E1FB2C566_4/analysis/FileList_done/16079024.list  
  inflating: /tmp/tinglin/992BB6CE55B046B7255C380E1FB2C566_4/analysis/FileList_done/16079027.list  
  inflating: /tmp/tinglin/992BB6CE55B046B7255C380E1FB2C566_4/analysis/FileList_done/16079028.list  
  inflating: /tmp/tinglin/992BB6CE55B046B7255C380E1FB2C566_4/analysis/FileList_done/16079029.list  
  inflating: /tmp/tinglin/992BB6CE55B046B7255C380E1FB2C566_4/analysis/FileList_done/16079030.list  
  inflating: /tmp/tinglin/992BB6CE55B046B7255C380E1FB2C566_4/analysis/FileList_done/16079031.list  
  inflating: /tmp/tinglin/992BB6CE55B046B7255C380E1FB2C566_4/analysis/FileList_done/16079032.list  
  inflating: /tmp/tinglin/992BB6CE55B046B7255C380E1FB2C566_4/analysis/FileList_done/16079033.list  
  inflating: /tmp/tinglin/992BB6CE55B046B7255C380E1FB2C566_4/analysis/FileList_done/16079034.list  
  inflating: /tmp/tinglin/992BB6CE55B046B7255C380E1FB2C566_4/analysis/FileList_done/16079035.list  
  inflating: /tmp/tinglin/992BB6CE55B046B7255C380E1FB2C566_4/analysis/FileList_done/16079036.list  
  inflating: /tmp/tinglin/992BB6CE55B046B7255C380E1FB2C566_4/analysis/FileList_done/16079046.list  
  inflating: /tmp/tinglin/992BB6CE55B046B7255C380E1FB2C566_4/analysis/FileList_done/16079047.list  
  inflating: /tmp/tinglin/992BB6CE55B046B7255C380E1FB2C566_4/analysis/FileList_done/16079048.list  
  inflating: /tmp/tinglin/992BB6CE55B046B7255C380E1FB2C566_4/analysis/FileList_done/16079049.list  
  inflating: /tmp/tinglin/992BB6CE55B046B7255C380E1FB2C566_4/analysis/FileList_done/16079052.list  
  inflating: /tmp/tinglin/992BB6CE55B046B7255C380E1FB2C566_4/analysis/FileList_done/16081053.list  
  inflating: /tmp/tinglin/992BB6CE55B046B7255C380E1FB2C566_4/analysis/FileList_done/16079057.list  
  inflating: /tmp/tinglin/992BB6CE55B046B7255C380E1FB2C566_4/analysis/FileList_done/16079054.list  
  inflating: /tmp/tinglin/992BB6CE55B046B7255C380E1FB2C566_4/analysis/FileList_done/16079058.list  
  inflating: /tmp/tinglin/992BB6CE55B046B7255C380E1FB2C566_4/analysis/FileList_done/16079059.list  
  inflating: /tmp/tinglin/992BB6CE55B046B7255C380E1FB2C566_4/analysis/FileList_done/16091009.list  
  inflating: /tmp/tinglin/992BB6CE55B046B7255C380E1FB2C566_4/analysis/FileList_done/16080050.list  
  inflating: /tmp/tinglin/992BB6CE55B046B7255C380E1FB2C566_4/analysis/FileList_done/16079061.list  
  inflating: /tmp/tinglin/992BB6CE55B046B7255C380E1FB2C566_4/analysis/FileList_done/16080002.list  
  inflating: /tmp/tinglin/992BB6CE55B046B7255C380E1FB2C566_4/analysis/FileList_done/16080004.list  
  inflating: /tmp/tinglin/992BB6CE55B046B7255C380E1FB2C566_4/analysis/FileList_done/16080005.list  
  inflating: /tmp/tinglin/992BB6CE55B046B7255C380E1FB2C566_4/analysis/FileList_done/16080013.list  
  inflating: /tmp/tinglin/992BB6CE55B046B7255C380E1FB2C566_4/analysis/FileList_done/16080012.list  
  inflating: /tmp/tinglin/992BB6CE55B046B7255C380E1FB2C566_4/analysis/FileList_done/16080006.list  
  inflating: /tmp/tinglin/992BB6CE55B046B7255C380E1FB2C566_4/analysis/FileList_done/16080015.list  
  inflating: /tmp/tinglin/992BB6CE55B046B7255C380E1FB2C566_4/analysis/FileList_done/16080014.list  
  inflating: /tmp/tinglin/992BB6CE55B046B7255C380E1FB2C566_4/analysis/FileList_done/16080020.list  
  inflating: /tmp/tinglin/992BB6CE55B046B7255C380E1FB2C566_4/analysis/FileList_done/16080021.list  
  inflating: /tmp/tinglin/992BB6CE55B046B7255C380E1FB2C566_4/analysis/FileList_done/16080022.list  
  inflating: /tmp/tinglin/992BB6CE55B046B7255C380E1FB2C566_4/analysis/FileList_done/16080023.list  
  inflating: /tmp/tinglin/992BB6CE55B046B7255C380E1FB2C566_4/analysis/FileList_done/16080024.list  
  inflating: /tmp/tinglin/992BB6CE55B046B7255C380E1FB2C566_4/analysis/FileList_done/16080025.list  
  inflating: /tmp/tinglin/992BB6CE55B046B7255C380E1FB2C566_4/analysis/FileList_done/16080026.list  
  inflating: /tmp/tinglin/992BB6CE55B046B7255C380E1FB2C566_4/analysis/FileList_done/16080027.list  
  inflating: /tmp/tinglin/992BB6CE55B046B7255C380E1FB2C566_4/analysis/FileList_done/16080028.list  
  inflating: /tmp/tinglin/992BB6CE55B046B7255C380E1FB2C566_4/analysis/FileList_done/16080029.list  
  inflating: /tmp/tinglin/992BB6CE55B046B7255C380E1FB2C566_4/analysis/FileList_done/16080030.list  
  inflating: /tmp/tinglin/992BB6CE55B046B7255C380E1FB2C566_4/analysis/FileList_done/16080031.list  
  inflating: /tmp/tinglin/992BB6CE55B046B7255C380E1FB2C566_4/analysis/FileList_done/16080032.list  
  inflating: /tmp/tinglin/992BB6CE55B046B7255C380E1FB2C566_4/analysis/FileList_done/16080033.list  
  inflating: /tmp/tinglin/992BB6CE55B046B7255C380E1FB2C566_4/analysis/FileList_done/16080043.list  
  inflating: /tmp/tinglin/992BB6CE55B046B7255C380E1FB2C566_4/analysis/FileList_done/16080044.list  
  inflating: /tmp/tinglin/992BB6CE55B046B7255C380E1FB2C566_4/analysis/FileList_done/16080045.list  
  inflating: /tmp/tinglin/992BB6CE55B046B7255C380E1FB2C566_4/analysis/FileList_done/16080046.list  
  inflating: /tmp/tinglin/992BB6CE55B046B7255C380E1FB2C566_4/analysis/FileList_done/16080047.list  
  inflating: /tmp/tinglin/992BB6CE55B046B7255C380E1FB2C566_4/analysis/FileList_done/16080048.list  
  inflating: /tmp/tinglin/992BB6CE55B046B7255C380E1FB2C566_4/analysis/FileList_done/16080049.list  
  inflating: /tmp/tinglin/992BB6CE55B046B7255C380E1FB2C566_4/analysis/FileList_done/16081054.list  
  inflating: /tmp/tinglin/992BB6CE55B046B7255C380E1FB2C566_4/analysis/FileList_done/16080051.list  
  inflating: /tmp/tinglin/992BB6CE55B046B7255C380E1FB2C566_4/analysis/FileList_done/16080052.list  
  inflating: /tmp/tinglin/992BB6CE55B046B7255C380E1FB2C566_4/analysis/FileList_done/16080053.list  
  inflating: /tmp/tinglin/992BB6CE55B046B7255C380E1FB2C566_4/analysis/FileList_done/16080054.list  
  inflating: /tmp/tinglin/992BB6CE55B046B7255C380E1FB2C566_4/analysis/FileList_done/16080055.list  
  inflating: /tmp/tinglin/992BB6CE55B046B7255C380E1FB2C566_4/analysis/FileList_done/16081001.list  
  inflating: /tmp/tinglin/992BB6CE55B046B7255C380E1FB2C566_4/analysis/FileList_done/16081002.list  
  inflating: /tmp/tinglin/992BB6CE55B046B7255C380E1FB2C566_4/analysis/FileList_done/16081003.list  
  inflating: /tmp/tinglin/992BB6CE55B046B7255C380E1FB2C566_4/analysis/FileList_done/16081012.list  
  inflating: /tmp/tinglin/992BB6CE55B046B7255C380E1FB2C566_4/analysis/FileList_done/16081013.list  
  inflating: /tmp/tinglin/992BB6CE55B046B7255C380E1FB2C566_4/analysis/FileList_done/16081015.list  
  inflating: /tmp/tinglin/992BB6CE55B046B7255C380E1FB2C566_4/analysis/FileList_done/16081016.list  
  inflating: /tmp/tinglin/992BB6CE55B046B7255C380E1FB2C566_4/analysis/FileList_done/16081017.list  
  inflating: /tmp/tinglin/992BB6CE55B046B7255C380E1FB2C566_4/analysis/FileList_done/16081018.list  
  inflating: /tmp/tinglin/992BB6CE55B046B7255C380E1FB2C566_4/analysis/FileList_done/16081019.list  
  inflating: /tmp/tinglin/992BB6CE55B046B7255C380E1FB2C566_4/analysis/FileList_done/16081020.list  
  inflating: /tmp/tinglin/992BB6CE55B046B7255C380E1FB2C566_4/analysis/FileList_done/16081021.list  
  inflating: /tmp/tinglin/992BB6CE55B046B7255C380E1FB2C566_4/analysis/FileList_done/16088031.list  
  inflating: /tmp/tinglin/992BB6CE55B046B7255C380E1FB2C566_4/analysis/FileList_done/16081024.list  
  inflating: /tmp/tinglin/992BB6CE55B046B7255C380E1FB2C566_4/analysis/FileList_done/16081025.list  
  inflating: /tmp/tinglin/992BB6CE55B046B7255C380E1FB2C566_4/analysis/FileList_done/16081036.list  
  inflating: /tmp/tinglin/992BB6CE55B046B7255C380E1FB2C566_4/analysis/FileList_done/16081037.list  
  inflating: /tmp/tinglin/992BB6CE55B046B7255C380E1FB2C566_4/analysis/FileList_done/16081048.list  
  inflating: /tmp/tinglin/992BB6CE55B046B7255C380E1FB2C566_4/analysis/FileList_done/16081049.list  
  inflating: /tmp/tinglin/992BB6CE55B046B7255C380E1FB2C566_4/analysis/FileList_done/16081052.list  
  inflating: /tmp/tinglin/992BB6CE55B046B7255C380E1FB2C566_4/analysis/FileList_done/16081050.list  
  inflating: /tmp/tinglin/992BB6CE55B046B7255C380E1FB2C566_4/analysis/FileList_done/16082055.list  
  inflating: /tmp/tinglin/992BB6CE55B046B7255C380E1FB2C566_4/analysis/FileList_done/16081055.list  
  inflating: /tmp/tinglin/992BB6CE55B046B7255C380E1FB2C566_4/analysis/FileList_done/16081056.list  
  inflating: /tmp/tinglin/992BB6CE55B046B7255C380E1FB2C566_4/analysis/FileList_done/16081057.list  
  inflating: /tmp/tinglin/992BB6CE55B046B7255C380E1FB2C566_4/analysis/FileList_done/16081058.list  
  inflating: /tmp/tinglin/992BB6CE55B046B7255C380E1FB2C566_4/analysis/FileList_done/16081059.list  
  inflating: /tmp/tinglin/992BB6CE55B046B7255C380E1FB2C566_4/analysis/FileList_done/16081060.list  
  inflating: /tmp/tinglin/992BB6CE55B046B7255C380E1FB2C566_4/analysis/FileList_done/16088046.list  
  inflating: /tmp/tinglin/992BB6CE55B046B7255C380E1FB2C566_4/analysis/FileList_done/16082001.list  
  inflating: /tmp/tinglin/992BB6CE55B046B7255C380E1FB2C566_4/analysis/FileList_done/16082002.list  
  inflating: /tmp/tinglin/992BB6CE55B046B7255C380E1FB2C566_4/analysis/FileList_done/16082012.list  
  inflating: /tmp/tinglin/992BB6CE55B046B7255C380E1FB2C566_4/analysis/FileList_done/16082013.list  
  inflating: /tmp/tinglin/992BB6CE55B046B7255C380E1FB2C566_4/analysis/FileList_done/16082017.list  
  inflating: /tmp/tinglin/992BB6CE55B046B7255C380E1FB2C566_4/analysis/FileList_done/16082018.list  
  inflating: /tmp/tinglin/992BB6CE55B046B7255C380E1FB2C566_4/analysis/FileList_done/16082029.list  
  inflating: /tmp/tinglin/992BB6CE55B046B7255C380E1FB2C566_4/analysis/FileList_done/16082022.list  
  inflating: /tmp/tinglin/992BB6CE55B046B7255C380E1FB2C566_4/analysis/FileList_done/16082023.list  
  inflating: /tmp/tinglin/992BB6CE55B046B7255C380E1FB2C566_4/analysis/FileList_done/16082025.list  
  inflating: /tmp/tinglin/992BB6CE55B046B7255C380E1FB2C566_4/analysis/FileList_done/16082027.list  
  inflating: /tmp/tinglin/992BB6CE55B046B7255C380E1FB2C566_4/analysis/FileList_done/16082028.list  
  inflating: /tmp/tinglin/992BB6CE55B046B7255C380E1FB2C566_4/analysis/FileList_done/16082048.list  
  inflating: /tmp/tinglin/992BB6CE55B046B7255C380E1FB2C566_4/analysis/FileList_done/16082039.list  
  inflating: /tmp/tinglin/992BB6CE55B046B7255C380E1FB2C566_4/analysis/FileList_done/16082040.list  
  inflating: /tmp/tinglin/992BB6CE55B046B7255C380E1FB2C566_4/analysis/FileList_done/16082041.list  
  inflating: /tmp/tinglin/992BB6CE55B046B7255C380E1FB2C566_4/analysis/FileList_done/16082042.list  
  inflating: /tmp/tinglin/992BB6CE55B046B7255C380E1FB2C566_4/analysis/FileList_done/16082043.list  
  inflating: /tmp/tinglin/992BB6CE55B046B7255C380E1FB2C566_4/analysis/FileList_done/16082046.list  
  inflating: /tmp/tinglin/992BB6CE55B046B7255C380E1FB2C566_4/analysis/FileList_done/16082047.list  
  inflating: /tmp/tinglin/992BB6CE55B046B7255C380E1FB2C566_4/analysis/FileList_done/16088040.list  
  inflating: /tmp/tinglin/992BB6CE55B046B7255C380E1FB2C566_4/analysis/FileList_done/16082049.list  
  inflating: /tmp/tinglin/992BB6CE55B046B7255C380E1FB2C566_4/analysis/FileList_done/16082050.list  
  inflating: /tmp/tinglin/992BB6CE55B046B7255C380E1FB2C566_4/analysis/FileList_done/16082051.list  
  inflating: /tmp/tinglin/992BB6CE55B046B7255C380E1FB2C566_4/analysis/FileList_done/16082052.list  
  inflating: /tmp/tinglin/992BB6CE55B046B7255C380E1FB2C566_4/analysis/FileList_done/16082053.list  
  inflating: /tmp/tinglin/992BB6CE55B046B7255C380E1FB2C566_4/analysis/FileList_done/16082054.list  
  inflating: /tmp/tinglin/992BB6CE55B046B7255C380E1FB2C566_4/analysis/FileList_done/16089001.list  
  inflating: /tmp/tinglin/992BB6CE55B046B7255C380E1FB2C566_4/analysis/FileList_done/16082056.list  
  inflating: /tmp/tinglin/992BB6CE55B046B7255C380E1FB2C566_4/analysis/FileList_done/16082057.list  
  inflating: /tmp/tinglin/992BB6CE55B046B7255C380E1FB2C566_4/analysis/FileList_done/16083005.list  
  inflating: /tmp/tinglin/992BB6CE55B046B7255C380E1FB2C566_4/analysis/FileList_done/16083006.list  
  inflating: /tmp/tinglin/992BB6CE55B046B7255C380E1FB2C566_4/analysis/FileList_done/16083007.list  
  inflating: /tmp/tinglin/992BB6CE55B046B7255C380E1FB2C566_4/analysis/FileList_done/16083009.list  
  inflating: /tmp/tinglin/992BB6CE55B046B7255C380E1FB2C566_4/analysis/FileList_done/16083008.list  
  inflating: /tmp/tinglin/992BB6CE55B046B7255C380E1FB2C566_4/analysis/FileList_done/16083010.list  
  inflating: /tmp/tinglin/992BB6CE55B046B7255C380E1FB2C566_4/analysis/FileList_done/16083011.list  
  inflating: /tmp/tinglin/992BB6CE55B046B7255C380E1FB2C566_4/analysis/FileList_done/16083012.list  
  inflating: /tmp/tinglin/992BB6CE55B046B7255C380E1FB2C566_4/analysis/FileList_done/16083013.list  
  inflating: /tmp/tinglin/992BB6CE55B046B7255C380E1FB2C566_4/analysis/FileList_done/16083014.list  
  inflating: /tmp/tinglin/992BB6CE55B046B7255C380E1FB2C566_4/analysis/FileList_done/16083015.list  
  inflating: /tmp/tinglin/992BB6CE55B046B7255C380E1FB2C566_4/analysis/FileList_done/16083016.list  
  inflating: /tmp/tinglin/992BB6CE55B046B7255C380E1FB2C566_4/analysis/FileList_done/16083018.list  
  inflating: /tmp/tinglin/992BB6CE55B046B7255C380E1FB2C566_4/analysis/FileList_done/16083019.list  
  inflating: /tmp/tinglin/992BB6CE55B046B7255C380E1FB2C566_4/analysis/FileList_done/16083042.list  
  inflating: /tmp/tinglin/992BB6CE55B046B7255C380E1FB2C566_4/analysis/FileList_done/16088042.list  
  inflating: /tmp/tinglin/992BB6CE55B046B7255C380E1FB2C566_4/analysis/FileList_done/16088043.list  
  inflating: /tmp/tinglin/992BB6CE55B046B7255C380E1FB2C566_4/analysis/FileList_done/16088044.list  
  inflating: /tmp/tinglin/992BB6CE55B046B7255C380E1FB2C566_4/analysis/FileList_done/16088045.list  
  inflating: /tmp/tinglin/992BB6CE55B046B7255C380E1FB2C566_4/analysis/FileList_done/16089019.list  
  inflating: /tmp/tinglin/992BB6CE55B046B7255C380E1FB2C566_4/analysis/FileList_done/16088050.list  
  inflating: /tmp/tinglin/992BB6CE55B046B7255C380E1FB2C566_4/analysis/FileList_done/16088047.list  
  inflating: /tmp/tinglin/992BB6CE55B046B7255C380E1FB2C566_4/analysis/FileList_done/16088049.list  
  inflating: /tmp/tinglin/992BB6CE55B046B7255C380E1FB2C566_4/analysis/FileList_done/16088048.list  
  inflating: /tmp/tinglin/992BB6CE55B046B7255C380E1FB2C566_4/analysis/FileList_done/16089005.list  
  inflating: /tmp/tinglin/992BB6CE55B046B7255C380E1FB2C566_4/analysis/FileList_done/16089002.list  
  inflating: /tmp/tinglin/992BB6CE55B046B7255C380E1FB2C566_4/analysis/FileList_done/16089020.list  
  inflating: /tmp/tinglin/992BB6CE55B046B7255C380E1FB2C566_4/analysis/FileList_done/16089004.list  
  inflating: /tmp/tinglin/992BB6CE55B046B7255C380E1FB2C566_4/analysis/FileList_done/16089003.list  
  inflating: /tmp/tinglin/992BB6CE55B046B7255C380E1FB2C566_4/analysis/FileList_done/16089016.list  
  inflating: /tmp/tinglin/992BB6CE55B046B7255C380E1FB2C566_4/analysis/FileList_done/16089044.list  
  inflating: /tmp/tinglin/992BB6CE55B046B7255C380E1FB2C566_4/analysis/FileList_done/16089018.list  
  inflating: /tmp/tinglin/992BB6CE55B046B7255C380E1FB2C566_4/analysis/FileList_done/16089017.list  
  inflating: /tmp/tinglin/992BB6CE55B046B7255C380E1FB2C566_4/analysis/FileList_done/16093012.list  
  inflating: /tmp/tinglin/992BB6CE55B046B7255C380E1FB2C566_4/analysis/FileList_done/16089024.list  
  inflating: /tmp/tinglin/992BB6CE55B046B7255C380E1FB2C566_4/analysis/FileList_done/16089026.list  
  inflating: /tmp/tinglin/992BB6CE55B046B7255C380E1FB2C566_4/analysis/FileList_done/16089027.list  
  inflating: /tmp/tinglin/992BB6CE55B046B7255C380E1FB2C566_4/analysis/FileList_done/16089028.list  
  inflating: /tmp/tinglin/992BB6CE55B046B7255C380E1FB2C566_4/analysis/FileList_done/16089041.list  
  inflating: /tmp/tinglin/992BB6CE55B046B7255C380E1FB2C566_4/analysis/FileList_done/16089030.list  
  inflating: /tmp/tinglin/992BB6CE55B046B7255C380E1FB2C566_4/analysis/FileList_done/16091014.list  
  inflating: /tmp/tinglin/992BB6CE55B046B7255C380E1FB2C566_4/analysis/FileList_done/16089042.list  
  inflating: /tmp/tinglin/992BB6CE55B046B7255C380E1FB2C566_4/analysis/FileList_done/16089043.list  
  inflating: /tmp/tinglin/992BB6CE55B046B7255C380E1FB2C566_4/analysis/FileList_done/16089031.list  
  inflating: /tmp/tinglin/992BB6CE55B046B7255C380E1FB2C566_4/analysis/FileList_done/16089048.list  
  inflating: /tmp/tinglin/992BB6CE55B046B7255C380E1FB2C566_4/analysis/FileList_done/16089046.list  
  inflating: /tmp/tinglin/992BB6CE55B046B7255C380E1FB2C566_4/analysis/FileList_done/16089045.list  
  inflating: /tmp/tinglin/992BB6CE55B046B7255C380E1FB2C566_4/analysis/FileList_done/16089047.list  
  inflating: /tmp/tinglin/992BB6CE55B046B7255C380E1FB2C566_4/analysis/FileList_done/16089050.list  
  inflating: /tmp/tinglin/992BB6CE55B046B7255C380E1FB2C566_4/analysis/FileList_done/16089049.list  
  inflating: /tmp/tinglin/992BB6CE55B046B7255C380E1FB2C566_4/analysis/FileList_done/16089053.list  
  inflating: /tmp/tinglin/992BB6CE55B046B7255C380E1FB2C566_4/analysis/FileList_done/16089051.list  
  inflating: /tmp/tinglin/992BB6CE55B046B7255C380E1FB2C566_4/analysis/FileList_done/16089052.list  
  inflating: /tmp/tinglin/992BB6CE55B046B7255C380E1FB2C566_4/analysis/FileList_done/16090001.list  
  inflating: /tmp/tinglin/992BB6CE55B046B7255C380E1FB2C566_4/analysis/FileList_done/16089054.list  
  inflating: /tmp/tinglin/992BB6CE55B046B7255C380E1FB2C566_4/analysis/FileList_done/16090004.list  
  inflating: /tmp/tinglin/992BB6CE55B046B7255C380E1FB2C566_4/analysis/FileList_done/16090002.list  
  inflating: /tmp/tinglin/992BB6CE55B046B7255C380E1FB2C566_4/analysis/FileList_done/16090018.list  
  inflating: /tmp/tinglin/992BB6CE55B046B7255C380E1FB2C566_4/analysis/FileList_done/16090003.list  
  inflating: /tmp/tinglin/992BB6CE55B046B7255C380E1FB2C566_4/analysis/FileList_done/16090005.list  
  inflating: /tmp/tinglin/992BB6CE55B046B7255C380E1FB2C566_4/analysis/FileList_done/16090015.list  
  inflating: /tmp/tinglin/992BB6CE55B046B7255C380E1FB2C566_4/analysis/FileList_done/16090016.list  
  inflating: /tmp/tinglin/992BB6CE55B046B7255C380E1FB2C566_4/analysis/FileList_done/16090017.list  
  inflating: /tmp/tinglin/992BB6CE55B046B7255C380E1FB2C566_4/analysis/FileList_done/16090024.list  
  inflating: /tmp/tinglin/992BB6CE55B046B7255C380E1FB2C566_4/analysis/FileList_done/16090019.list  
  inflating: /tmp/tinglin/992BB6CE55B046B7255C380E1FB2C566_4/analysis/FileList_done/16090021.list  
  inflating: /tmp/tinglin/992BB6CE55B046B7255C380E1FB2C566_4/analysis/FileList_done/16090022.list  
  inflating: /tmp/tinglin/992BB6CE55B046B7255C380E1FB2C566_4/analysis/FileList_done/16090023.list  
  inflating: /tmp/tinglin/992BB6CE55B046B7255C380E1FB2C566_4/analysis/FileList_done/16091004.list  
  inflating: /tmp/tinglin/992BB6CE55B046B7255C380E1FB2C566_4/analysis/FileList_done/16090025.list  
  inflating: /tmp/tinglin/992BB6CE55B046B7255C380E1FB2C566_4/analysis/FileList_done/16090026.list  
  inflating: /tmp/tinglin/992BB6CE55B046B7255C380E1FB2C566_4/analysis/FileList_done/16090027.list  
  inflating: /tmp/tinglin/992BB6CE55B046B7255C380E1FB2C566_4/analysis/FileList_done/16090028.list  
  inflating: /tmp/tinglin/992BB6CE55B046B7255C380E1FB2C566_4/analysis/FileList_done/16090029.list  
  inflating: /tmp/tinglin/992BB6CE55B046B7255C380E1FB2C566_4/analysis/FileList_done/16090030.list  
  inflating: /tmp/tinglin/992BB6CE55B046B7255C380E1FB2C566_4/analysis/FileList_done/16090038.list  
  inflating: /tmp/tinglin/992BB6CE55B046B7255C380E1FB2C566_4/analysis/FileList_done/16090039.list  
  inflating: /tmp/tinglin/992BB6CE55B046B7255C380E1FB2C566_4/analysis/FileList_done/16090041.list  
  inflating: /tmp/tinglin/992BB6CE55B046B7255C380E1FB2C566_4/analysis/FileList_done/16090042.list  
  inflating: /tmp/tinglin/992BB6CE55B046B7255C380E1FB2C566_4/analysis/FileList_done/16090044.list  
  inflating: /tmp/tinglin/992BB6CE55B046B7255C380E1FB2C566_4/analysis/FileList_done/16090045.list  
  inflating: /tmp/tinglin/992BB6CE55B046B7255C380E1FB2C566_4/analysis/FileList_done/16090046.list  
  inflating: /tmp/tinglin/992BB6CE55B046B7255C380E1FB2C566_4/analysis/FileList_done/16093016.list  
  inflating: /tmp/tinglin/992BB6CE55B046B7255C380E1FB2C566_4/analysis/FileList_done/16090048.list  
  inflating: /tmp/tinglin/992BB6CE55B046B7255C380E1FB2C566_4/analysis/FileList_done/16090049.list  
  inflating: /tmp/tinglin/992BB6CE55B046B7255C380E1FB2C566_4/analysis/FileList_done/16090050.list  
  inflating: /tmp/tinglin/992BB6CE55B046B7255C380E1FB2C566_4/analysis/FileList_done/16090051.list  
  inflating: /tmp/tinglin/992BB6CE55B046B7255C380E1FB2C566_4/analysis/FileList_done/16090052.list  
  inflating: /tmp/tinglin/992BB6CE55B046B7255C380E1FB2C566_4/analysis/FileList_done/16090053.list  
  inflating: /tmp/tinglin/992BB6CE55B046B7255C380E1FB2C566_4/analysis/FileList_done/16091003.list  
  inflating: /tmp/tinglin/992BB6CE55B046B7255C380E1FB2C566_4/analysis/FileList_done/16091007.list  
  inflating: /tmp/tinglin/992BB6CE55B046B7255C380E1FB2C566_4/analysis/FileList_done/16091006.list  
  inflating: /tmp/tinglin/992BB6CE55B046B7255C380E1FB2C566_4/analysis/FileList_done/16091005.list  
  inflating: /tmp/tinglin/992BB6CE55B046B7255C380E1FB2C566_4/analysis/FileList_done/16091008.list  
  inflating: /tmp/tinglin/992BB6CE55B046B7255C380E1FB2C566_4/analysis/FileList_done/16091057.list  
  inflating: /tmp/tinglin/992BB6CE55B046B7255C380E1FB2C566_4/analysis/FileList_done/16091010.list  
  inflating: /tmp/tinglin/992BB6CE55B046B7255C380E1FB2C566_4/analysis/FileList_done/16091011.list  
  inflating: /tmp/tinglin/992BB6CE55B046B7255C380E1FB2C566_4/analysis/FileList_done/16091012.list  
  inflating: /tmp/tinglin/992BB6CE55B046B7255C380E1FB2C566_4/analysis/FileList_done/16091013.list  
  inflating: /tmp/tinglin/992BB6CE55B046B7255C380E1FB2C566_4/analysis/FileList_done/16091063.list  
  inflating: /tmp/tinglin/992BB6CE55B046B7255C380E1FB2C566_4/analysis/FileList_done/16091061.list  
  inflating: /tmp/tinglin/992BB6CE55B046B7255C380E1FB2C566_4/analysis/FileList_done/16091062.list  
  inflating: /tmp/tinglin/992BB6CE55B046B7255C380E1FB2C566_4/analysis/FileList_done/16092002.list  
  inflating: /tmp/tinglin/992BB6CE55B046B7255C380E1FB2C566_4/analysis/FileList_done/16092001.list  
  inflating: /tmp/tinglin/992BB6CE55B046B7255C380E1FB2C566_4/analysis/FileList_done/16092018.list  
  inflating: /tmp/tinglin/992BB6CE55B046B7255C380E1FB2C566_4/analysis/FileList_done/16092003.list  
  inflating: /tmp/tinglin/992BB6CE55B046B7255C380E1FB2C566_4/analysis/FileList_done/16093018.list  
  inflating: /tmp/tinglin/992BB6CE55B046B7255C380E1FB2C566_4/analysis/FileList_done/16092016.list  
  inflating: /tmp/tinglin/992BB6CE55B046B7255C380E1FB2C566_4/analysis/FileList_done/16092017.list  
  inflating: /tmp/tinglin/992BB6CE55B046B7255C380E1FB2C566_4/analysis/FileList_done/16092019.list  
  inflating: /tmp/tinglin/992BB6CE55B046B7255C380E1FB2C566_4/analysis/FileList_done/16092020.list  
  inflating: /tmp/tinglin/992BB6CE55B046B7255C380E1FB2C566_4/analysis/FileList_done/16092021.list  
  inflating: /tmp/tinglin/992BB6CE55B046B7255C380E1FB2C566_4/analysis/FileList_done/16092022.list  
  inflating: /tmp/tinglin/992BB6CE55B046B7255C380E1FB2C566_4/analysis/FileList_done/16092023.list  
  inflating: /tmp/tinglin/992BB6CE55B046B7255C380E1FB2C566_4/analysis/FileList_done/16092033.list  
  inflating: /tmp/tinglin/992BB6CE55B046B7255C380E1FB2C566_4/analysis/FileList_done/16092034.list  
  inflating: /tmp/tinglin/992BB6CE55B046B7255C380E1FB2C566_4/analysis/FileList_done/16092049.list  
  inflating: /tmp/tinglin/992BB6CE55B046B7255C380E1FB2C566_4/analysis/FileList_done/16092051.list  
  inflating: /tmp/tinglin/992BB6CE55B046B7255C380E1FB2C566_4/analysis/FileList_done/16092036.list  
  inflating: /tmp/tinglin/992BB6CE55B046B7255C380E1FB2C566_4/analysis/FileList_done/16092035.list  
  inflating: /tmp/tinglin/992BB6CE55B046B7255C380E1FB2C566_4/analysis/FileList_done/16092037.list  
  inflating: /tmp/tinglin/992BB6CE55B046B7255C380E1FB2C566_4/analysis/FileList_done/16092040.list  
  inflating: /tmp/tinglin/992BB6CE55B046B7255C380E1FB2C566_4/analysis/FileList_done/16092042.list  
  inflating: /tmp/tinglin/992BB6CE55B046B7255C380E1FB2C566_4/analysis/FileList_done/16092044.list  
  inflating: /tmp/tinglin/992BB6CE55B046B7255C380E1FB2C566_4/analysis/FileList_done/16092048.list  
  inflating: /tmp/tinglin/992BB6CE55B046B7255C380E1FB2C566_4/analysis/FileList_done/16092050.list  
  inflating: /tmp/tinglin/992BB6CE55B046B7255C380E1FB2C566_4/analysis/FileList_done/16092053.list  
  inflating: /tmp/tinglin/992BB6CE55B046B7255C380E1FB2C566_4/analysis/FileList_done/16092055.list  
  inflating: /tmp/tinglin/992BB6CE55B046B7255C380E1FB2C566_4/analysis/FileList_done/16092052.list  
  inflating: /tmp/tinglin/992BB6CE55B046B7255C380E1FB2C566_4/analysis/FileList_done/16092063.list  
  inflating: /tmp/tinglin/992BB6CE55B046B7255C380E1FB2C566_4/analysis/FileList_done/16092064.list  
  inflating: /tmp/tinglin/992BB6CE55B046B7255C380E1FB2C566_4/analysis/FileList_done/16092054.list  
  inflating: /tmp/tinglin/992BB6CE55B046B7255C380E1FB2C566_4/analysis/FileList_done/16092066.list  
  inflating: /tmp/tinglin/992BB6CE55B046B7255C380E1FB2C566_4/analysis/FileList_done/16092065.list  
  inflating: /tmp/tinglin/992BB6CE55B046B7255C380E1FB2C566_4/analysis/FileList_done/16092071.list  
  inflating: /tmp/tinglin/992BB6CE55B046B7255C380E1FB2C566_4/analysis/FileList_done/16092067.list  
  inflating: /tmp/tinglin/992BB6CE55B046B7255C380E1FB2C566_4/analysis/FileList_done/16092070.list  
  inflating: /tmp/tinglin/992BB6CE55B046B7255C380E1FB2C566_4/analysis/FileList_done/16092068.list  
  inflating: /tmp/tinglin/992BB6CE55B046B7255C380E1FB2C566_4/analysis/FileList_done/16092069.list  
  inflating: /tmp/tinglin/992BB6CE55B046B7255C380E1FB2C566_4/analysis/FileList_done/16093001.list  
  inflating: /tmp/tinglin/992BB6CE55B046B7255C380E1FB2C566_4/analysis/FileList_done/16093002.list  
  inflating: /tmp/tinglin/992BB6CE55B046B7255C380E1FB2C566_4/analysis/FileList_done/16093003.list  
  inflating: /tmp/tinglin/992BB6CE55B046B7255C380E1FB2C566_4/analysis/FileList_done/16093004.list  
  inflating: /tmp/tinglin/992BB6CE55B046B7255C380E1FB2C566_4/analysis/FileList_done/16093014.list  
  inflating: /tmp/tinglin/992BB6CE55B046B7255C380E1FB2C566_4/analysis/FileList_done/16093011.list  
  inflating: /tmp/tinglin/992BB6CE55B046B7255C380E1FB2C566_4/analysis/FileList_done/16093013.list  
  inflating: /tmp/tinglin/992BB6CE55B046B7255C380E1FB2C566_4/analysis/FileList_done/16093015.list  
  inflating: /tmp/tinglin/992BB6CE55B046B7255C380E1FB2C566_4/analysis/FileList_done/16093017.list  
   creating: /tmp/tinglin/992BB6CE55B046B7255C380E1FB2C566_4/analysis/FileList_NotYet/
  inflating: /tmp/tinglin/992BB6CE55B046B7255C380E1FB2C566_4/analysis/FileList_NotYet/16087025.list  
 extracting: /tmp/tinglin/992BB6CE55B046B7255C380E1FB2C566_4/analysis/FileList_NotYet/16078029.list  
  inflating: /tmp/tinglin/992BB6CE55B046B7255C380E1FB2C566_4/analysis/FileList_NotYet/16078002.list  
 extracting: /tmp/tinglin/992BB6CE55B046B7255C380E1FB2C566_4/analysis/FileList_NotYet/16092042.list  
  inflating: /tmp/tinglin/992BB6CE55B046B7255C380E1FB2C566_4/analysis/FileList_NotYet/16092044.list  
 extracting: /tmp/tinglin/992BB6CE55B046B7255C380E1FB2C566_4/analysis/FileList_NotYet/16079032.list  
 extracting: /tmp/tinglin/992BB6CE55B046B7255C380E1FB2C566_4/analysis/FileList_NotYet/16069055.list  
  inflating: /tmp/tinglin/992BB6CE55B046B7255C380E1FB2C566_4/analysis/FileList_NotYet/16085029.list  
  inflating: /tmp/tinglin/992BB6CE55B046B7255C380E1FB2C566_4/analysis/FileList_NotYet/16069065.list  
  inflating: /tmp/tinglin/992BB6CE55B046B7255C380E1FB2C566_4/analysis/FileList_NotYet/16066047.list  
 extracting: /tmp/tinglin/992BB6CE55B046B7255C380E1FB2C566_4/analysis/FileList_NotYet/16064078.list  
 extracting: /tmp/tinglin/992BB6CE55B046B7255C380E1FB2C566_4/analysis/FileList_NotYet/16065025.list  
 extracting: /tmp/tinglin/992BB6CE55B046B7255C380E1FB2C566_4/analysis/FileList_NotYet/16064077.list  
 extracting: /tmp/tinglin/992BB6CE55B046B7255C380E1FB2C566_4/analysis/FileList_NotYet/16064079.list  
 extracting: /tmp/tinglin/992BB6CE55B046B7255C380E1FB2C566_4/analysis/FileList_NotYet/16064080.list  
 extracting: /tmp/tinglin/992BB6CE55B046B7255C380E1FB2C566_4/analysis/FileList_NotYet/16064082.list  
  inflating: /tmp/tinglin/992BB6CE55B046B7255C380E1FB2C566_4/analysis/FileList_NotYet/16065001.list  
  inflating: /tmp/tinglin/992BB6CE55B046B7255C380E1FB2C566_4/analysis/FileList_NotYet/16065002.list  
 extracting: /tmp/tinglin/992BB6CE55B046B7255C380E1FB2C566_4/analysis/FileList_NotYet/16065003.list  
 extracting: /tmp/tinglin/992BB6CE55B046B7255C380E1FB2C566_4/analysis/FileList_NotYet/16065005.list  
 extracting: /tmp/tinglin/992BB6CE55B046B7255C380E1FB2C566_4/analysis/FileList_NotYet/16065006.list  
 extracting: /tmp/tinglin/992BB6CE55B046B7255C380E1FB2C566_4/analysis/FileList_NotYet/16065007.list  
 extracting: /tmp/tinglin/992BB6CE55B046B7255C380E1FB2C566_4/analysis/FileList_NotYet/16065008.list  
 extracting: /tmp/tinglin/992BB6CE55B046B7255C380E1FB2C566_4/analysis/FileList_NotYet/16065009.list  
 extracting: /tmp/tinglin/992BB6CE55B046B7255C380E1FB2C566_4/analysis/FileList_NotYet/16065010.list  
 extracting: /tmp/tinglin/992BB6CE55B046B7255C380E1FB2C566_4/analysis/FileList_NotYet/16065012.list  
 extracting: /tmp/tinglin/992BB6CE55B046B7255C380E1FB2C566_4/analysis/FileList_NotYet/16065013.list  
  inflating: /tmp/tinglin/992BB6CE55B046B7255C380E1FB2C566_4/analysis/FileList_NotYet/16065014.list  
  inflating: /tmp/tinglin/992BB6CE55B046B7255C380E1FB2C566_4/analysis/FileList_NotYet/16065015.list  
 extracting: /tmp/tinglin/992BB6CE55B046B7255C380E1FB2C566_4/analysis/FileList_NotYet/16065016.list  
 extracting: /tmp/tinglin/992BB6CE55B046B7255C380E1FB2C566_4/analysis/FileList_NotYet/16065017.list  
 extracting: /tmp/tinglin/992BB6CE55B046B7255C380E1FB2C566_4/analysis/FileList_NotYet/16065018.list  
  inflating: /tmp/tinglin/992BB6CE55B046B7255C380E1FB2C566_4/analysis/FileList_NotYet/16065023.list  
 extracting: /tmp/tinglin/992BB6CE55B046B7255C380E1FB2C566_4/analysis/FileList_NotYet/16065024.list  
 extracting: /tmp/tinglin/992BB6CE55B046B7255C380E1FB2C566_4/analysis/FileList_NotYet/16077040.list  
 extracting: /tmp/tinglin/992BB6CE55B046B7255C380E1FB2C566_4/analysis/FileList_NotYet/16065026.list  
 extracting: /tmp/tinglin/992BB6CE55B046B7255C380E1FB2C566_4/analysis/FileList_NotYet/16065027.list  
 extracting: /tmp/tinglin/992BB6CE55B046B7255C380E1FB2C566_4/analysis/FileList_NotYet/16065028.list  
 extracting: /tmp/tinglin/992BB6CE55B046B7255C380E1FB2C566_4/analysis/FileList_NotYet/16065036.list  
 extracting: /tmp/tinglin/992BB6CE55B046B7255C380E1FB2C566_4/analysis/FileList_NotYet/16065037.list  
 extracting: /tmp/tinglin/992BB6CE55B046B7255C380E1FB2C566_4/analysis/FileList_NotYet/16065038.list  
  inflating: /tmp/tinglin/992BB6CE55B046B7255C380E1FB2C566_4/analysis/FileList_NotYet/16065039.list  
 extracting: /tmp/tinglin/992BB6CE55B046B7255C380E1FB2C566_4/analysis/FileList_NotYet/16065041.list  
 extracting: /tmp/tinglin/992BB6CE55B046B7255C380E1FB2C566_4/analysis/FileList_NotYet/16065042.list  
 extracting: /tmp/tinglin/992BB6CE55B046B7255C380E1FB2C566_4/analysis/FileList_NotYet/16065044.list  
 extracting: /tmp/tinglin/992BB6CE55B046B7255C380E1FB2C566_4/analysis/FileList_NotYet/16065045.list  
 extracting: /tmp/tinglin/992BB6CE55B046B7255C380E1FB2C566_4/analysis/FileList_NotYet/16065046.list  
 extracting: /tmp/tinglin/992BB6CE55B046B7255C380E1FB2C566_4/analysis/FileList_NotYet/16065047.list  
 extracting: /tmp/tinglin/992BB6CE55B046B7255C380E1FB2C566_4/analysis/FileList_NotYet/16065048.list  
  inflating: /tmp/tinglin/992BB6CE55B046B7255C380E1FB2C566_4/analysis/FileList_NotYet/16065060.list  
 extracting: /tmp/tinglin/992BB6CE55B046B7255C380E1FB2C566_4/analysis/FileList_NotYet/16065061.list  
  inflating: /tmp/tinglin/992BB6CE55B046B7255C380E1FB2C566_4/analysis/FileList_NotYet/16065072.list  
 extracting: /tmp/tinglin/992BB6CE55B046B7255C380E1FB2C566_4/analysis/FileList_NotYet/16066001.list  
 extracting: /tmp/tinglin/992BB6CE55B046B7255C380E1FB2C566_4/analysis/FileList_NotYet/16066002.list  
  inflating: /tmp/tinglin/992BB6CE55B046B7255C380E1FB2C566_4/analysis/FileList_NotYet/16066003.list  
  inflating: /tmp/tinglin/992BB6CE55B046B7255C380E1FB2C566_4/analysis/FileList_NotYet/16066004.list  
  inflating: /tmp/tinglin/992BB6CE55B046B7255C380E1FB2C566_4/analysis/FileList_NotYet/16066005.list  
  inflating: /tmp/tinglin/992BB6CE55B046B7255C380E1FB2C566_4/analysis/FileList_NotYet/16066006.list  
  inflating: /tmp/tinglin/992BB6CE55B046B7255C380E1FB2C566_4/analysis/FileList_NotYet/16066007.list  
 extracting: /tmp/tinglin/992BB6CE55B046B7255C380E1FB2C566_4/analysis/FileList_NotYet/16066008.list  
 extracting: /tmp/tinglin/992BB6CE55B046B7255C380E1FB2C566_4/analysis/FileList_NotYet/16066009.list  
 extracting: /tmp/tinglin/992BB6CE55B046B7255C380E1FB2C566_4/analysis/FileList_NotYet/16066011.list  
 extracting: /tmp/tinglin/992BB6CE55B046B7255C380E1FB2C566_4/analysis/FileList_NotYet/16066012.list  
 extracting: /tmp/tinglin/992BB6CE55B046B7255C380E1FB2C566_4/analysis/FileList_NotYet/16066015.list  
 extracting: /tmp/tinglin/992BB6CE55B046B7255C380E1FB2C566_4/analysis/FileList_NotYet/16066016.list  
  inflating: /tmp/tinglin/992BB6CE55B046B7255C380E1FB2C566_4/analysis/FileList_NotYet/16066017.list  
 extracting: /tmp/tinglin/992BB6CE55B046B7255C380E1FB2C566_4/analysis/FileList_NotYet/16066018.list  
  inflating: /tmp/tinglin/992BB6CE55B046B7255C380E1FB2C566_4/analysis/FileList_NotYet/16068021.list  
  inflating: /tmp/tinglin/992BB6CE55B046B7255C380E1FB2C566_4/analysis/FileList_NotYet/16066019.list  
 extracting: /tmp/tinglin/992BB6CE55B046B7255C380E1FB2C566_4/analysis/FileList_NotYet/16066020.list  
 extracting: /tmp/tinglin/992BB6CE55B046B7255C380E1FB2C566_4/analysis/FileList_NotYet/16066021.list  
  inflating: /tmp/tinglin/992BB6CE55B046B7255C380E1FB2C566_4/analysis/FileList_NotYet/16066026.list  
  inflating: /tmp/tinglin/992BB6CE55B046B7255C380E1FB2C566_4/analysis/FileList_NotYet/16066027.list  
 extracting: /tmp/tinglin/992BB6CE55B046B7255C380E1FB2C566_4/analysis/FileList_NotYet/16066030.list  
 extracting: /tmp/tinglin/992BB6CE55B046B7255C380E1FB2C566_4/analysis/FileList_NotYet/16066031.list  
  inflating: /tmp/tinglin/992BB6CE55B046B7255C380E1FB2C566_4/analysis/FileList_NotYet/16066032.list  
 extracting: /tmp/tinglin/992BB6CE55B046B7255C380E1FB2C566_4/analysis/FileList_NotYet/16066033.list  
 extracting: /tmp/tinglin/992BB6CE55B046B7255C380E1FB2C566_4/analysis/FileList_NotYet/16066035.list  
  inflating: /tmp/tinglin/992BB6CE55B046B7255C380E1FB2C566_4/analysis/FileList_NotYet/16066049.list  
  inflating: /tmp/tinglin/992BB6CE55B046B7255C380E1FB2C566_4/analysis/FileList_NotYet/16066050.list  
  inflating: /tmp/tinglin/992BB6CE55B046B7255C380E1FB2C566_4/analysis/FileList_NotYet/16066051.list  
 extracting: /tmp/tinglin/992BB6CE55B046B7255C380E1FB2C566_4/analysis/FileList_NotYet/16066052.list  
 extracting: /tmp/tinglin/992BB6CE55B046B7255C380E1FB2C566_4/analysis/FileList_NotYet/16066053.list  
 extracting: /tmp/tinglin/992BB6CE55B046B7255C380E1FB2C566_4/analysis/FileList_NotYet/16066054.list  
  inflating: /tmp/tinglin/992BB6CE55B046B7255C380E1FB2C566_4/analysis/FileList_NotYet/16066055.list  
 extracting: /tmp/tinglin/992BB6CE55B046B7255C380E1FB2C566_4/analysis/FileList_NotYet/16066059.list  
 extracting: /tmp/tinglin/992BB6CE55B046B7255C380E1FB2C566_4/analysis/FileList_NotYet/16066060.list  
 extracting: /tmp/tinglin/992BB6CE55B046B7255C380E1FB2C566_4/analysis/FileList_NotYet/16067001.list  
 extracting: /tmp/tinglin/992BB6CE55B046B7255C380E1FB2C566_4/analysis/FileList_NotYet/16067003.list  
 extracting: /tmp/tinglin/992BB6CE55B046B7255C380E1FB2C566_4/analysis/FileList_NotYet/16067004.list  
 extracting: /tmp/tinglin/992BB6CE55B046B7255C380E1FB2C566_4/analysis/FileList_NotYet/16067005.list  
 extracting: /tmp/tinglin/992BB6CE55B046B7255C380E1FB2C566_4/analysis/FileList_NotYet/16067006.list  
  inflating: /tmp/tinglin/992BB6CE55B046B7255C380E1FB2C566_4/analysis/FileList_NotYet/16067013.list  
  inflating: /tmp/tinglin/992BB6CE55B046B7255C380E1FB2C566_4/analysis/FileList_NotYet/16067014.list  
  inflating: /tmp/tinglin/992BB6CE55B046B7255C380E1FB2C566_4/analysis/FileList_NotYet/16067015.list  
  inflating: /tmp/tinglin/992BB6CE55B046B7255C380E1FB2C566_4/analysis/FileList_NotYet/16067016.list  
  inflating: /tmp/tinglin/992BB6CE55B046B7255C380E1FB2C566_4/analysis/FileList_NotYet/16067017.list  
  inflating: /tmp/tinglin/992BB6CE55B046B7255C380E1FB2C566_4/analysis/FileList_NotYet/16067019.list  
 extracting: /tmp/tinglin/992BB6CE55B046B7255C380E1FB2C566_4/analysis/FileList_NotYet/16067020.list  
 extracting: /tmp/tinglin/992BB6CE55B046B7255C380E1FB2C566_4/analysis/FileList_NotYet/16067021.list  
  inflating: /tmp/tinglin/992BB6CE55B046B7255C380E1FB2C566_4/analysis/FileList_NotYet/16067022.list  
 extracting: /tmp/tinglin/992BB6CE55B046B7255C380E1FB2C566_4/analysis/FileList_NotYet/16067040.list  
 extracting: /tmp/tinglin/992BB6CE55B046B7255C380E1FB2C566_4/analysis/FileList_NotYet/16067041.list  
 extracting: /tmp/tinglin/992BB6CE55B046B7255C380E1FB2C566_4/analysis/FileList_NotYet/16067042.list  
 extracting: /tmp/tinglin/992BB6CE55B046B7255C380E1FB2C566_4/analysis/FileList_NotYet/16067043.list  
 extracting: /tmp/tinglin/992BB6CE55B046B7255C380E1FB2C566_4/analysis/FileList_NotYet/16067044.list  
 extracting: /tmp/tinglin/992BB6CE55B046B7255C380E1FB2C566_4/analysis/FileList_NotYet/16068001.list  
  inflating: /tmp/tinglin/992BB6CE55B046B7255C380E1FB2C566_4/analysis/FileList_NotYet/16068003.list  
 extracting: /tmp/tinglin/992BB6CE55B046B7255C380E1FB2C566_4/analysis/FileList_NotYet/16068004.list  
 extracting: /tmp/tinglin/992BB6CE55B046B7255C380E1FB2C566_4/analysis/FileList_NotYet/16068005.list  
 extracting: /tmp/tinglin/992BB6CE55B046B7255C380E1FB2C566_4/analysis/FileList_NotYet/16068006.list  
 extracting: /tmp/tinglin/992BB6CE55B046B7255C380E1FB2C566_4/analysis/FileList_NotYet/16068007.list  
  inflating: /tmp/tinglin/992BB6CE55B046B7255C380E1FB2C566_4/analysis/FileList_NotYet/16068008.list  
  inflating: /tmp/tinglin/992BB6CE55B046B7255C380E1FB2C566_4/analysis/FileList_NotYet/16068009.list  
 extracting: /tmp/tinglin/992BB6CE55B046B7255C380E1FB2C566_4/analysis/FileList_NotYet/16068010.list  
  inflating: /tmp/tinglin/992BB6CE55B046B7255C380E1FB2C566_4/analysis/FileList_NotYet/16072002.list  
 extracting: /tmp/tinglin/992BB6CE55B046B7255C380E1FB2C566_4/analysis/FileList_NotYet/16068013.list  
  inflating: /tmp/tinglin/992BB6CE55B046B7255C380E1FB2C566_4/analysis/FileList_NotYet/16068014.list  
 extracting: /tmp/tinglin/992BB6CE55B046B7255C380E1FB2C566_4/analysis/FileList_NotYet/16068015.list  
  inflating: /tmp/tinglin/992BB6CE55B046B7255C380E1FB2C566_4/analysis/FileList_NotYet/16068016.list  
 extracting: /tmp/tinglin/992BB6CE55B046B7255C380E1FB2C566_4/analysis/FileList_NotYet/16068017.list  
  inflating: /tmp/tinglin/992BB6CE55B046B7255C380E1FB2C566_4/analysis/FileList_NotYet/16068018.list  
 extracting: /tmp/tinglin/992BB6CE55B046B7255C380E1FB2C566_4/analysis/FileList_NotYet/16068023.list  
  inflating: /tmp/tinglin/992BB6CE55B046B7255C380E1FB2C566_4/analysis/FileList_NotYet/16068022.list  
  inflating: /tmp/tinglin/992BB6CE55B046B7255C380E1FB2C566_4/analysis/FileList_NotYet/16068024.list  
 extracting: /tmp/tinglin/992BB6CE55B046B7255C380E1FB2C566_4/analysis/FileList_NotYet/16068025.list  
 extracting: /tmp/tinglin/992BB6CE55B046B7255C380E1FB2C566_4/analysis/FileList_NotYet/16068028.list  
 extracting: /tmp/tinglin/992BB6CE55B046B7255C380E1FB2C566_4/analysis/FileList_NotYet/16068029.list  
 extracting: /tmp/tinglin/992BB6CE55B046B7255C380E1FB2C566_4/analysis/FileList_NotYet/16068030.list  
 extracting: /tmp/tinglin/992BB6CE55B046B7255C380E1FB2C566_4/analysis/FileList_NotYet/16068032.list  
  inflating: /tmp/tinglin/992BB6CE55B046B7255C380E1FB2C566_4/analysis/FileList_NotYet/16068034.list  
  inflating: /tmp/tinglin/992BB6CE55B046B7255C380E1FB2C566_4/analysis/FileList_NotYet/16068035.list  
 extracting: /tmp/tinglin/992BB6CE55B046B7255C380E1FB2C566_4/analysis/FileList_NotYet/16068036.list  
  inflating: /tmp/tinglin/992BB6CE55B046B7255C380E1FB2C566_4/analysis/FileList_NotYet/16068037.list  
 extracting: /tmp/tinglin/992BB6CE55B046B7255C380E1FB2C566_4/analysis/FileList_NotYet/16068038.list  
 extracting: /tmp/tinglin/992BB6CE55B046B7255C380E1FB2C566_4/analysis/FileList_NotYet/16068039.list  
 extracting: /tmp/tinglin/992BB6CE55B046B7255C380E1FB2C566_4/analysis/FileList_NotYet/16068040.list  
 extracting: /tmp/tinglin/992BB6CE55B046B7255C380E1FB2C566_4/analysis/FileList_NotYet/16068042.list  
 extracting: /tmp/tinglin/992BB6CE55B046B7255C380E1FB2C566_4/analysis/FileList_NotYet/16068056.list  
 extracting: /tmp/tinglin/992BB6CE55B046B7255C380E1FB2C566_4/analysis/FileList_NotYet/16068057.list  
  inflating: /tmp/tinglin/992BB6CE55B046B7255C380E1FB2C566_4/analysis/FileList_NotYet/16068058.list  
  inflating: /tmp/tinglin/992BB6CE55B046B7255C380E1FB2C566_4/analysis/FileList_NotYet/16069001.list  
  inflating: /tmp/tinglin/992BB6CE55B046B7255C380E1FB2C566_4/analysis/FileList_NotYet/16069002.list  
 extracting: /tmp/tinglin/992BB6CE55B046B7255C380E1FB2C566_4/analysis/FileList_NotYet/16069003.list  
  inflating: /tmp/tinglin/992BB6CE55B046B7255C380E1FB2C566_4/analysis/FileList_NotYet/16069004.list  
  inflating: /tmp/tinglin/992BB6CE55B046B7255C380E1FB2C566_4/analysis/FileList_NotYet/16069005.list  
  inflating: /tmp/tinglin/992BB6CE55B046B7255C380E1FB2C566_4/analysis/FileList_NotYet/16069006.list  
 extracting: /tmp/tinglin/992BB6CE55B046B7255C380E1FB2C566_4/analysis/FileList_NotYet/16069007.list  
 extracting: /tmp/tinglin/992BB6CE55B046B7255C380E1FB2C566_4/analysis/FileList_NotYet/16069009.list  
 extracting: /tmp/tinglin/992BB6CE55B046B7255C380E1FB2C566_4/analysis/FileList_NotYet/16069010.list  
 extracting: /tmp/tinglin/992BB6CE55B046B7255C380E1FB2C566_4/analysis/FileList_NotYet/16069011.list  
 extracting: /tmp/tinglin/992BB6CE55B046B7255C380E1FB2C566_4/analysis/FileList_NotYet/16069012.list  
 extracting: /tmp/tinglin/992BB6CE55B046B7255C380E1FB2C566_4/analysis/FileList_NotYet/16069016.list  
 extracting: /tmp/tinglin/992BB6CE55B046B7255C380E1FB2C566_4/analysis/FileList_NotYet/16069024.list  
  inflating: /tmp/tinglin/992BB6CE55B046B7255C380E1FB2C566_4/analysis/FileList_NotYet/16069025.list  
 extracting: /tmp/tinglin/992BB6CE55B046B7255C380E1FB2C566_4/analysis/FileList_NotYet/16069026.list  
 extracting: /tmp/tinglin/992BB6CE55B046B7255C380E1FB2C566_4/analysis/FileList_NotYet/16069027.list  
 extracting: /tmp/tinglin/992BB6CE55B046B7255C380E1FB2C566_4/analysis/FileList_NotYet/16069028.list  
 extracting: /tmp/tinglin/992BB6CE55B046B7255C380E1FB2C566_4/analysis/FileList_NotYet/16069029.list  
  inflating: /tmp/tinglin/992BB6CE55B046B7255C380E1FB2C566_4/analysis/FileList_NotYet/16069030.list  
  inflating: /tmp/tinglin/992BB6CE55B046B7255C380E1FB2C566_4/analysis/FileList_NotYet/16069031.list  
 extracting: /tmp/tinglin/992BB6CE55B046B7255C380E1FB2C566_4/analysis/FileList_NotYet/16069032.list  
 extracting: /tmp/tinglin/992BB6CE55B046B7255C380E1FB2C566_4/analysis/FileList_NotYet/16069033.list  
  inflating: /tmp/tinglin/992BB6CE55B046B7255C380E1FB2C566_4/analysis/FileList_NotYet/16069034.list  
  inflating: /tmp/tinglin/992BB6CE55B046B7255C380E1FB2C566_4/analysis/FileList_NotYet/16069035.list  
  inflating: /tmp/tinglin/992BB6CE55B046B7255C380E1FB2C566_4/analysis/FileList_NotYet/16069036.list  
 extracting: /tmp/tinglin/992BB6CE55B046B7255C380E1FB2C566_4/analysis/FileList_NotYet/16069038.list  
 extracting: /tmp/tinglin/992BB6CE55B046B7255C380E1FB2C566_4/analysis/FileList_NotYet/16069039.list  
 extracting: /tmp/tinglin/992BB6CE55B046B7255C380E1FB2C566_4/analysis/FileList_NotYet/16069040.list  
 extracting: /tmp/tinglin/992BB6CE55B046B7255C380E1FB2C566_4/analysis/FileList_NotYet/16069041.list  
  inflating: /tmp/tinglin/992BB6CE55B046B7255C380E1FB2C566_4/analysis/FileList_NotYet/16069042.list  
 extracting: /tmp/tinglin/992BB6CE55B046B7255C380E1FB2C566_4/analysis/FileList_NotYet/16069053.list  
  inflating: /tmp/tinglin/992BB6CE55B046B7255C380E1FB2C566_4/analysis/FileList_NotYet/16069054.list  
 extracting: /tmp/tinglin/992BB6CE55B046B7255C380E1FB2C566_4/analysis/FileList_NotYet/16069062.list  
  inflating: /tmp/tinglin/992BB6CE55B046B7255C380E1FB2C566_4/analysis/FileList_NotYet/16082018.list  
 extracting: /tmp/tinglin/992BB6CE55B046B7255C380E1FB2C566_4/analysis/FileList_NotYet/16069064.list  
  inflating: /tmp/tinglin/992BB6CE55B046B7255C380E1FB2C566_4/analysis/FileList_NotYet/16069063.list  
  inflating: /tmp/tinglin/992BB6CE55B046B7255C380E1FB2C566_4/analysis/FileList_NotYet/16069066.list  
 extracting: /tmp/tinglin/992BB6CE55B046B7255C380E1FB2C566_4/analysis/FileList_NotYet/16069067.list  
  inflating: /tmp/tinglin/992BB6CE55B046B7255C380E1FB2C566_4/analysis/FileList_NotYet/16070003.list  
 extracting: /tmp/tinglin/992BB6CE55B046B7255C380E1FB2C566_4/analysis/FileList_NotYet/16070004.list  
  inflating: /tmp/tinglin/992BB6CE55B046B7255C380E1FB2C566_4/analysis/FileList_NotYet/16070005.list  
 extracting: /tmp/tinglin/992BB6CE55B046B7255C380E1FB2C566_4/analysis/FileList_NotYet/16070006.list  
 extracting: /tmp/tinglin/992BB6CE55B046B7255C380E1FB2C566_4/analysis/FileList_NotYet/16070008.list  
 extracting: /tmp/tinglin/992BB6CE55B046B7255C380E1FB2C566_4/analysis/FileList_NotYet/16070009.list  
  inflating: /tmp/tinglin/992BB6CE55B046B7255C380E1FB2C566_4/analysis/FileList_NotYet/16070010.list  
  inflating: /tmp/tinglin/992BB6CE55B046B7255C380E1FB2C566_4/analysis/FileList_NotYet/16070012.list  
 extracting: /tmp/tinglin/992BB6CE55B046B7255C380E1FB2C566_4/analysis/FileList_NotYet/16070013.list  
 extracting: /tmp/tinglin/992BB6CE55B046B7255C380E1FB2C566_4/analysis/FileList_NotYet/16070014.list  
 extracting: /tmp/tinglin/992BB6CE55B046B7255C380E1FB2C566_4/analysis/FileList_NotYet/16070015.list  
  inflating: /tmp/tinglin/992BB6CE55B046B7255C380E1FB2C566_4/analysis/FileList_NotYet/16071050.list  
 extracting: /tmp/tinglin/992BB6CE55B046B7255C380E1FB2C566_4/analysis/FileList_NotYet/16071051.list  
 extracting: /tmp/tinglin/992BB6CE55B046B7255C380E1FB2C566_4/analysis/FileList_NotYet/16071052.list  
 extracting: /tmp/tinglin/992BB6CE55B046B7255C380E1FB2C566_4/analysis/FileList_NotYet/16071053.list  
 extracting: /tmp/tinglin/992BB6CE55B046B7255C380E1FB2C566_4/analysis/FileList_NotYet/16071054.list  
 extracting: /tmp/tinglin/992BB6CE55B046B7255C380E1FB2C566_4/analysis/FileList_NotYet/16071055.list  
  inflating: /tmp/tinglin/992BB6CE55B046B7255C380E1FB2C566_4/analysis/FileList_NotYet/16071056.list  
 extracting: /tmp/tinglin/992BB6CE55B046B7255C380E1FB2C566_4/analysis/FileList_NotYet/16071058.list  
 extracting: /tmp/tinglin/992BB6CE55B046B7255C380E1FB2C566_4/analysis/FileList_NotYet/16071059.list  
 extracting: /tmp/tinglin/992BB6CE55B046B7255C380E1FB2C566_4/analysis/FileList_NotYet/16071060.list  
 extracting: /tmp/tinglin/992BB6CE55B046B7255C380E1FB2C566_4/analysis/FileList_NotYet/16071061.list  
 extracting: /tmp/tinglin/992BB6CE55B046B7255C380E1FB2C566_4/analysis/FileList_NotYet/16071062.list  
 extracting: /tmp/tinglin/992BB6CE55B046B7255C380E1FB2C566_4/analysis/FileList_NotYet/16071076.list  
 extracting: /tmp/tinglin/992BB6CE55B046B7255C380E1FB2C566_4/analysis/FileList_NotYet/16071077.list  
 extracting: /tmp/tinglin/992BB6CE55B046B7255C380E1FB2C566_4/analysis/FileList_NotYet/16071078.list  
 extracting: /tmp/tinglin/992BB6CE55B046B7255C380E1FB2C566_4/analysis/FileList_NotYet/16071079.list  
  inflating: /tmp/tinglin/992BB6CE55B046B7255C380E1FB2C566_4/analysis/FileList_NotYet/16072001.list  
  inflating: /tmp/tinglin/992BB6CE55B046B7255C380E1FB2C566_4/analysis/FileList_NotYet/16072024.list  
 extracting: /tmp/tinglin/992BB6CE55B046B7255C380E1FB2C566_4/analysis/FileList_NotYet/16072003.list  
 extracting: /tmp/tinglin/992BB6CE55B046B7255C380E1FB2C566_4/analysis/FileList_NotYet/16072006.list  
 extracting: /tmp/tinglin/992BB6CE55B046B7255C380E1FB2C566_4/analysis/FileList_NotYet/16072007.list  
  inflating: /tmp/tinglin/992BB6CE55B046B7255C380E1FB2C566_4/analysis/FileList_NotYet/16072008.list  
  inflating: /tmp/tinglin/992BB6CE55B046B7255C380E1FB2C566_4/analysis/FileList_NotYet/16072009.list  
  inflating: /tmp/tinglin/992BB6CE55B046B7255C380E1FB2C566_4/analysis/FileList_NotYet/16072010.list  
 extracting: /tmp/tinglin/992BB6CE55B046B7255C380E1FB2C566_4/analysis/FileList_NotYet/16072012.list  
 extracting: /tmp/tinglin/992BB6CE55B046B7255C380E1FB2C566_4/analysis/FileList_NotYet/16072013.list  
  inflating: /tmp/tinglin/992BB6CE55B046B7255C380E1FB2C566_4/analysis/FileList_NotYet/16072014.list  
 extracting: /tmp/tinglin/992BB6CE55B046B7255C380E1FB2C566_4/analysis/FileList_NotYet/16072022.list  
 extracting: /tmp/tinglin/992BB6CE55B046B7255C380E1FB2C566_4/analysis/FileList_NotYet/16072023.list  
 extracting: /tmp/tinglin/992BB6CE55B046B7255C380E1FB2C566_4/analysis/FileList_NotYet/16083053.list  
  inflating: /tmp/tinglin/992BB6CE55B046B7255C380E1FB2C566_4/analysis/FileList_NotYet/16072025.list  
  inflating: /tmp/tinglin/992BB6CE55B046B7255C380E1FB2C566_4/analysis/FileList_NotYet/16072026.list  
  inflating: /tmp/tinglin/992BB6CE55B046B7255C380E1FB2C566_4/analysis/FileList_NotYet/16072033.list  
  inflating: /tmp/tinglin/992BB6CE55B046B7255C380E1FB2C566_4/analysis/FileList_NotYet/16072034.list  
  inflating: /tmp/tinglin/992BB6CE55B046B7255C380E1FB2C566_4/analysis/FileList_NotYet/16072035.list  
  inflating: /tmp/tinglin/992BB6CE55B046B7255C380E1FB2C566_4/analysis/FileList_NotYet/16072036.list  
  inflating: /tmp/tinglin/992BB6CE55B046B7255C380E1FB2C566_4/analysis/FileList_NotYet/16072038.list  
 extracting: /tmp/tinglin/992BB6CE55B046B7255C380E1FB2C566_4/analysis/FileList_NotYet/16072039.list  
  inflating: /tmp/tinglin/992BB6CE55B046B7255C380E1FB2C566_4/analysis/FileList_NotYet/16072040.list  
 extracting: /tmp/tinglin/992BB6CE55B046B7255C380E1FB2C566_4/analysis/FileList_NotYet/16072041.list  
 extracting: /tmp/tinglin/992BB6CE55B046B7255C380E1FB2C566_4/analysis/FileList_NotYet/16072042.list  
  inflating: /tmp/tinglin/992BB6CE55B046B7255C380E1FB2C566_4/analysis/FileList_NotYet/16072043.list  
  inflating: /tmp/tinglin/992BB6CE55B046B7255C380E1FB2C566_4/analysis/FileList_NotYet/16072058.list  
 extracting: /tmp/tinglin/992BB6CE55B046B7255C380E1FB2C566_4/analysis/FileList_NotYet/16072059.list  
 extracting: /tmp/tinglin/992BB6CE55B046B7255C380E1FB2C566_4/analysis/FileList_NotYet/16072060.list  
  inflating: /tmp/tinglin/992BB6CE55B046B7255C380E1FB2C566_4/analysis/FileList_NotYet/16072061.list  
  inflating: /tmp/tinglin/992BB6CE55B046B7255C380E1FB2C566_4/analysis/FileList_NotYet/16072062.list  
 extracting: /tmp/tinglin/992BB6CE55B046B7255C380E1FB2C566_4/analysis/FileList_NotYet/16073001.list  
 extracting: /tmp/tinglin/992BB6CE55B046B7255C380E1FB2C566_4/analysis/FileList_NotYet/16073010.list  
  inflating: /tmp/tinglin/992BB6CE55B046B7255C380E1FB2C566_4/analysis/FileList_NotYet/16073012.list  
  inflating: /tmp/tinglin/992BB6CE55B046B7255C380E1FB2C566_4/analysis/FileList_NotYet/16073013.list  
 extracting: /tmp/tinglin/992BB6CE55B046B7255C380E1FB2C566_4/analysis/FileList_NotYet/16073017.list  
 extracting: /tmp/tinglin/992BB6CE55B046B7255C380E1FB2C566_4/analysis/FileList_NotYet/16073018.list  
 extracting: /tmp/tinglin/992BB6CE55B046B7255C380E1FB2C566_4/analysis/FileList_NotYet/16073019.list  
  inflating: /tmp/tinglin/992BB6CE55B046B7255C380E1FB2C566_4/analysis/FileList_NotYet/16073020.list  
 extracting: /tmp/tinglin/992BB6CE55B046B7255C380E1FB2C566_4/analysis/FileList_NotYet/16073021.list  
  inflating: /tmp/tinglin/992BB6CE55B046B7255C380E1FB2C566_4/analysis/FileList_NotYet/16073029.list  
  inflating: /tmp/tinglin/992BB6CE55B046B7255C380E1FB2C566_4/analysis/FileList_NotYet/16073030.list  
 extracting: /tmp/tinglin/992BB6CE55B046B7255C380E1FB2C566_4/analysis/FileList_NotYet/16073031.list  
 extracting: /tmp/tinglin/992BB6CE55B046B7255C380E1FB2C566_4/analysis/FileList_NotYet/16073032.list  
  inflating: /tmp/tinglin/992BB6CE55B046B7255C380E1FB2C566_4/analysis/FileList_NotYet/16073033.list  
  inflating: /tmp/tinglin/992BB6CE55B046B7255C380E1FB2C566_4/analysis/FileList_NotYet/16073034.list  
 extracting: /tmp/tinglin/992BB6CE55B046B7255C380E1FB2C566_4/analysis/FileList_NotYet/16073035.list  
 extracting: /tmp/tinglin/992BB6CE55B046B7255C380E1FB2C566_4/analysis/FileList_NotYet/16073037.list  
  inflating: /tmp/tinglin/992BB6CE55B046B7255C380E1FB2C566_4/analysis/FileList_NotYet/16073038.list  
 extracting: /tmp/tinglin/992BB6CE55B046B7255C380E1FB2C566_4/analysis/FileList_NotYet/16073039.list  
 extracting: /tmp/tinglin/992BB6CE55B046B7255C380E1FB2C566_4/analysis/FileList_NotYet/16073040.list  
  inflating: /tmp/tinglin/992BB6CE55B046B7255C380E1FB2C566_4/analysis/FileList_NotYet/16073045.list  
  inflating: /tmp/tinglin/992BB6CE55B046B7255C380E1FB2C566_4/analysis/FileList_NotYet/16073046.list  
  inflating: /tmp/tinglin/992BB6CE55B046B7255C380E1FB2C566_4/analysis/FileList_NotYet/16073047.list  
  inflating: /tmp/tinglin/992BB6CE55B046B7255C380E1FB2C566_4/analysis/FileList_NotYet/16073048.list  
  inflating: /tmp/tinglin/992BB6CE55B046B7255C380E1FB2C566_4/analysis/FileList_NotYet/16073049.list  
 extracting: /tmp/tinglin/992BB6CE55B046B7255C380E1FB2C566_4/analysis/FileList_NotYet/16073050.list  
 extracting: /tmp/tinglin/992BB6CE55B046B7255C380E1FB2C566_4/analysis/FileList_NotYet/16077021.list  
 extracting: /tmp/tinglin/992BB6CE55B046B7255C380E1FB2C566_4/analysis/FileList_NotYet/16077027.list  
 extracting: /tmp/tinglin/992BB6CE55B046B7255C380E1FB2C566_4/analysis/FileList_NotYet/16077028.list  
 extracting: /tmp/tinglin/992BB6CE55B046B7255C380E1FB2C566_4/analysis/FileList_NotYet/16077029.list  
  inflating: /tmp/tinglin/992BB6CE55B046B7255C380E1FB2C566_4/analysis/FileList_NotYet/16077030.list  
  inflating: /tmp/tinglin/992BB6CE55B046B7255C380E1FB2C566_4/analysis/FileList_NotYet/16077031.list  
 extracting: /tmp/tinglin/992BB6CE55B046B7255C380E1FB2C566_4/analysis/FileList_NotYet/16077032.list  
 extracting: /tmp/tinglin/992BB6CE55B046B7255C380E1FB2C566_4/analysis/FileList_NotYet/16077033.list  
  inflating: /tmp/tinglin/992BB6CE55B046B7255C380E1FB2C566_4/analysis/FileList_NotYet/16077034.list  
  inflating: /tmp/tinglin/992BB6CE55B046B7255C380E1FB2C566_4/analysis/FileList_NotYet/16077037.list  
  inflating: /tmp/tinglin/992BB6CE55B046B7255C380E1FB2C566_4/analysis/FileList_NotYet/16077038.list  
 extracting: /tmp/tinglin/992BB6CE55B046B7255C380E1FB2C566_4/analysis/FileList_NotYet/16077041.list  
 extracting: /tmp/tinglin/992BB6CE55B046B7255C380E1FB2C566_4/analysis/FileList_NotYet/16077043.list  
  inflating: /tmp/tinglin/992BB6CE55B046B7255C380E1FB2C566_4/analysis/FileList_NotYet/16077044.list  
 extracting: /tmp/tinglin/992BB6CE55B046B7255C380E1FB2C566_4/analysis/FileList_NotYet/16078006.list  
 extracting: /tmp/tinglin/992BB6CE55B046B7255C380E1FB2C566_4/analysis/FileList_NotYet/16077045.list  
 extracting: /tmp/tinglin/992BB6CE55B046B7255C380E1FB2C566_4/analysis/FileList_NotYet/16077046.list  
 extracting: /tmp/tinglin/992BB6CE55B046B7255C380E1FB2C566_4/analysis/FileList_NotYet/16077055.list  
 extracting: /tmp/tinglin/992BB6CE55B046B7255C380E1FB2C566_4/analysis/FileList_NotYet/16077047.list  
  inflating: /tmp/tinglin/992BB6CE55B046B7255C380E1FB2C566_4/analysis/FileList_NotYet/16078005.list  
  inflating: /tmp/tinglin/992BB6CE55B046B7255C380E1FB2C566_4/analysis/FileList_NotYet/16077054.list  
  inflating: /tmp/tinglin/992BB6CE55B046B7255C380E1FB2C566_4/analysis/FileList_NotYet/16078001.list  
 extracting: /tmp/tinglin/992BB6CE55B046B7255C380E1FB2C566_4/analysis/FileList_NotYet/16078008.list  
 extracting: /tmp/tinglin/992BB6CE55B046B7255C380E1FB2C566_4/analysis/FileList_NotYet/16078004.list  
  inflating: /tmp/tinglin/992BB6CE55B046B7255C380E1FB2C566_4/analysis/FileList_NotYet/16078003.list  
 extracting: /tmp/tinglin/992BB6CE55B046B7255C380E1FB2C566_4/analysis/FileList_NotYet/16077039.list  
 extracting: /tmp/tinglin/992BB6CE55B046B7255C380E1FB2C566_4/analysis/FileList_NotYet/16078009.list  
 extracting: /tmp/tinglin/992BB6CE55B046B7255C380E1FB2C566_4/analysis/FileList_NotYet/16078011.list  
 extracting: /tmp/tinglin/992BB6CE55B046B7255C380E1FB2C566_4/analysis/FileList_NotYet/16078007.list  
 extracting: /tmp/tinglin/992BB6CE55B046B7255C380E1FB2C566_4/analysis/FileList_NotYet/16078010.list  
  inflating: /tmp/tinglin/992BB6CE55B046B7255C380E1FB2C566_4/analysis/FileList_NotYet/16078012.list  
  inflating: /tmp/tinglin/992BB6CE55B046B7255C380E1FB2C566_4/analysis/FileList_NotYet/16078013.list  
  inflating: /tmp/tinglin/992BB6CE55B046B7255C380E1FB2C566_4/analysis/FileList_NotYet/16078031.list  
 extracting: /tmp/tinglin/992BB6CE55B046B7255C380E1FB2C566_4/analysis/FileList_NotYet/16078014.list  
 extracting: /tmp/tinglin/992BB6CE55B046B7255C380E1FB2C566_4/analysis/FileList_NotYet/16078028.list  
 extracting: /tmp/tinglin/992BB6CE55B046B7255C380E1FB2C566_4/analysis/FileList_NotYet/16078032.list  
  inflating: /tmp/tinglin/992BB6CE55B046B7255C380E1FB2C566_4/analysis/FileList_NotYet/16078030.list  
 extracting: /tmp/tinglin/992BB6CE55B046B7255C380E1FB2C566_4/analysis/FileList_NotYet/16078033.list  
 extracting: /tmp/tinglin/992BB6CE55B046B7255C380E1FB2C566_4/analysis/FileList_NotYet/16078034.list  
 extracting: /tmp/tinglin/992BB6CE55B046B7255C380E1FB2C566_4/analysis/FileList_NotYet/16078038.list  
 extracting: /tmp/tinglin/992BB6CE55B046B7255C380E1FB2C566_4/analysis/FileList_NotYet/16078036.list  
 extracting: /tmp/tinglin/992BB6CE55B046B7255C380E1FB2C566_4/analysis/FileList_NotYet/16078037.list  
 extracting: /tmp/tinglin/992BB6CE55B046B7255C380E1FB2C566_4/analysis/FileList_NotYet/16078035.list  
 extracting: /tmp/tinglin/992BB6CE55B046B7255C380E1FB2C566_4/analysis/FileList_NotYet/16078040.list  
 extracting: /tmp/tinglin/992BB6CE55B046B7255C380E1FB2C566_4/analysis/FileList_NotYet/16078041.list  
 extracting: /tmp/tinglin/992BB6CE55B046B7255C380E1FB2C566_4/analysis/FileList_NotYet/16078039.list  
 extracting: /tmp/tinglin/992BB6CE55B046B7255C380E1FB2C566_4/analysis/FileList_NotYet/16078042.list  
  inflating: /tmp/tinglin/992BB6CE55B046B7255C380E1FB2C566_4/analysis/FileList_NotYet/16079013.list  
  inflating: /tmp/tinglin/992BB6CE55B046B7255C380E1FB2C566_4/analysis/FileList_NotYet/16078056.list  
 extracting: /tmp/tinglin/992BB6CE55B046B7255C380E1FB2C566_4/analysis/FileList_NotYet/16079001.list  
 extracting: /tmp/tinglin/992BB6CE55B046B7255C380E1FB2C566_4/analysis/FileList_NotYet/16079010.list  
  inflating: /tmp/tinglin/992BB6CE55B046B7255C380E1FB2C566_4/analysis/FileList_NotYet/16079011.list  
 extracting: /tmp/tinglin/992BB6CE55B046B7255C380E1FB2C566_4/analysis/FileList_NotYet/16079014.list  
 extracting: /tmp/tinglin/992BB6CE55B046B7255C380E1FB2C566_4/analysis/FileList_NotYet/16079015.list  
 extracting: /tmp/tinglin/992BB6CE55B046B7255C380E1FB2C566_4/analysis/FileList_NotYet/16079016.list  
 extracting: /tmp/tinglin/992BB6CE55B046B7255C380E1FB2C566_4/analysis/FileList_NotYet/16079017.list  
  inflating: /tmp/tinglin/992BB6CE55B046B7255C380E1FB2C566_4/analysis/FileList_NotYet/16079018.list  
 extracting: /tmp/tinglin/992BB6CE55B046B7255C380E1FB2C566_4/analysis/FileList_NotYet/16079019.list  
  inflating: /tmp/tinglin/992BB6CE55B046B7255C380E1FB2C566_4/analysis/FileList_NotYet/16079020.list  
  inflating: /tmp/tinglin/992BB6CE55B046B7255C380E1FB2C566_4/analysis/FileList_NotYet/16079021.list  
 extracting: /tmp/tinglin/992BB6CE55B046B7255C380E1FB2C566_4/analysis/FileList_NotYet/16079022.list  
 extracting: /tmp/tinglin/992BB6CE55B046B7255C380E1FB2C566_4/analysis/FileList_NotYet/16079023.list  
 extracting: /tmp/tinglin/992BB6CE55B046B7255C380E1FB2C566_4/analysis/FileList_NotYet/16079024.list  
  inflating: /tmp/tinglin/992BB6CE55B046B7255C380E1FB2C566_4/analysis/FileList_NotYet/16079027.list  
 extracting: /tmp/tinglin/992BB6CE55B046B7255C380E1FB2C566_4/analysis/FileList_NotYet/16079028.list  
 extracting: /tmp/tinglin/992BB6CE55B046B7255C380E1FB2C566_4/analysis/FileList_NotYet/16079029.list  
  inflating: /tmp/tinglin/992BB6CE55B046B7255C380E1FB2C566_4/analysis/FileList_NotYet/16080004.list  
 extracting: /tmp/tinglin/992BB6CE55B046B7255C380E1FB2C566_4/analysis/FileList_NotYet/16079030.list  
 extracting: /tmp/tinglin/992BB6CE55B046B7255C380E1FB2C566_4/analysis/FileList_NotYet/16079031.list  
 extracting: /tmp/tinglin/992BB6CE55B046B7255C380E1FB2C566_4/analysis/FileList_NotYet/16079033.list  
 extracting: /tmp/tinglin/992BB6CE55B046B7255C380E1FB2C566_4/analysis/FileList_NotYet/16079034.list  
 extracting: /tmp/tinglin/992BB6CE55B046B7255C380E1FB2C566_4/analysis/FileList_NotYet/16079035.list  
 extracting: /tmp/tinglin/992BB6CE55B046B7255C380E1FB2C566_4/analysis/FileList_NotYet/16079036.list  
 extracting: /tmp/tinglin/992BB6CE55B046B7255C380E1FB2C566_4/analysis/FileList_NotYet/16079046.list  
  inflating: /tmp/tinglin/992BB6CE55B046B7255C380E1FB2C566_4/analysis/FileList_NotYet/16079047.list  
 extracting: /tmp/tinglin/992BB6CE55B046B7255C380E1FB2C566_4/analysis/FileList_NotYet/16079048.list  
 extracting: /tmp/tinglin/992BB6CE55B046B7255C380E1FB2C566_4/analysis/FileList_NotYet/16079049.list  
  inflating: /tmp/tinglin/992BB6CE55B046B7255C380E1FB2C566_4/analysis/FileList_NotYet/16079052.list  
  inflating: /tmp/tinglin/992BB6CE55B046B7255C380E1FB2C566_4/analysis/FileList_NotYet/16079054.list  
 extracting: /tmp/tinglin/992BB6CE55B046B7255C380E1FB2C566_4/analysis/FileList_NotYet/16079057.list  
  inflating: /tmp/tinglin/992BB6CE55B046B7255C380E1FB2C566_4/analysis/FileList_NotYet/16079058.list  
  inflating: /tmp/tinglin/992BB6CE55B046B7255C380E1FB2C566_4/analysis/FileList_NotYet/16079059.list  
  inflating: /tmp/tinglin/992BB6CE55B046B7255C380E1FB2C566_4/analysis/FileList_NotYet/16079060.list  
 extracting: /tmp/tinglin/992BB6CE55B046B7255C380E1FB2C566_4/analysis/FileList_NotYet/16079061.list  
 extracting: /tmp/tinglin/992BB6CE55B046B7255C380E1FB2C566_4/analysis/FileList_NotYet/16079062.list  
 extracting: /tmp/tinglin/992BB6CE55B046B7255C380E1FB2C566_4/analysis/FileList_NotYet/16079063.list  
 extracting: /tmp/tinglin/992BB6CE55B046B7255C380E1FB2C566_4/analysis/FileList_NotYet/16080002.list  
  inflating: /tmp/tinglin/992BB6CE55B046B7255C380E1FB2C566_4/analysis/FileList_NotYet/16080012.list  
  inflating: /tmp/tinglin/992BB6CE55B046B7255C380E1FB2C566_4/analysis/FileList_NotYet/16080005.list  
 extracting: /tmp/tinglin/992BB6CE55B046B7255C380E1FB2C566_4/analysis/FileList_NotYet/16080006.list  
  inflating: /tmp/tinglin/992BB6CE55B046B7255C380E1FB2C566_4/analysis/FileList_NotYet/16080013.list  
  inflating: /tmp/tinglin/992BB6CE55B046B7255C380E1FB2C566_4/analysis/FileList_NotYet/16080014.list  
 extracting: /tmp/tinglin/992BB6CE55B046B7255C380E1FB2C566_4/analysis/FileList_NotYet/16080023.list  
  inflating: /tmp/tinglin/992BB6CE55B046B7255C380E1FB2C566_4/analysis/FileList_NotYet/16080020.list  
 extracting: /tmp/tinglin/992BB6CE55B046B7255C380E1FB2C566_4/analysis/FileList_NotYet/16080025.list  
  inflating: /tmp/tinglin/992BB6CE55B046B7255C380E1FB2C566_4/analysis/FileList_NotYet/16080015.list  
  inflating: /tmp/tinglin/992BB6CE55B046B7255C380E1FB2C566_4/analysis/FileList_NotYet/16080028.list  
 extracting: /tmp/tinglin/992BB6CE55B046B7255C380E1FB2C566_4/analysis/FileList_NotYet/16080027.list  
 extracting: /tmp/tinglin/992BB6CE55B046B7255C380E1FB2C566_4/analysis/FileList_NotYet/16080022.list  
  inflating: /tmp/tinglin/992BB6CE55B046B7255C380E1FB2C566_4/analysis/FileList_NotYet/16080021.list  
 extracting: /tmp/tinglin/992BB6CE55B046B7255C380E1FB2C566_4/analysis/FileList_NotYet/16080026.list  
  inflating: /tmp/tinglin/992BB6CE55B046B7255C380E1FB2C566_4/analysis/FileList_NotYet/16080029.list  
 extracting: /tmp/tinglin/992BB6CE55B046B7255C380E1FB2C566_4/analysis/FileList_NotYet/16080033.list  
  inflating: /tmp/tinglin/992BB6CE55B046B7255C380E1FB2C566_4/analysis/FileList_NotYet/16080046.list  
  inflating: /tmp/tinglin/992BB6CE55B046B7255C380E1FB2C566_4/analysis/FileList_NotYet/16080030.list  
  inflating: /tmp/tinglin/992BB6CE55B046B7255C380E1FB2C566_4/analysis/FileList_NotYet/16080031.list  
 extracting: /tmp/tinglin/992BB6CE55B046B7255C380E1FB2C566_4/analysis/FileList_NotYet/16080053.list  
 extracting: /tmp/tinglin/992BB6CE55B046B7255C380E1FB2C566_4/analysis/FileList_NotYet/16080043.list  
  inflating: /tmp/tinglin/992BB6CE55B046B7255C380E1FB2C566_4/analysis/FileList_NotYet/16080032.list  
 extracting: /tmp/tinglin/992BB6CE55B046B7255C380E1FB2C566_4/analysis/FileList_NotYet/16080044.list  
  inflating: /tmp/tinglin/992BB6CE55B046B7255C380E1FB2C566_4/analysis/FileList_NotYet/16080047.list  
  inflating: /tmp/tinglin/992BB6CE55B046B7255C380E1FB2C566_4/analysis/FileList_NotYet/16080048.list  
  inflating: /tmp/tinglin/992BB6CE55B046B7255C380E1FB2C566_4/analysis/FileList_NotYet/16080045.list  
 extracting: /tmp/tinglin/992BB6CE55B046B7255C380E1FB2C566_4/analysis/FileList_NotYet/16080050.list  
 extracting: /tmp/tinglin/992BB6CE55B046B7255C380E1FB2C566_4/analysis/FileList_NotYet/16080024.list  
 extracting: /tmp/tinglin/992BB6CE55B046B7255C380E1FB2C566_4/analysis/FileList_NotYet/16080051.list  
  inflating: /tmp/tinglin/992BB6CE55B046B7255C380E1FB2C566_4/analysis/FileList_NotYet/16080049.list  
 extracting: /tmp/tinglin/992BB6CE55B046B7255C380E1FB2C566_4/analysis/FileList_NotYet/16080055.list  
 extracting: /tmp/tinglin/992BB6CE55B046B7255C380E1FB2C566_4/analysis/FileList_NotYet/16080052.list  
  inflating: /tmp/tinglin/992BB6CE55B046B7255C380E1FB2C566_4/analysis/FileList_NotYet/16081013.list  
 extracting: /tmp/tinglin/992BB6CE55B046B7255C380E1FB2C566_4/analysis/FileList_NotYet/16081012.list  
 extracting: /tmp/tinglin/992BB6CE55B046B7255C380E1FB2C566_4/analysis/FileList_NotYet/16081003.list  
 extracting: /tmp/tinglin/992BB6CE55B046B7255C380E1FB2C566_4/analysis/FileList_NotYet/16080054.list  
  inflating: /tmp/tinglin/992BB6CE55B046B7255C380E1FB2C566_4/analysis/FileList_NotYet/16081001.list  
 extracting: /tmp/tinglin/992BB6CE55B046B7255C380E1FB2C566_4/analysis/FileList_NotYet/16081015.list  
  inflating: /tmp/tinglin/992BB6CE55B046B7255C380E1FB2C566_4/analysis/FileList_NotYet/16081002.list  
 extracting: /tmp/tinglin/992BB6CE55B046B7255C380E1FB2C566_4/analysis/FileList_NotYet/16081017.list  
 extracting: /tmp/tinglin/992BB6CE55B046B7255C380E1FB2C566_4/analysis/FileList_NotYet/16081016.list  
 extracting: /tmp/tinglin/992BB6CE55B046B7255C380E1FB2C566_4/analysis/FileList_NotYet/16081019.list  
 extracting: /tmp/tinglin/992BB6CE55B046B7255C380E1FB2C566_4/analysis/FileList_NotYet/16081021.list  
 extracting: /tmp/tinglin/992BB6CE55B046B7255C380E1FB2C566_4/analysis/FileList_NotYet/16081018.list  
 extracting: /tmp/tinglin/992BB6CE55B046B7255C380E1FB2C566_4/analysis/FileList_NotYet/16081024.list  
 extracting: /tmp/tinglin/992BB6CE55B046B7255C380E1FB2C566_4/analysis/FileList_NotYet/16081020.list  
 extracting: /tmp/tinglin/992BB6CE55B046B7255C380E1FB2C566_4/analysis/FileList_NotYet/16081022.list  
  inflating: /tmp/tinglin/992BB6CE55B046B7255C380E1FB2C566_4/analysis/FileList_NotYet/16081036.list  
 extracting: /tmp/tinglin/992BB6CE55B046B7255C380E1FB2C566_4/analysis/FileList_NotYet/16081049.list  
 extracting: /tmp/tinglin/992BB6CE55B046B7255C380E1FB2C566_4/analysis/FileList_NotYet/16081025.list  
  inflating: /tmp/tinglin/992BB6CE55B046B7255C380E1FB2C566_4/analysis/FileList_NotYet/16081052.list  
  inflating: /tmp/tinglin/992BB6CE55B046B7255C380E1FB2C566_4/analysis/FileList_NotYet/16081037.list  
 extracting: /tmp/tinglin/992BB6CE55B046B7255C380E1FB2C566_4/analysis/FileList_NotYet/16081048.list  
 extracting: /tmp/tinglin/992BB6CE55B046B7255C380E1FB2C566_4/analysis/FileList_NotYet/16081058.list  
  inflating: /tmp/tinglin/992BB6CE55B046B7255C380E1FB2C566_4/analysis/FileList_NotYet/16081050.list  
 extracting: /tmp/tinglin/992BB6CE55B046B7255C380E1FB2C566_4/analysis/FileList_NotYet/16081053.list  
  inflating: /tmp/tinglin/992BB6CE55B046B7255C380E1FB2C566_4/analysis/FileList_NotYet/16081054.list  
 extracting: /tmp/tinglin/992BB6CE55B046B7255C380E1FB2C566_4/analysis/FileList_NotYet/16081055.list  
 extracting: /tmp/tinglin/992BB6CE55B046B7255C380E1FB2C566_4/analysis/FileList_NotYet/16082017.list  
  inflating: /tmp/tinglin/992BB6CE55B046B7255C380E1FB2C566_4/analysis/FileList_NotYet/16081056.list  
 extracting: /tmp/tinglin/992BB6CE55B046B7255C380E1FB2C566_4/analysis/FileList_NotYet/16081057.list  
 extracting: /tmp/tinglin/992BB6CE55B046B7255C380E1FB2C566_4/analysis/FileList_NotYet/16081059.list  
  inflating: /tmp/tinglin/992BB6CE55B046B7255C380E1FB2C566_4/analysis/FileList_NotYet/16082012.list  
 extracting: /tmp/tinglin/992BB6CE55B046B7255C380E1FB2C566_4/analysis/FileList_NotYet/16081061.list  
 extracting: /tmp/tinglin/992BB6CE55B046B7255C380E1FB2C566_4/analysis/FileList_NotYet/16082001.list  
 extracting: /tmp/tinglin/992BB6CE55B046B7255C380E1FB2C566_4/analysis/FileList_NotYet/16081060.list  
 extracting: /tmp/tinglin/992BB6CE55B046B7255C380E1FB2C566_4/analysis/FileList_NotYet/16082002.list  
  inflating: /tmp/tinglin/992BB6CE55B046B7255C380E1FB2C566_4/analysis/FileList_NotYet/16082028.list  
  inflating: /tmp/tinglin/992BB6CE55B046B7255C380E1FB2C566_4/analysis/FileList_NotYet/16093012.list  
  inflating: /tmp/tinglin/992BB6CE55B046B7255C380E1FB2C566_4/analysis/FileList_NotYet/16082013.list  
  inflating: /tmp/tinglin/992BB6CE55B046B7255C380E1FB2C566_4/analysis/FileList_NotYet/16082019.list  
  inflating: /tmp/tinglin/992BB6CE55B046B7255C380E1FB2C566_4/analysis/FileList_NotYet/16082022.list  
  inflating: /tmp/tinglin/992BB6CE55B046B7255C380E1FB2C566_4/analysis/FileList_NotYet/16082023.list  
  inflating: /tmp/tinglin/992BB6CE55B046B7255C380E1FB2C566_4/analysis/FileList_NotYet/16082025.list  
 extracting: /tmp/tinglin/992BB6CE55B046B7255C380E1FB2C566_4/analysis/FileList_NotYet/16082039.list  
  inflating: /tmp/tinglin/992BB6CE55B046B7255C380E1FB2C566_4/analysis/FileList_NotYet/16082027.list  
  inflating: /tmp/tinglin/992BB6CE55B046B7255C380E1FB2C566_4/analysis/FileList_NotYet/16082029.list  
 extracting: /tmp/tinglin/992BB6CE55B046B7255C380E1FB2C566_4/analysis/FileList_NotYet/16082040.list  
 extracting: /tmp/tinglin/992BB6CE55B046B7255C380E1FB2C566_4/analysis/FileList_NotYet/16082041.list  
 extracting: /tmp/tinglin/992BB6CE55B046B7255C380E1FB2C566_4/analysis/FileList_NotYet/16082047.list  
 extracting: /tmp/tinglin/992BB6CE55B046B7255C380E1FB2C566_4/analysis/FileList_NotYet/16082043.list  
 extracting: /tmp/tinglin/992BB6CE55B046B7255C380E1FB2C566_4/analysis/FileList_NotYet/16082042.list  
  inflating: /tmp/tinglin/992BB6CE55B046B7255C380E1FB2C566_4/analysis/FileList_NotYet/16082051.list  
 extracting: /tmp/tinglin/992BB6CE55B046B7255C380E1FB2C566_4/analysis/FileList_NotYet/16082046.list  
 extracting: /tmp/tinglin/992BB6CE55B046B7255C380E1FB2C566_4/analysis/FileList_NotYet/16082048.list  
  inflating: /tmp/tinglin/992BB6CE55B046B7255C380E1FB2C566_4/analysis/FileList_NotYet/16082049.list  
 extracting: /tmp/tinglin/992BB6CE55B046B7255C380E1FB2C566_4/analysis/FileList_NotYet/16082054.list  
 extracting: /tmp/tinglin/992BB6CE55B046B7255C380E1FB2C566_4/analysis/FileList_NotYet/16082050.list  
 extracting: /tmp/tinglin/992BB6CE55B046B7255C380E1FB2C566_4/analysis/FileList_NotYet/16082052.list  
 extracting: /tmp/tinglin/992BB6CE55B046B7255C380E1FB2C566_4/analysis/FileList_NotYet/16082055.list  
  inflating: /tmp/tinglin/992BB6CE55B046B7255C380E1FB2C566_4/analysis/FileList_NotYet/16082053.list  
 extracting: /tmp/tinglin/992BB6CE55B046B7255C380E1FB2C566_4/analysis/FileList_NotYet/16082056.list  
 extracting: /tmp/tinglin/992BB6CE55B046B7255C380E1FB2C566_4/analysis/FileList_NotYet/16082057.list  
 extracting: /tmp/tinglin/992BB6CE55B046B7255C380E1FB2C566_4/analysis/FileList_NotYet/16083019.list  
 extracting: /tmp/tinglin/992BB6CE55B046B7255C380E1FB2C566_4/analysis/FileList_NotYet/16083005.list  
 extracting: /tmp/tinglin/992BB6CE55B046B7255C380E1FB2C566_4/analysis/FileList_NotYet/16083006.list  
 extracting: /tmp/tinglin/992BB6CE55B046B7255C380E1FB2C566_4/analysis/FileList_NotYet/16083007.list  
 extracting: /tmp/tinglin/992BB6CE55B046B7255C380E1FB2C566_4/analysis/FileList_NotYet/16083012.list  
  inflating: /tmp/tinglin/992BB6CE55B046B7255C380E1FB2C566_4/analysis/FileList_NotYet/16083009.list  
 extracting: /tmp/tinglin/992BB6CE55B046B7255C380E1FB2C566_4/analysis/FileList_NotYet/16083008.list  
 extracting: /tmp/tinglin/992BB6CE55B046B7255C380E1FB2C566_4/analysis/FileList_NotYet/16083010.list  
  inflating: /tmp/tinglin/992BB6CE55B046B7255C380E1FB2C566_4/analysis/FileList_NotYet/16083011.list  
  inflating: /tmp/tinglin/992BB6CE55B046B7255C380E1FB2C566_4/analysis/FileList_NotYet/16083013.list  
  inflating: /tmp/tinglin/992BB6CE55B046B7255C380E1FB2C566_4/analysis/FileList_NotYet/16083014.list  
  inflating: /tmp/tinglin/992BB6CE55B046B7255C380E1FB2C566_4/analysis/FileList_NotYet/16083016.list  
  inflating: /tmp/tinglin/992BB6CE55B046B7255C380E1FB2C566_4/analysis/FileList_NotYet/16083015.list  
 extracting: /tmp/tinglin/992BB6CE55B046B7255C380E1FB2C566_4/analysis/FileList_NotYet/16083018.list  
 extracting: /tmp/tinglin/992BB6CE55B046B7255C380E1FB2C566_4/analysis/FileList_NotYet/16083017.list  
  inflating: /tmp/tinglin/992BB6CE55B046B7255C380E1FB2C566_4/analysis/FileList_NotYet/16083045.list  
  inflating: /tmp/tinglin/992BB6CE55B046B7255C380E1FB2C566_4/analysis/FileList_NotYet/16083042.list  
  inflating: /tmp/tinglin/992BB6CE55B046B7255C380E1FB2C566_4/analysis/FileList_NotYet/16083043.list  
  inflating: /tmp/tinglin/992BB6CE55B046B7255C380E1FB2C566_4/analysis/FileList_NotYet/16083044.list  
 extracting: /tmp/tinglin/992BB6CE55B046B7255C380E1FB2C566_4/analysis/FileList_NotYet/16084006.list  
 extracting: /tmp/tinglin/992BB6CE55B046B7255C380E1FB2C566_4/analysis/FileList_NotYet/16083046.list  
 extracting: /tmp/tinglin/992BB6CE55B046B7255C380E1FB2C566_4/analysis/FileList_NotYet/16083048.list  
  inflating: /tmp/tinglin/992BB6CE55B046B7255C380E1FB2C566_4/analysis/FileList_NotYet/16083049.list  
  inflating: /tmp/tinglin/992BB6CE55B046B7255C380E1FB2C566_4/analysis/FileList_NotYet/16083050.list  
  inflating: /tmp/tinglin/992BB6CE55B046B7255C380E1FB2C566_4/analysis/FileList_NotYet/16083052.list  
 extracting: /tmp/tinglin/992BB6CE55B046B7255C380E1FB2C566_4/analysis/FileList_NotYet/16085035.list  
 extracting: /tmp/tinglin/992BB6CE55B046B7255C380E1FB2C566_4/analysis/FileList_NotYet/16083055.list  
 extracting: /tmp/tinglin/992BB6CE55B046B7255C380E1FB2C566_4/analysis/FileList_NotYet/16083056.list  
 extracting: /tmp/tinglin/992BB6CE55B046B7255C380E1FB2C566_4/analysis/FileList_NotYet/16083057.list  
  inflating: /tmp/tinglin/992BB6CE55B046B7255C380E1FB2C566_4/analysis/FileList_NotYet/16083058.list  
  inflating: /tmp/tinglin/992BB6CE55B046B7255C380E1FB2C566_4/analysis/FileList_NotYet/16083059.list  
  inflating: /tmp/tinglin/992BB6CE55B046B7255C380E1FB2C566_4/analysis/FileList_NotYet/16083060.list  
  inflating: /tmp/tinglin/992BB6CE55B046B7255C380E1FB2C566_4/analysis/FileList_NotYet/16084004.list  
  inflating: /tmp/tinglin/992BB6CE55B046B7255C380E1FB2C566_4/analysis/FileList_NotYet/16084013.list  
  inflating: /tmp/tinglin/992BB6CE55B046B7255C380E1FB2C566_4/analysis/FileList_NotYet/16084007.list  
 extracting: /tmp/tinglin/992BB6CE55B046B7255C380E1FB2C566_4/analysis/FileList_NotYet/16084008.list  
  inflating: /tmp/tinglin/992BB6CE55B046B7255C380E1FB2C566_4/analysis/FileList_NotYet/16084009.list  
  inflating: /tmp/tinglin/992BB6CE55B046B7255C380E1FB2C566_4/analysis/FileList_NotYet/16084011.list  
  inflating: /tmp/tinglin/992BB6CE55B046B7255C380E1FB2C566_4/analysis/FileList_NotYet/16084012.list  
  inflating: /tmp/tinglin/992BB6CE55B046B7255C380E1FB2C566_4/analysis/FileList_NotYet/16084014.list  
 extracting: /tmp/tinglin/992BB6CE55B046B7255C380E1FB2C566_4/analysis/FileList_NotYet/16084015.list  
  inflating: /tmp/tinglin/992BB6CE55B046B7255C380E1FB2C566_4/analysis/FileList_NotYet/16085011.list  
 extracting: /tmp/tinglin/992BB6CE55B046B7255C380E1FB2C566_4/analysis/FileList_NotYet/16085008.list  
 extracting: /tmp/tinglin/992BB6CE55B046B7255C380E1FB2C566_4/analysis/FileList_NotYet/16085024.list  
 extracting: /tmp/tinglin/992BB6CE55B046B7255C380E1FB2C566_4/analysis/FileList_NotYet/16085007.list  
 extracting: /tmp/tinglin/992BB6CE55B046B7255C380E1FB2C566_4/analysis/FileList_NotYet/16085009.list  
 extracting: /tmp/tinglin/992BB6CE55B046B7255C380E1FB2C566_4/analysis/FileList_NotYet/16085012.list  
  inflating: /tmp/tinglin/992BB6CE55B046B7255C380E1FB2C566_4/analysis/FileList_NotYet/16085013.list  
  inflating: /tmp/tinglin/992BB6CE55B046B7255C380E1FB2C566_4/analysis/FileList_NotYet/16085014.list  
 extracting: /tmp/tinglin/992BB6CE55B046B7255C380E1FB2C566_4/analysis/FileList_NotYet/16085027.list  
  inflating: /tmp/tinglin/992BB6CE55B046B7255C380E1FB2C566_4/analysis/FileList_NotYet/16085025.list  
 extracting: /tmp/tinglin/992BB6CE55B046B7255C380E1FB2C566_4/analysis/FileList_NotYet/16085026.list  
  inflating: /tmp/tinglin/992BB6CE55B046B7255C380E1FB2C566_4/analysis/FileList_NotYet/16085031.list  
 extracting: /tmp/tinglin/992BB6CE55B046B7255C380E1FB2C566_4/analysis/FileList_NotYet/16085028.list  
 extracting: /tmp/tinglin/992BB6CE55B046B7255C380E1FB2C566_4/analysis/FileList_NotYet/16085030.list  
 extracting: /tmp/tinglin/992BB6CE55B046B7255C380E1FB2C566_4/analysis/FileList_NotYet/16085033.list  
  inflating: /tmp/tinglin/992BB6CE55B046B7255C380E1FB2C566_4/analysis/FileList_NotYet/16085032.list  
 extracting: /tmp/tinglin/992BB6CE55B046B7255C380E1FB2C566_4/analysis/FileList_NotYet/16085052.list  
  inflating: /tmp/tinglin/992BB6CE55B046B7255C380E1FB2C566_4/analysis/FileList_NotYet/16085036.list  
  inflating: /tmp/tinglin/992BB6CE55B046B7255C380E1FB2C566_4/analysis/FileList_NotYet/16085037.list  
  inflating: /tmp/tinglin/992BB6CE55B046B7255C380E1FB2C566_4/analysis/FileList_NotYet/16085054.list  
 extracting: /tmp/tinglin/992BB6CE55B046B7255C380E1FB2C566_4/analysis/FileList_NotYet/16085051.list  
 extracting: /tmp/tinglin/992BB6CE55B046B7255C380E1FB2C566_4/analysis/FileList_NotYet/16085056.list  
 extracting: /tmp/tinglin/992BB6CE55B046B7255C380E1FB2C566_4/analysis/FileList_NotYet/16085055.list  
 extracting: /tmp/tinglin/992BB6CE55B046B7255C380E1FB2C566_4/analysis/FileList_NotYet/16085067.list  
 extracting: /tmp/tinglin/992BB6CE55B046B7255C380E1FB2C566_4/analysis/FileList_NotYet/16085061.list  
  inflating: /tmp/tinglin/992BB6CE55B046B7255C380E1FB2C566_4/analysis/FileList_NotYet/16085062.list  
  inflating: /tmp/tinglin/992BB6CE55B046B7255C380E1FB2C566_4/analysis/FileList_NotYet/16085058.list  
 extracting: /tmp/tinglin/992BB6CE55B046B7255C380E1FB2C566_4/analysis/FileList_NotYet/16085065.list  
  inflating: /tmp/tinglin/992BB6CE55B046B7255C380E1FB2C566_4/analysis/FileList_NotYet/16085057.list  
  inflating: /tmp/tinglin/992BB6CE55B046B7255C380E1FB2C566_4/analysis/FileList_NotYet/16086004.list  
 extracting: /tmp/tinglin/992BB6CE55B046B7255C380E1FB2C566_4/analysis/FileList_NotYet/16085069.list  
 extracting: /tmp/tinglin/992BB6CE55B046B7255C380E1FB2C566_4/analysis/FileList_NotYet/16085071.list  
 extracting: /tmp/tinglin/992BB6CE55B046B7255C380E1FB2C566_4/analysis/FileList_NotYet/16085072.list  
 extracting: /tmp/tinglin/992BB6CE55B046B7255C380E1FB2C566_4/analysis/FileList_NotYet/16085073.list  
 extracting: /tmp/tinglin/992BB6CE55B046B7255C380E1FB2C566_4/analysis/FileList_NotYet/16085074.list  
  inflating: /tmp/tinglin/992BB6CE55B046B7255C380E1FB2C566_4/analysis/FileList_NotYet/16086001.list  
  inflating: /tmp/tinglin/992BB6CE55B046B7255C380E1FB2C566_4/analysis/FileList_NotYet/16086002.list  
  inflating: /tmp/tinglin/992BB6CE55B046B7255C380E1FB2C566_4/analysis/FileList_NotYet/16086028.list  
  inflating: /tmp/tinglin/992BB6CE55B046B7255C380E1FB2C566_4/analysis/FileList_NotYet/16086003.list  
 extracting: /tmp/tinglin/992BB6CE55B046B7255C380E1FB2C566_4/analysis/FileList_NotYet/16086005.list  
  inflating: /tmp/tinglin/992BB6CE55B046B7255C380E1FB2C566_4/analysis/FileList_NotYet/16086006.list  
 extracting: /tmp/tinglin/992BB6CE55B046B7255C380E1FB2C566_4/analysis/FileList_NotYet/16086007.list  
  inflating: /tmp/tinglin/992BB6CE55B046B7255C380E1FB2C566_4/analysis/FileList_NotYet/16086008.list  
  inflating: /tmp/tinglin/992BB6CE55B046B7255C380E1FB2C566_4/analysis/FileList_NotYet/16086025.list  
  inflating: /tmp/tinglin/992BB6CE55B046B7255C380E1FB2C566_4/analysis/FileList_NotYet/16086026.list  
 extracting: /tmp/tinglin/992BB6CE55B046B7255C380E1FB2C566_4/analysis/FileList_NotYet/16087011.list  
 extracting: /tmp/tinglin/992BB6CE55B046B7255C380E1FB2C566_4/analysis/FileList_NotYet/16086027.list  
  inflating: /tmp/tinglin/992BB6CE55B046B7255C380E1FB2C566_4/analysis/FileList_NotYet/16086030.list  
  inflating: /tmp/tinglin/992BB6CE55B046B7255C380E1FB2C566_4/analysis/FileList_NotYet/16086031.list  
  inflating: /tmp/tinglin/992BB6CE55B046B7255C380E1FB2C566_4/analysis/FileList_NotYet/16086032.list  
  inflating: /tmp/tinglin/992BB6CE55B046B7255C380E1FB2C566_4/analysis/FileList_NotYet/16086033.list  
 extracting: /tmp/tinglin/992BB6CE55B046B7255C380E1FB2C566_4/analysis/FileList_NotYet/16086034.list  
 extracting: /tmp/tinglin/992BB6CE55B046B7255C380E1FB2C566_4/analysis/FileList_NotYet/16086035.list  
 extracting: /tmp/tinglin/992BB6CE55B046B7255C380E1FB2C566_4/analysis/FileList_NotYet/16086036.list  
 extracting: /tmp/tinglin/992BB6CE55B046B7255C380E1FB2C566_4/analysis/FileList_NotYet/16086037.list  
 extracting: /tmp/tinglin/992BB6CE55B046B7255C380E1FB2C566_4/analysis/FileList_NotYet/16086038.list  
 extracting: /tmp/tinglin/992BB6CE55B046B7255C380E1FB2C566_4/analysis/FileList_NotYet/16086039.list  
 extracting: /tmp/tinglin/992BB6CE55B046B7255C380E1FB2C566_4/analysis/FileList_NotYet/16086040.list  
 extracting: /tmp/tinglin/992BB6CE55B046B7255C380E1FB2C566_4/analysis/FileList_NotYet/16086041.list  
 extracting: /tmp/tinglin/992BB6CE55B046B7255C380E1FB2C566_4/analysis/FileList_NotYet/16086042.list  
  inflating: /tmp/tinglin/992BB6CE55B046B7255C380E1FB2C566_4/analysis/FileList_NotYet/16086051.list  
 extracting: /tmp/tinglin/992BB6CE55B046B7255C380E1FB2C566_4/analysis/FileList_NotYet/16086052.list  
  inflating: /tmp/tinglin/992BB6CE55B046B7255C380E1FB2C566_4/analysis/FileList_NotYet/16086053.list  
  inflating: /tmp/tinglin/992BB6CE55B046B7255C380E1FB2C566_4/analysis/FileList_NotYet/16086054.list  
 extracting: /tmp/tinglin/992BB6CE55B046B7255C380E1FB2C566_4/analysis/FileList_NotYet/16087001.list  
  inflating: /tmp/tinglin/992BB6CE55B046B7255C380E1FB2C566_4/analysis/FileList_NotYet/16087002.list  
  inflating: /tmp/tinglin/992BB6CE55B046B7255C380E1FB2C566_4/analysis/FileList_NotYet/16087003.list  
 extracting: /tmp/tinglin/992BB6CE55B046B7255C380E1FB2C566_4/analysis/FileList_NotYet/16087004.list  
 extracting: /tmp/tinglin/992BB6CE55B046B7255C380E1FB2C566_4/analysis/FileList_NotYet/16087005.list  
 extracting: /tmp/tinglin/992BB6CE55B046B7255C380E1FB2C566_4/analysis/FileList_NotYet/16087006.list  
 extracting: /tmp/tinglin/992BB6CE55B046B7255C380E1FB2C566_4/analysis/FileList_NotYet/16087007.list  
  inflating: /tmp/tinglin/992BB6CE55B046B7255C380E1FB2C566_4/analysis/FileList_NotYet/16087008.list  
 extracting: /tmp/tinglin/992BB6CE55B046B7255C380E1FB2C566_4/analysis/FileList_NotYet/16087009.list  
 extracting: /tmp/tinglin/992BB6CE55B046B7255C380E1FB2C566_4/analysis/FileList_NotYet/16087010.list  
  inflating: /tmp/tinglin/992BB6CE55B046B7255C380E1FB2C566_4/analysis/FileList_NotYet/16087026.list  
 extracting: /tmp/tinglin/992BB6CE55B046B7255C380E1FB2C566_4/analysis/FileList_NotYet/16087020.list  
 extracting: /tmp/tinglin/992BB6CE55B046B7255C380E1FB2C566_4/analysis/FileList_NotYet/16087019.list  
 extracting: /tmp/tinglin/992BB6CE55B046B7255C380E1FB2C566_4/analysis/FileList_NotYet/16087021.list  
  inflating: /tmp/tinglin/992BB6CE55B046B7255C380E1FB2C566_4/analysis/FileList_NotYet/16087022.list  
  inflating: /tmp/tinglin/992BB6CE55B046B7255C380E1FB2C566_4/analysis/FileList_NotYet/16087023.list  
  inflating: /tmp/tinglin/992BB6CE55B046B7255C380E1FB2C566_4/analysis/FileList_NotYet/16087024.list  
  inflating: /tmp/tinglin/992BB6CE55B046B7255C380E1FB2C566_4/analysis/FileList_NotYet/16087052.list  
  inflating: /tmp/tinglin/992BB6CE55B046B7255C380E1FB2C566_4/analysis/FileList_NotYet/16087043.list  
  inflating: /tmp/tinglin/992BB6CE55B046B7255C380E1FB2C566_4/analysis/FileList_NotYet/16087027.list  
 extracting: /tmp/tinglin/992BB6CE55B046B7255C380E1FB2C566_4/analysis/FileList_NotYet/16087028.list  
 extracting: /tmp/tinglin/992BB6CE55B046B7255C380E1FB2C566_4/analysis/FileList_NotYet/16087029.list  
 extracting: /tmp/tinglin/992BB6CE55B046B7255C380E1FB2C566_4/analysis/FileList_NotYet/16087030.list  
 extracting: /tmp/tinglin/992BB6CE55B046B7255C380E1FB2C566_4/analysis/FileList_NotYet/16087031.list  
 extracting: /tmp/tinglin/992BB6CE55B046B7255C380E1FB2C566_4/analysis/FileList_NotYet/16087032.list  
  inflating: /tmp/tinglin/992BB6CE55B046B7255C380E1FB2C566_4/analysis/FileList_NotYet/16087042.list  
  inflating: /tmp/tinglin/992BB6CE55B046B7255C380E1FB2C566_4/analysis/FileList_NotYet/16087033.list  
 extracting: /tmp/tinglin/992BB6CE55B046B7255C380E1FB2C566_4/analysis/FileList_NotYet/16087044.list  
  inflating: /tmp/tinglin/992BB6CE55B046B7255C380E1FB2C566_4/analysis/FileList_NotYet/16087045.list  
  inflating: /tmp/tinglin/992BB6CE55B046B7255C380E1FB2C566_4/analysis/FileList_NotYet/16087046.list  
  inflating: /tmp/tinglin/992BB6CE55B046B7255C380E1FB2C566_4/analysis/FileList_NotYet/16087047.list  
  inflating: /tmp/tinglin/992BB6CE55B046B7255C380E1FB2C566_4/analysis/FileList_NotYet/16087048.list  
  inflating: /tmp/tinglin/992BB6CE55B046B7255C380E1FB2C566_4/analysis/FileList_NotYet/16087049.list  
  inflating: /tmp/tinglin/992BB6CE55B046B7255C380E1FB2C566_4/analysis/FileList_NotYet/16087050.list  
  inflating: /tmp/tinglin/992BB6CE55B046B7255C380E1FB2C566_4/analysis/FileList_NotYet/16087053.list  
  inflating: /tmp/tinglin/992BB6CE55B046B7255C380E1FB2C566_4/analysis/FileList_NotYet/16087051.list  
 extracting: /tmp/tinglin/992BB6CE55B046B7255C380E1FB2C566_4/analysis/FileList_NotYet/16088048.list  
  inflating: /tmp/tinglin/992BB6CE55B046B7255C380E1FB2C566_4/analysis/FileList_NotYet/16087054.list  
 extracting: /tmp/tinglin/992BB6CE55B046B7255C380E1FB2C566_4/analysis/FileList_NotYet/16087055.list  
 extracting: /tmp/tinglin/992BB6CE55B046B7255C380E1FB2C566_4/analysis/FileList_NotYet/16088001.list  
 extracting: /tmp/tinglin/992BB6CE55B046B7255C380E1FB2C566_4/analysis/FileList_NotYet/16088013.list  
  inflating: /tmp/tinglin/992BB6CE55B046B7255C380E1FB2C566_4/analysis/FileList_NotYet/16088016.list  
 extracting: /tmp/tinglin/992BB6CE55B046B7255C380E1FB2C566_4/analysis/FileList_NotYet/16088017.list  
 extracting: /tmp/tinglin/992BB6CE55B046B7255C380E1FB2C566_4/analysis/FileList_NotYet/16088018.list  
 extracting: /tmp/tinglin/992BB6CE55B046B7255C380E1FB2C566_4/analysis/FileList_NotYet/16088019.list  
  inflating: /tmp/tinglin/992BB6CE55B046B7255C380E1FB2C566_4/analysis/FileList_NotYet/16088020.list  
 extracting: /tmp/tinglin/992BB6CE55B046B7255C380E1FB2C566_4/analysis/FileList_NotYet/16088021.list  
  inflating: /tmp/tinglin/992BB6CE55B046B7255C380E1FB2C566_4/analysis/FileList_NotYet/16088022.list  
 extracting: /tmp/tinglin/992BB6CE55B046B7255C380E1FB2C566_4/analysis/FileList_NotYet/16088023.list  
 extracting: /tmp/tinglin/992BB6CE55B046B7255C380E1FB2C566_4/analysis/FileList_NotYet/16088025.list  
 extracting: /tmp/tinglin/992BB6CE55B046B7255C380E1FB2C566_4/analysis/FileList_NotYet/16088026.list  
 extracting: /tmp/tinglin/992BB6CE55B046B7255C380E1FB2C566_4/analysis/FileList_NotYet/16088027.list  
 extracting: /tmp/tinglin/992BB6CE55B046B7255C380E1FB2C566_4/analysis/FileList_NotYet/16088028.list  
 extracting: /tmp/tinglin/992BB6CE55B046B7255C380E1FB2C566_4/analysis/FileList_NotYet/16088029.list  
 extracting: /tmp/tinglin/992BB6CE55B046B7255C380E1FB2C566_4/analysis/FileList_NotYet/16088030.list  
  inflating: /tmp/tinglin/992BB6CE55B046B7255C380E1FB2C566_4/analysis/FileList_NotYet/16088031.list  
  inflating: /tmp/tinglin/992BB6CE55B046B7255C380E1FB2C566_4/analysis/FileList_NotYet/16088040.list  
  inflating: /tmp/tinglin/992BB6CE55B046B7255C380E1FB2C566_4/analysis/FileList_NotYet/16088041.list  
  inflating: /tmp/tinglin/992BB6CE55B046B7255C380E1FB2C566_4/analysis/FileList_NotYet/16088042.list  
  inflating: /tmp/tinglin/992BB6CE55B046B7255C380E1FB2C566_4/analysis/FileList_NotYet/16088043.list  
 extracting: /tmp/tinglin/992BB6CE55B046B7255C380E1FB2C566_4/analysis/FileList_NotYet/16088044.list  
  inflating: /tmp/tinglin/992BB6CE55B046B7255C380E1FB2C566_4/analysis/FileList_NotYet/16088045.list  
  inflating: /tmp/tinglin/992BB6CE55B046B7255C380E1FB2C566_4/analysis/FileList_NotYet/16088046.list  
  inflating: /tmp/tinglin/992BB6CE55B046B7255C380E1FB2C566_4/analysis/FileList_NotYet/16088047.list  
 extracting: /tmp/tinglin/992BB6CE55B046B7255C380E1FB2C566_4/analysis/FileList_NotYet/16090023.list  
  inflating: /tmp/tinglin/992BB6CE55B046B7255C380E1FB2C566_4/analysis/FileList_NotYet/16088049.list  
 extracting: /tmp/tinglin/992BB6CE55B046B7255C380E1FB2C566_4/analysis/FileList_NotYet/16088050.list  
 extracting: /tmp/tinglin/992BB6CE55B046B7255C380E1FB2C566_4/analysis/FileList_NotYet/16089001.list  
  inflating: /tmp/tinglin/992BB6CE55B046B7255C380E1FB2C566_4/analysis/FileList_NotYet/16089002.list  
  inflating: /tmp/tinglin/992BB6CE55B046B7255C380E1FB2C566_4/analysis/FileList_NotYet/16089003.list  
  inflating: /tmp/tinglin/992BB6CE55B046B7255C380E1FB2C566_4/analysis/FileList_NotYet/16089004.list  
  inflating: /tmp/tinglin/992BB6CE55B046B7255C380E1FB2C566_4/analysis/FileList_NotYet/16089005.list  
 extracting: /tmp/tinglin/992BB6CE55B046B7255C380E1FB2C566_4/analysis/FileList_NotYet/16089016.list  
  inflating: /tmp/tinglin/992BB6CE55B046B7255C380E1FB2C566_4/analysis/FileList_NotYet/16089017.list  
  inflating: /tmp/tinglin/992BB6CE55B046B7255C380E1FB2C566_4/analysis/FileList_NotYet/16089018.list  
 extracting: /tmp/tinglin/992BB6CE55B046B7255C380E1FB2C566_4/analysis/FileList_NotYet/16089019.list  
 extracting: /tmp/tinglin/992BB6CE55B046B7255C380E1FB2C566_4/analysis/FileList_NotYet/16089020.list  
 extracting: /tmp/tinglin/992BB6CE55B046B7255C380E1FB2C566_4/analysis/FileList_NotYet/16089024.list  
  inflating: /tmp/tinglin/992BB6CE55B046B7255C380E1FB2C566_4/analysis/FileList_NotYet/16089026.list  
  inflating: /tmp/tinglin/992BB6CE55B046B7255C380E1FB2C566_4/analysis/FileList_NotYet/16089027.list  
  inflating: /tmp/tinglin/992BB6CE55B046B7255C380E1FB2C566_4/analysis/FileList_NotYet/16089028.list  
  inflating: /tmp/tinglin/992BB6CE55B046B7255C380E1FB2C566_4/analysis/FileList_NotYet/16089029.list  
  inflating: /tmp/tinglin/992BB6CE55B046B7255C380E1FB2C566_4/analysis/FileList_NotYet/16089030.list  
 extracting: /tmp/tinglin/992BB6CE55B046B7255C380E1FB2C566_4/analysis/FileList_NotYet/16089031.list  
  inflating: /tmp/tinglin/992BB6CE55B046B7255C380E1FB2C566_4/analysis/FileList_NotYet/16089041.list  
  inflating: /tmp/tinglin/992BB6CE55B046B7255C380E1FB2C566_4/analysis/FileList_NotYet/16089042.list  
 extracting: /tmp/tinglin/992BB6CE55B046B7255C380E1FB2C566_4/analysis/FileList_NotYet/16089043.list  
  inflating: /tmp/tinglin/992BB6CE55B046B7255C380E1FB2C566_4/analysis/FileList_NotYet/16089044.list  
  inflating: /tmp/tinglin/992BB6CE55B046B7255C380E1FB2C566_4/analysis/FileList_NotYet/16089045.list  
  inflating: /tmp/tinglin/992BB6CE55B046B7255C380E1FB2C566_4/analysis/FileList_NotYet/16089046.list  
 extracting: /tmp/tinglin/992BB6CE55B046B7255C380E1FB2C566_4/analysis/FileList_NotYet/16089047.list  
 extracting: /tmp/tinglin/992BB6CE55B046B7255C380E1FB2C566_4/analysis/FileList_NotYet/16089048.list  
  inflating: /tmp/tinglin/992BB6CE55B046B7255C380E1FB2C566_4/analysis/FileList_NotYet/16089049.list  
 extracting: /tmp/tinglin/992BB6CE55B046B7255C380E1FB2C566_4/analysis/FileList_NotYet/16089050.list  
 extracting: /tmp/tinglin/992BB6CE55B046B7255C380E1FB2C566_4/analysis/FileList_NotYet/16089051.list  
 extracting: /tmp/tinglin/992BB6CE55B046B7255C380E1FB2C566_4/analysis/FileList_NotYet/16089052.list  
 extracting: /tmp/tinglin/992BB6CE55B046B7255C380E1FB2C566_4/analysis/FileList_NotYet/16089053.list  
 extracting: /tmp/tinglin/992BB6CE55B046B7255C380E1FB2C566_4/analysis/FileList_NotYet/16089054.list  
 extracting: /tmp/tinglin/992BB6CE55B046B7255C380E1FB2C566_4/analysis/FileList_NotYet/16090001.list  
 extracting: /tmp/tinglin/992BB6CE55B046B7255C380E1FB2C566_4/analysis/FileList_NotYet/16090002.list  
 extracting: /tmp/tinglin/992BB6CE55B046B7255C380E1FB2C566_4/analysis/FileList_NotYet/16090003.list  
 extracting: /tmp/tinglin/992BB6CE55B046B7255C380E1FB2C566_4/analysis/FileList_NotYet/16090004.list  
 extracting: /tmp/tinglin/992BB6CE55B046B7255C380E1FB2C566_4/analysis/FileList_NotYet/16090005.list  
  inflating: /tmp/tinglin/992BB6CE55B046B7255C380E1FB2C566_4/analysis/FileList_NotYet/16090015.list  
  inflating: /tmp/tinglin/992BB6CE55B046B7255C380E1FB2C566_4/analysis/FileList_NotYet/16090016.list  
  inflating: /tmp/tinglin/992BB6CE55B046B7255C380E1FB2C566_4/analysis/FileList_NotYet/16090017.list  
  inflating: /tmp/tinglin/992BB6CE55B046B7255C380E1FB2C566_4/analysis/FileList_NotYet/16090019.list  
 extracting: /tmp/tinglin/992BB6CE55B046B7255C380E1FB2C566_4/analysis/FileList_NotYet/16090018.list  
 extracting: /tmp/tinglin/992BB6CE55B046B7255C380E1FB2C566_4/analysis/FileList_NotYet/16090020.list  
  inflating: /tmp/tinglin/992BB6CE55B046B7255C380E1FB2C566_4/analysis/FileList_NotYet/16090021.list  
 extracting: /tmp/tinglin/992BB6CE55B046B7255C380E1FB2C566_4/analysis/FileList_NotYet/16090029.list  
  inflating: /tmp/tinglin/992BB6CE55B046B7255C380E1FB2C566_4/analysis/FileList_NotYet/16090025.list  
 extracting: /tmp/tinglin/992BB6CE55B046B7255C380E1FB2C566_4/analysis/FileList_NotYet/16090022.list  
  inflating: /tmp/tinglin/992BB6CE55B046B7255C380E1FB2C566_4/analysis/FileList_NotYet/16090024.list  
  inflating: /tmp/tinglin/992BB6CE55B046B7255C380E1FB2C566_4/analysis/FileList_NotYet/16090026.list  
  inflating: /tmp/tinglin/992BB6CE55B046B7255C380E1FB2C566_4/analysis/FileList_NotYet/16090044.list  
  inflating: /tmp/tinglin/992BB6CE55B046B7255C380E1FB2C566_4/analysis/FileList_NotYet/16090028.list  
 extracting: /tmp/tinglin/992BB6CE55B046B7255C380E1FB2C566_4/analysis/FileList_NotYet/16090027.list  
 extracting: /tmp/tinglin/992BB6CE55B046B7255C380E1FB2C566_4/analysis/FileList_NotYet/16090038.list  
 extracting: /tmp/tinglin/992BB6CE55B046B7255C380E1FB2C566_4/analysis/FileList_NotYet/16090030.list  
 extracting: /tmp/tinglin/992BB6CE55B046B7255C380E1FB2C566_4/analysis/FileList_NotYet/16090039.list  
  inflating: /tmp/tinglin/992BB6CE55B046B7255C380E1FB2C566_4/analysis/FileList_NotYet/16090041.list  
 extracting: /tmp/tinglin/992BB6CE55B046B7255C380E1FB2C566_4/analysis/FileList_NotYet/16090042.list  
 extracting: /tmp/tinglin/992BB6CE55B046B7255C380E1FB2C566_4/analysis/FileList_NotYet/16092001.list  
  inflating: /tmp/tinglin/992BB6CE55B046B7255C380E1FB2C566_4/analysis/FileList_NotYet/16090045.list  
  inflating: /tmp/tinglin/992BB6CE55B046B7255C380E1FB2C566_4/analysis/FileList_NotYet/16090046.list  
 extracting: /tmp/tinglin/992BB6CE55B046B7255C380E1FB2C566_4/analysis/FileList_NotYet/16090047.list  
 extracting: /tmp/tinglin/992BB6CE55B046B7255C380E1FB2C566_4/analysis/FileList_NotYet/16090048.list  
  inflating: /tmp/tinglin/992BB6CE55B046B7255C380E1FB2C566_4/analysis/FileList_NotYet/16090049.list  
 extracting: /tmp/tinglin/992BB6CE55B046B7255C380E1FB2C566_4/analysis/FileList_NotYet/16090050.list  
 extracting: /tmp/tinglin/992BB6CE55B046B7255C380E1FB2C566_4/analysis/FileList_NotYet/16090051.list  
 extracting: /tmp/tinglin/992BB6CE55B046B7255C380E1FB2C566_4/analysis/FileList_NotYet/16090052.list  
 extracting: /tmp/tinglin/992BB6CE55B046B7255C380E1FB2C566_4/analysis/FileList_NotYet/16090053.list  
 extracting: /tmp/tinglin/992BB6CE55B046B7255C380E1FB2C566_4/analysis/FileList_NotYet/16091003.list  
 extracting: /tmp/tinglin/992BB6CE55B046B7255C380E1FB2C566_4/analysis/FileList_NotYet/16091004.list  
 extracting: /tmp/tinglin/992BB6CE55B046B7255C380E1FB2C566_4/analysis/FileList_NotYet/16091005.list  
  inflating: /tmp/tinglin/992BB6CE55B046B7255C380E1FB2C566_4/analysis/FileList_NotYet/16091006.list  
  inflating: /tmp/tinglin/992BB6CE55B046B7255C380E1FB2C566_4/analysis/FileList_NotYet/16091007.list  
 extracting: /tmp/tinglin/992BB6CE55B046B7255C380E1FB2C566_4/analysis/FileList_NotYet/16091008.list  
 extracting: /tmp/tinglin/992BB6CE55B046B7255C380E1FB2C566_4/analysis/FileList_NotYet/16091009.list  
 extracting: /tmp/tinglin/992BB6CE55B046B7255C380E1FB2C566_4/analysis/FileList_NotYet/16091010.list  
 extracting: /tmp/tinglin/992BB6CE55B046B7255C380E1FB2C566_4/analysis/FileList_NotYet/16091011.list  
  inflating: /tmp/tinglin/992BB6CE55B046B7255C380E1FB2C566_4/analysis/FileList_NotYet/16091012.list  
  inflating: /tmp/tinglin/992BB6CE55B046B7255C380E1FB2C566_4/analysis/FileList_NotYet/16091013.list  
  inflating: /tmp/tinglin/992BB6CE55B046B7255C380E1FB2C566_4/analysis/FileList_NotYet/16091014.list  
  inflating: /tmp/tinglin/992BB6CE55B046B7255C380E1FB2C566_4/analysis/FileList_NotYet/16091057.list  
  inflating: /tmp/tinglin/992BB6CE55B046B7255C380E1FB2C566_4/analysis/FileList_NotYet/16091061.list  
  inflating: /tmp/tinglin/992BB6CE55B046B7255C380E1FB2C566_4/analysis/FileList_NotYet/16091062.list  
 extracting: /tmp/tinglin/992BB6CE55B046B7255C380E1FB2C566_4/analysis/FileList_NotYet/16092055.list  
 extracting: /tmp/tinglin/992BB6CE55B046B7255C380E1FB2C566_4/analysis/FileList_NotYet/16091063.list  
 extracting: /tmp/tinglin/992BB6CE55B046B7255C380E1FB2C566_4/analysis/FileList_NotYet/16092002.list  
 extracting: /tmp/tinglin/992BB6CE55B046B7255C380E1FB2C566_4/analysis/FileList_NotYet/16092003.list  
 extracting: /tmp/tinglin/992BB6CE55B046B7255C380E1FB2C566_4/analysis/FileList_NotYet/16092015.list  
  inflating: /tmp/tinglin/992BB6CE55B046B7255C380E1FB2C566_4/analysis/FileList_NotYet/16092016.list  
 extracting: /tmp/tinglin/992BB6CE55B046B7255C380E1FB2C566_4/analysis/FileList_NotYet/16092017.list  
  inflating: /tmp/tinglin/992BB6CE55B046B7255C380E1FB2C566_4/analysis/FileList_NotYet/16092018.list  
 extracting: /tmp/tinglin/992BB6CE55B046B7255C380E1FB2C566_4/analysis/FileList_NotYet/16092019.list  
 extracting: /tmp/tinglin/992BB6CE55B046B7255C380E1FB2C566_4/analysis/FileList_NotYet/16092020.list  
 extracting: /tmp/tinglin/992BB6CE55B046B7255C380E1FB2C566_4/analysis/FileList_NotYet/16092021.list  
 extracting: /tmp/tinglin/992BB6CE55B046B7255C380E1FB2C566_4/analysis/FileList_NotYet/16092022.list  
 extracting: /tmp/tinglin/992BB6CE55B046B7255C380E1FB2C566_4/analysis/FileList_NotYet/16092023.list  
 extracting: /tmp/tinglin/992BB6CE55B046B7255C380E1FB2C566_4/analysis/FileList_NotYet/16092033.list  
 extracting: /tmp/tinglin/992BB6CE55B046B7255C380E1FB2C566_4/analysis/FileList_NotYet/16092034.list  
 extracting: /tmp/tinglin/992BB6CE55B046B7255C380E1FB2C566_4/analysis/FileList_NotYet/16092035.list  
 extracting: /tmp/tinglin/992BB6CE55B046B7255C380E1FB2C566_4/analysis/FileList_NotYet/16092036.list  
 extracting: /tmp/tinglin/992BB6CE55B046B7255C380E1FB2C566_4/analysis/FileList_NotYet/16092037.list  
 extracting: /tmp/tinglin/992BB6CE55B046B7255C380E1FB2C566_4/analysis/FileList_NotYet/16092040.list  
  inflating: /tmp/tinglin/992BB6CE55B046B7255C380E1FB2C566_4/analysis/FileList_NotYet/16092048.list  
  inflating: /tmp/tinglin/992BB6CE55B046B7255C380E1FB2C566_4/analysis/FileList_NotYet/16092049.list  
 extracting: /tmp/tinglin/992BB6CE55B046B7255C380E1FB2C566_4/analysis/FileList_NotYet/16092050.list  
 extracting: /tmp/tinglin/992BB6CE55B046B7255C380E1FB2C566_4/analysis/FileList_NotYet/16092051.list  
  inflating: /tmp/tinglin/992BB6CE55B046B7255C380E1FB2C566_4/analysis/FileList_NotYet/16092052.list  
 extracting: /tmp/tinglin/992BB6CE55B046B7255C380E1FB2C566_4/analysis/FileList_NotYet/16092071.list  
 extracting: /tmp/tinglin/992BB6CE55B046B7255C380E1FB2C566_4/analysis/FileList_NotYet/16092054.list  
 extracting: /tmp/tinglin/992BB6CE55B046B7255C380E1FB2C566_4/analysis/FileList_NotYet/16092053.list  
  inflating: /tmp/tinglin/992BB6CE55B046B7255C380E1FB2C566_4/analysis/FileList_NotYet/16092064.list  
 extracting: /tmp/tinglin/992BB6CE55B046B7255C380E1FB2C566_4/analysis/FileList_NotYet/16092063.list  
  inflating: /tmp/tinglin/992BB6CE55B046B7255C380E1FB2C566_4/analysis/FileList_NotYet/16092065.list  
 extracting: /tmp/tinglin/992BB6CE55B046B7255C380E1FB2C566_4/analysis/FileList_NotYet/16092066.list  
 extracting: /tmp/tinglin/992BB6CE55B046B7255C380E1FB2C566_4/analysis/FileList_NotYet/16092067.list  
  inflating: /tmp/tinglin/992BB6CE55B046B7255C380E1FB2C566_4/analysis/FileList_NotYet/16092069.list  
  inflating: /tmp/tinglin/992BB6CE55B046B7255C380E1FB2C566_4/analysis/FileList_NotYet/16092068.list  
 extracting: /tmp/tinglin/992BB6CE55B046B7255C380E1FB2C566_4/analysis/FileList_NotYet/16092070.list  
  inflating: /tmp/tinglin/992BB6CE55B046B7255C380E1FB2C566_4/analysis/FileList_NotYet/16093002.list  
  inflating: /tmp/tinglin/992BB6CE55B046B7255C380E1FB2C566_4/analysis/FileList_NotYet/16093001.list  
 extracting: /tmp/tinglin/992BB6CE55B046B7255C380E1FB2C566_4/analysis/FileList_NotYet/16093003.list  
  inflating: /tmp/tinglin/992BB6CE55B046B7255C380E1FB2C566_4/analysis/FileList_NotYet/16093004.list  
 extracting: /tmp/tinglin/992BB6CE55B046B7255C380E1FB2C566_4/analysis/FileList_NotYet/16093011.list  
 extracting: /tmp/tinglin/992BB6CE55B046B7255C380E1FB2C566_4/analysis/FileList_NotYet/16093013.list  
 extracting: /tmp/tinglin/992BB6CE55B046B7255C380E1FB2C566_4/analysis/FileList_NotYet/16093014.list  
 extracting: /tmp/tinglin/992BB6CE55B046B7255C380E1FB2C566_4/analysis/FileList_NotYet/16093015.list  
  inflating: /tmp/tinglin/992BB6CE55B046B7255C380E1FB2C566_4/analysis/FileList_NotYet/16093016.list  
  inflating: /tmp/tinglin/992BB6CE55B046B7255C380E1FB2C566_4/analysis/FileList_NotYet/16093017.list  
 extracting: /tmp/tinglin/992BB6CE55B046B7255C380E1FB2C566_4/analysis/FileList_NotYet/16093018.list  
  inflating: /tmp/tinglin/992BB6CE55B046B7255C380E1FB2C566_4/analysis/jetCollinsEEC1p_2015trans_Asym.cxx  
  inflating: /tmp/tinglin/992BB6CE55B046B7255C380E1FB2C566_4/analysis/WTA_EScheme.h  
  inflating: /tmp/tinglin/992BB6CE55B046B7255C380E1FB2C566_4/analysis/jetCollinsEEC1p_2015trans_Asym.exe  
  inflating: /tmp/tinglin/992BB6CE55B046B7255C380E1FB2C566_4/analysis/jetCollinsEEC1p_2015trans_Par.cxx  
  inflating: /tmp/tinglin/992BB6CE55B046B7255C380E1FB2C566_4/analysis/jetCollinsEEC1p_2015trans_Emb.cxx  
  inflating: /tmp/tinglin/992BB6CE55B046B7255C380E1FB2C566_4/analysis/jetCollinsEEC1p_2015trans_UE.cxx  
  inflating: /tmp/tinglin/992BB6CE55B046B7255C380E1FB2C566_4/analysis/simple_submit_data.sh  
  inflating: /tmp/tinglin/992BB6CE55B046B7255C380E1FB2C566_4/analysis/simple_submit_data_Merge.sh  
  inflating: /tmp/tinglin/992BB6CE55B046B7255C380E1FB2C566_4/analysis/simplecheck_emb_tar.sh  
   creating: /tmp/tinglin/992BB6CE55B046B7255C380E1FB2C566_4/analysis/list_mudst_2015pp200Emb_y2012a/
  inflating: /tmp/tinglin/992BB6CE55B046B7255C380E1FB2C566_4/analysis/list_mudst_2015pp200Emb_y2012a/16085055.list  
  inflating: /tmp/tinglin/992BB6CE55B046B7255C380E1FB2C566_4/analysis/list_mudst_2015pp200Emb_y2012a/16083048.list  
  inflating: /tmp/tinglin/992BB6CE55B046B7255C380E1FB2C566_4/analysis/list_mudst_2015pp200Emb_y2012a/16066026.list  
  inflating: /tmp/tinglin/992BB6CE55B046B7255C380E1FB2C566_4/analysis/list_mudst_2015pp200Emb_y2012a/16092016.list  
  inflating: /tmp/tinglin/992BB6CE55B046B7255C380E1FB2C566_4/analysis/list_mudst_2015pp200Emb_y2012a/16090024.list  
  inflating: /tmp/tinglin/992BB6CE55B046B7255C380E1FB2C566_4/analysis/list_mudst_2015pp200Emb_y2012a/16079057.list  
  inflating: /tmp/tinglin/992BB6CE55B046B7255C380E1FB2C566_4/analysis/list_mudst_2015pp200Emb_y2012a/16079058.list  
  inflating: /tmp/tinglin/992BB6CE55B046B7255C380E1FB2C566_4/analysis/list_mudst_2015pp200Emb_y2012a/16079059.list  
  inflating: /tmp/tinglin/992BB6CE55B046B7255C380E1FB2C566_4/analysis/list_mudst_2015pp200Emb_y2012a/16079060.list  
  inflating: /tmp/tinglin/992BB6CE55B046B7255C380E1FB2C566_4/analysis/list_mudst_2015pp200Emb_y2012a/16079061.list  
  inflating: /tmp/tinglin/992BB6CE55B046B7255C380E1FB2C566_4/analysis/list_mudst_2015pp200Emb_y2012a/16079062.list  
  inflating: /tmp/tinglin/992BB6CE55B046B7255C380E1FB2C566_4/analysis/list_mudst_2015pp200Emb_y2012a/16092001.list  
  inflating: /tmp/tinglin/992BB6CE55B046B7255C380E1FB2C566_4/analysis/list_mudst_2015pp200Emb_y2012a/16083049.list  
  inflating: /tmp/tinglin/992BB6CE55B046B7255C380E1FB2C566_4/analysis/list_mudst_2015pp200Emb_y2012a/16085056.list  
  inflating: /tmp/tinglin/992BB6CE55B046B7255C380E1FB2C566_4/analysis/list_mudst_2015pp200Emb_y2012a/16066019.list  
  inflating: /tmp/tinglin/992BB6CE55B046B7255C380E1FB2C566_4/analysis/list_mudst_2015pp200Emb_y2012a/16065038.list  
  inflating: /tmp/tinglin/992BB6CE55B046B7255C380E1FB2C566_4/analysis/list_mudst_2015pp200Emb_y2012a/16064077.list  
  inflating: /tmp/tinglin/992BB6CE55B046B7255C380E1FB2C566_4/analysis/list_mudst_2015pp200Emb_y2012a/16064078.list  
  inflating: /tmp/tinglin/992BB6CE55B046B7255C380E1FB2C566_4/analysis/list_mudst_2015pp200Emb_y2012a/16064079.list  
  inflating: /tmp/tinglin/992BB6CE55B046B7255C380E1FB2C566_4/analysis/list_mudst_2015pp200Emb_y2012a/16064080.list  
  inflating: /tmp/tinglin/992BB6CE55B046B7255C380E1FB2C566_4/analysis/list_mudst_2015pp200Emb_y2012a/16064082.list  
  inflating: /tmp/tinglin/992BB6CE55B046B7255C380E1FB2C566_4/analysis/list_mudst_2015pp200Emb_y2012a/16065001.list  
  inflating: /tmp/tinglin/992BB6CE55B046B7255C380E1FB2C566_4/analysis/list_mudst_2015pp200Emb_y2012a/16065002.list  
  inflating: /tmp/tinglin/992BB6CE55B046B7255C380E1FB2C566_4/analysis/list_mudst_2015pp200Emb_y2012a/16065003.list  
  inflating: /tmp/tinglin/992BB6CE55B046B7255C380E1FB2C566_4/analysis/list_mudst_2015pp200Emb_y2012a/16065005.list  
  inflating: /tmp/tinglin/992BB6CE55B046B7255C380E1FB2C566_4/analysis/list_mudst_2015pp200Emb_y2012a/16065006.list  
  inflating: /tmp/tinglin/992BB6CE55B046B7255C380E1FB2C566_4/analysis/list_mudst_2015pp200Emb_y2012a/16065007.list  
  inflating: /tmp/tinglin/992BB6CE55B046B7255C380E1FB2C566_4/analysis/list_mudst_2015pp200Emb_y2012a/16065008.list  
  inflating: /tmp/tinglin/992BB6CE55B046B7255C380E1FB2C566_4/analysis/list_mudst_2015pp200Emb_y2012a/16065009.list  
  inflating: /tmp/tinglin/992BB6CE55B046B7255C380E1FB2C566_4/analysis/list_mudst_2015pp200Emb_y2012a/16065010.list  
  inflating: /tmp/tinglin/992BB6CE55B046B7255C380E1FB2C566_4/analysis/list_mudst_2015pp200Emb_y2012a/16065012.list  
  inflating: /tmp/tinglin/992BB6CE55B046B7255C380E1FB2C566_4/analysis/list_mudst_2015pp200Emb_y2012a/16065013.list  
  inflating: /tmp/tinglin/992BB6CE55B046B7255C380E1FB2C566_4/analysis/list_mudst_2015pp200Emb_y2012a/16065014.list  
  inflating: /tmp/tinglin/992BB6CE55B046B7255C380E1FB2C566_4/analysis/list_mudst_2015pp200Emb_y2012a/16065015.list  
  inflating: /tmp/tinglin/992BB6CE55B046B7255C380E1FB2C566_4/analysis/list_mudst_2015pp200Emb_y2012a/16065016.list  
  inflating: /tmp/tinglin/992BB6CE55B046B7255C380E1FB2C566_4/analysis/list_mudst_2015pp200Emb_y2012a/16065017.list  
  inflating: /tmp/tinglin/992BB6CE55B046B7255C380E1FB2C566_4/analysis/list_mudst_2015pp200Emb_y2012a/16065018.list  
  inflating: /tmp/tinglin/992BB6CE55B046B7255C380E1FB2C566_4/analysis/list_mudst_2015pp200Emb_y2012a/16065023.list  
  inflating: /tmp/tinglin/992BB6CE55B046B7255C380E1FB2C566_4/analysis/list_mudst_2015pp200Emb_y2012a/16065024.list  
  inflating: /tmp/tinglin/992BB6CE55B046B7255C380E1FB2C566_4/analysis/list_mudst_2015pp200Emb_y2012a/16065025.list  
  inflating: /tmp/tinglin/992BB6CE55B046B7255C380E1FB2C566_4/analysis/list_mudst_2015pp200Emb_y2012a/16065026.list  
  inflating: /tmp/tinglin/992BB6CE55B046B7255C380E1FB2C566_4/analysis/list_mudst_2015pp200Emb_y2012a/16065027.list  
  inflating: /tmp/tinglin/992BB6CE55B046B7255C380E1FB2C566_4/analysis/list_mudst_2015pp200Emb_y2012a/16065028.list  
  inflating: /tmp/tinglin/992BB6CE55B046B7255C380E1FB2C566_4/analysis/list_mudst_2015pp200Emb_y2012a/16065036.list  
  inflating: /tmp/tinglin/992BB6CE55B046B7255C380E1FB2C566_4/analysis/list_mudst_2015pp200Emb_y2012a/16065037.list  
  inflating: /tmp/tinglin/992BB6CE55B046B7255C380E1FB2C566_4/analysis/list_mudst_2015pp200Emb_y2012a/16066033.list  
  inflating: /tmp/tinglin/992BB6CE55B046B7255C380E1FB2C566_4/analysis/list_mudst_2015pp200Emb_y2012a/16065039.list  
  inflating: /tmp/tinglin/992BB6CE55B046B7255C380E1FB2C566_4/analysis/list_mudst_2015pp200Emb_y2012a/16065041.list  
  inflating: /tmp/tinglin/992BB6CE55B046B7255C380E1FB2C566_4/analysis/list_mudst_2015pp200Emb_y2012a/16065042.list  
  inflating: /tmp/tinglin/992BB6CE55B046B7255C380E1FB2C566_4/analysis/list_mudst_2015pp200Emb_y2012a/16065044.list  
  inflating: /tmp/tinglin/992BB6CE55B046B7255C380E1FB2C566_4/analysis/list_mudst_2015pp200Emb_y2012a/16065045.list  
  inflating: /tmp/tinglin/992BB6CE55B046B7255C380E1FB2C566_4/analysis/list_mudst_2015pp200Emb_y2012a/16065046.list  
  inflating: /tmp/tinglin/992BB6CE55B046B7255C380E1FB2C566_4/analysis/list_mudst_2015pp200Emb_y2012a/16065047.list  
  inflating: /tmp/tinglin/992BB6CE55B046B7255C380E1FB2C566_4/analysis/list_mudst_2015pp200Emb_y2012a/16065048.list  
  inflating: /tmp/tinglin/992BB6CE55B046B7255C380E1FB2C566_4/analysis/list_mudst_2015pp200Emb_y2012a/16065060.list  
  inflating: /tmp/tinglin/992BB6CE55B046B7255C380E1FB2C566_4/analysis/list_mudst_2015pp200Emb_y2012a/16065061.list  
  inflating: /tmp/tinglin/992BB6CE55B046B7255C380E1FB2C566_4/analysis/list_mudst_2015pp200Emb_y2012a/16065072.list  
  inflating: /tmp/tinglin/992BB6CE55B046B7255C380E1FB2C566_4/analysis/list_mudst_2015pp200Emb_y2012a/16066001.list  
  inflating: /tmp/tinglin/992BB6CE55B046B7255C380E1FB2C566_4/analysis/list_mudst_2015pp200Emb_y2012a/16066002.list  
  inflating: /tmp/tinglin/992BB6CE55B046B7255C380E1FB2C566_4/analysis/list_mudst_2015pp200Emb_y2012a/16066003.list  
  inflating: /tmp/tinglin/992BB6CE55B046B7255C380E1FB2C566_4/analysis/list_mudst_2015pp200Emb_y2012a/16066004.list  
  inflating: /tmp/tinglin/992BB6CE55B046B7255C380E1FB2C566_4/analysis/list_mudst_2015pp200Emb_y2012a/16066005.list  
  inflating: /tmp/tinglin/992BB6CE55B046B7255C380E1FB2C566_4/analysis/list_mudst_2015pp200Emb_y2012a/16066006.list  
  inflating: /tmp/tinglin/992BB6CE55B046B7255C380E1FB2C566_4/analysis/list_mudst_2015pp200Emb_y2012a/16066007.list  
  inflating: /tmp/tinglin/992BB6CE55B046B7255C380E1FB2C566_4/analysis/list_mudst_2015pp200Emb_y2012a/16066008.list  
  inflating: /tmp/tinglin/992BB6CE55B046B7255C380E1FB2C566_4/analysis/list_mudst_2015pp200Emb_y2012a/16066009.list  
  inflating: /tmp/tinglin/992BB6CE55B046B7255C380E1FB2C566_4/analysis/list_mudst_2015pp200Emb_y2012a/16066011.list  
  inflating: /tmp/tinglin/992BB6CE55B046B7255C380E1FB2C566_4/analysis/list_mudst_2015pp200Emb_y2012a/16066012.list  
  inflating: /tmp/tinglin/992BB6CE55B046B7255C380E1FB2C566_4/analysis/list_mudst_2015pp200Emb_y2012a/16066015.list  
  inflating: /tmp/tinglin/992BB6CE55B046B7255C380E1FB2C566_4/analysis/list_mudst_2015pp200Emb_y2012a/16066016.list  
  inflating: /tmp/tinglin/992BB6CE55B046B7255C380E1FB2C566_4/analysis/list_mudst_2015pp200Emb_y2012a/16066017.list  
  inflating: /tmp/tinglin/992BB6CE55B046B7255C380E1FB2C566_4/analysis/list_mudst_2015pp200Emb_y2012a/16066018.list  
  inflating: /tmp/tinglin/992BB6CE55B046B7255C380E1FB2C566_4/analysis/list_mudst_2015pp200Emb_y2012a/16071055.list  
  inflating: /tmp/tinglin/992BB6CE55B046B7255C380E1FB2C566_4/analysis/list_mudst_2015pp200Emb_y2012a/16066020.list  
  inflating: /tmp/tinglin/992BB6CE55B046B7255C380E1FB2C566_4/analysis/list_mudst_2015pp200Emb_y2012a/16066021.list  
  inflating: /tmp/tinglin/992BB6CE55B046B7255C380E1FB2C566_4/analysis/list_mudst_2015pp200Emb_y2012a/16077032.list  
  inflating: /tmp/tinglin/992BB6CE55B046B7255C380E1FB2C566_4/analysis/list_mudst_2015pp200Emb_y2012a/16066027.list  
  inflating: /tmp/tinglin/992BB6CE55B046B7255C380E1FB2C566_4/analysis/list_mudst_2015pp200Emb_y2012a/16066030.list  
  inflating: /tmp/tinglin/992BB6CE55B046B7255C380E1FB2C566_4/analysis/list_mudst_2015pp200Emb_y2012a/16066031.list  
  inflating: /tmp/tinglin/992BB6CE55B046B7255C380E1FB2C566_4/analysis/list_mudst_2015pp200Emb_y2012a/16066032.list  
  inflating: /tmp/tinglin/992BB6CE55B046B7255C380E1FB2C566_4/analysis/list_mudst_2015pp200Emb_y2012a/16069010.list  
  inflating: /tmp/tinglin/992BB6CE55B046B7255C380E1FB2C566_4/analysis/list_mudst_2015pp200Emb_y2012a/16066035.list  
  inflating: /tmp/tinglin/992BB6CE55B046B7255C380E1FB2C566_4/analysis/list_mudst_2015pp200Emb_y2012a/16066047.list  
  inflating: /tmp/tinglin/992BB6CE55B046B7255C380E1FB2C566_4/analysis/list_mudst_2015pp200Emb_y2012a/16066049.list  
  inflating: /tmp/tinglin/992BB6CE55B046B7255C380E1FB2C566_4/analysis/list_mudst_2015pp200Emb_y2012a/16066050.list  
  inflating: /tmp/tinglin/992BB6CE55B046B7255C380E1FB2C566_4/analysis/list_mudst_2015pp200Emb_y2012a/16066051.list  
  inflating: /tmp/tinglin/992BB6CE55B046B7255C380E1FB2C566_4/analysis/list_mudst_2015pp200Emb_y2012a/16066052.list  
  inflating: /tmp/tinglin/992BB6CE55B046B7255C380E1FB2C566_4/analysis/list_mudst_2015pp200Emb_y2012a/16066053.list  
  inflating: /tmp/tinglin/992BB6CE55B046B7255C380E1FB2C566_4/analysis/list_mudst_2015pp200Emb_y2012a/16066054.list  
  inflating: /tmp/tinglin/992BB6CE55B046B7255C380E1FB2C566_4/analysis/list_mudst_2015pp200Emb_y2012a/16066055.list  
  inflating: /tmp/tinglin/992BB6CE55B046B7255C380E1FB2C566_4/analysis/list_mudst_2015pp200Emb_y2012a/16066059.list  
  inflating: /tmp/tinglin/992BB6CE55B046B7255C380E1FB2C566_4/analysis/list_mudst_2015pp200Emb_y2012a/16066060.list  
  inflating: /tmp/tinglin/992BB6CE55B046B7255C380E1FB2C566_4/analysis/list_mudst_2015pp200Emb_y2012a/16067001.list  
  inflating: /tmp/tinglin/992BB6CE55B046B7255C380E1FB2C566_4/analysis/list_mudst_2015pp200Emb_y2012a/16067003.list  
  inflating: /tmp/tinglin/992BB6CE55B046B7255C380E1FB2C566_4/analysis/list_mudst_2015pp200Emb_y2012a/16067004.list  
  inflating: /tmp/tinglin/992BB6CE55B046B7255C380E1FB2C566_4/analysis/list_mudst_2015pp200Emb_y2012a/16067005.list  
  inflating: /tmp/tinglin/992BB6CE55B046B7255C380E1FB2C566_4/analysis/list_mudst_2015pp200Emb_y2012a/16067006.list  
  inflating: /tmp/tinglin/992BB6CE55B046B7255C380E1FB2C566_4/analysis/list_mudst_2015pp200Emb_y2012a/16067013.list  
  inflating: /tmp/tinglin/992BB6CE55B046B7255C380E1FB2C566_4/analysis/list_mudst_2015pp200Emb_y2012a/16067014.list  
  inflating: /tmp/tinglin/992BB6CE55B046B7255C380E1FB2C566_4/analysis/list_mudst_2015pp200Emb_y2012a/16067015.list  
  inflating: /tmp/tinglin/992BB6CE55B046B7255C380E1FB2C566_4/analysis/list_mudst_2015pp200Emb_y2012a/16067016.list  
  inflating: /tmp/tinglin/992BB6CE55B046B7255C380E1FB2C566_4/analysis/list_mudst_2015pp200Emb_y2012a/16067017.list  
  inflating: /tmp/tinglin/992BB6CE55B046B7255C380E1FB2C566_4/analysis/list_mudst_2015pp200Emb_y2012a/16067019.list  
  inflating: /tmp/tinglin/992BB6CE55B046B7255C380E1FB2C566_4/analysis/list_mudst_2015pp200Emb_y2012a/16067020.list  
  inflating: /tmp/tinglin/992BB6CE55B046B7255C380E1FB2C566_4/analysis/list_mudst_2015pp200Emb_y2012a/16067021.list  
  inflating: /tmp/tinglin/992BB6CE55B046B7255C380E1FB2C566_4/analysis/list_mudst_2015pp200Emb_y2012a/16067022.list  
  inflating: /tmp/tinglin/992BB6CE55B046B7255C380E1FB2C566_4/analysis/list_mudst_2015pp200Emb_y2012a/16067040.list  
  inflating: /tmp/tinglin/992BB6CE55B046B7255C380E1FB2C566_4/analysis/list_mudst_2015pp200Emb_y2012a/16067041.list  
  inflating: /tmp/tinglin/992BB6CE55B046B7255C380E1FB2C566_4/analysis/list_mudst_2015pp200Emb_y2012a/16067042.list  
  inflating: /tmp/tinglin/992BB6CE55B046B7255C380E1FB2C566_4/analysis/list_mudst_2015pp200Emb_y2012a/16067043.list  
  inflating: /tmp/tinglin/992BB6CE55B046B7255C380E1FB2C566_4/analysis/list_mudst_2015pp200Emb_y2012a/16067044.list  
  inflating: /tmp/tinglin/992BB6CE55B046B7255C380E1FB2C566_4/analysis/list_mudst_2015pp200Emb_y2012a/16068001.list  
  inflating: /tmp/tinglin/992BB6CE55B046B7255C380E1FB2C566_4/analysis/list_mudst_2015pp200Emb_y2012a/16068003.list  
  inflating: /tmp/tinglin/992BB6CE55B046B7255C380E1FB2C566_4/analysis/list_mudst_2015pp200Emb_y2012a/16068004.list  
  inflating: /tmp/tinglin/992BB6CE55B046B7255C380E1FB2C566_4/analysis/list_mudst_2015pp200Emb_y2012a/16068005.list  
  inflating: /tmp/tinglin/992BB6CE55B046B7255C380E1FB2C566_4/analysis/list_mudst_2015pp200Emb_y2012a/16068006.list  
  inflating: /tmp/tinglin/992BB6CE55B046B7255C380E1FB2C566_4/analysis/list_mudst_2015pp200Emb_y2012a/16068007.list  
  inflating: /tmp/tinglin/992BB6CE55B046B7255C380E1FB2C566_4/analysis/list_mudst_2015pp200Emb_y2012a/16068008.list  
  inflating: /tmp/tinglin/992BB6CE55B046B7255C380E1FB2C566_4/analysis/list_mudst_2015pp200Emb_y2012a/16068009.list  
  inflating: /tmp/tinglin/992BB6CE55B046B7255C380E1FB2C566_4/analysis/list_mudst_2015pp200Emb_y2012a/16068010.list  
  inflating: /tmp/tinglin/992BB6CE55B046B7255C380E1FB2C566_4/analysis/list_mudst_2015pp200Emb_y2012a/16068013.list  
  inflating: /tmp/tinglin/992BB6CE55B046B7255C380E1FB2C566_4/analysis/list_mudst_2015pp200Emb_y2012a/16068014.list  
  inflating: /tmp/tinglin/992BB6CE55B046B7255C380E1FB2C566_4/analysis/list_mudst_2015pp200Emb_y2012a/16068015.list  
  inflating: /tmp/tinglin/992BB6CE55B046B7255C380E1FB2C566_4/analysis/list_mudst_2015pp200Emb_y2012a/16068016.list  
  inflating: /tmp/tinglin/992BB6CE55B046B7255C380E1FB2C566_4/analysis/list_mudst_2015pp200Emb_y2012a/16068017.list  
  inflating: /tmp/tinglin/992BB6CE55B046B7255C380E1FB2C566_4/analysis/list_mudst_2015pp200Emb_y2012a/16068018.list  
  inflating: /tmp/tinglin/992BB6CE55B046B7255C380E1FB2C566_4/analysis/list_mudst_2015pp200Emb_y2012a/16068021.list  
  inflating: /tmp/tinglin/992BB6CE55B046B7255C380E1FB2C566_4/analysis/list_mudst_2015pp200Emb_y2012a/16068022.list  
  inflating: /tmp/tinglin/992BB6CE55B046B7255C380E1FB2C566_4/analysis/list_mudst_2015pp200Emb_y2012a/16068023.list  
  inflating: /tmp/tinglin/992BB6CE55B046B7255C380E1FB2C566_4/analysis/list_mudst_2015pp200Emb_y2012a/16068024.list  
  inflating: /tmp/tinglin/992BB6CE55B046B7255C380E1FB2C566_4/analysis/list_mudst_2015pp200Emb_y2012a/16068025.list  
  inflating: /tmp/tinglin/992BB6CE55B046B7255C380E1FB2C566_4/analysis/list_mudst_2015pp200Emb_y2012a/16068028.list  
  inflating: /tmp/tinglin/992BB6CE55B046B7255C380E1FB2C566_4/analysis/list_mudst_2015pp200Emb_y2012a/16068029.list  
  inflating: /tmp/tinglin/992BB6CE55B046B7255C380E1FB2C566_4/analysis/list_mudst_2015pp200Emb_y2012a/16068030.list  
  inflating: /tmp/tinglin/992BB6CE55B046B7255C380E1FB2C566_4/analysis/list_mudst_2015pp200Emb_y2012a/16068032.list  
  inflating: /tmp/tinglin/992BB6CE55B046B7255C380E1FB2C566_4/analysis/list_mudst_2015pp200Emb_y2012a/16068034.list  
  inflating: /tmp/tinglin/992BB6CE55B046B7255C380E1FB2C566_4/analysis/list_mudst_2015pp200Emb_y2012a/16068035.list  
  inflating: /tmp/tinglin/992BB6CE55B046B7255C380E1FB2C566_4/analysis/list_mudst_2015pp200Emb_y2012a/16068036.list  
  inflating: /tmp/tinglin/992BB6CE55B046B7255C380E1FB2C566_4/analysis/list_mudst_2015pp200Emb_y2012a/16068037.list  
  inflating: /tmp/tinglin/992BB6CE55B046B7255C380E1FB2C566_4/analysis/list_mudst_2015pp200Emb_y2012a/16068038.list  
  inflating: /tmp/tinglin/992BB6CE55B046B7255C380E1FB2C566_4/analysis/list_mudst_2015pp200Emb_y2012a/16068039.list  
  inflating: /tmp/tinglin/992BB6CE55B046B7255C380E1FB2C566_4/analysis/list_mudst_2015pp200Emb_y2012a/16068040.list  
  inflating: /tmp/tinglin/992BB6CE55B046B7255C380E1FB2C566_4/analysis/list_mudst_2015pp200Emb_y2012a/16068042.list  
  inflating: /tmp/tinglin/992BB6CE55B046B7255C380E1FB2C566_4/analysis/list_mudst_2015pp200Emb_y2012a/16068056.list  
  inflating: /tmp/tinglin/992BB6CE55B046B7255C380E1FB2C566_4/analysis/list_mudst_2015pp200Emb_y2012a/16068057.list  
  inflating: /tmp/tinglin/992BB6CE55B046B7255C380E1FB2C566_4/analysis/list_mudst_2015pp200Emb_y2012a/16068058.list  
  inflating: /tmp/tinglin/992BB6CE55B046B7255C380E1FB2C566_4/analysis/list_mudst_2015pp200Emb_y2012a/16069001.list  
  inflating: /tmp/tinglin/992BB6CE55B046B7255C380E1FB2C566_4/analysis/list_mudst_2015pp200Emb_y2012a/16069002.list  
  inflating: /tmp/tinglin/992BB6CE55B046B7255C380E1FB2C566_4/analysis/list_mudst_2015pp200Emb_y2012a/16069003.list  
  inflating: /tmp/tinglin/992BB6CE55B046B7255C380E1FB2C566_4/analysis/list_mudst_2015pp200Emb_y2012a/16069004.list  
  inflating: /tmp/tinglin/992BB6CE55B046B7255C380E1FB2C566_4/analysis/list_mudst_2015pp200Emb_y2012a/16069005.list  
  inflating: /tmp/tinglin/992BB6CE55B046B7255C380E1FB2C566_4/analysis/list_mudst_2015pp200Emb_y2012a/16069006.list  
  inflating: /tmp/tinglin/992BB6CE55B046B7255C380E1FB2C566_4/analysis/list_mudst_2015pp200Emb_y2012a/16069007.list  
  inflating: /tmp/tinglin/992BB6CE55B046B7255C380E1FB2C566_4/analysis/list_mudst_2015pp200Emb_y2012a/16069009.list  
  inflating: /tmp/tinglin/992BB6CE55B046B7255C380E1FB2C566_4/analysis/list_mudst_2015pp200Emb_y2012a/16071053.list  
  inflating: /tmp/tinglin/992BB6CE55B046B7255C380E1FB2C566_4/analysis/list_mudst_2015pp200Emb_y2012a/16069011.list  
  inflating: /tmp/tinglin/992BB6CE55B046B7255C380E1FB2C566_4/analysis/list_mudst_2015pp200Emb_y2012a/16069012.list  
  inflating: /tmp/tinglin/992BB6CE55B046B7255C380E1FB2C566_4/analysis/list_mudst_2015pp200Emb_y2012a/16069016.list  
  inflating: /tmp/tinglin/992BB6CE55B046B7255C380E1FB2C566_4/analysis/list_mudst_2015pp200Emb_y2012a/16069024.list  
  inflating: /tmp/tinglin/992BB6CE55B046B7255C380E1FB2C566_4/analysis/list_mudst_2015pp200Emb_y2012a/16069025.list  
  inflating: /tmp/tinglin/992BB6CE55B046B7255C380E1FB2C566_4/analysis/list_mudst_2015pp200Emb_y2012a/16069026.list  
  inflating: /tmp/tinglin/992BB6CE55B046B7255C380E1FB2C566_4/analysis/list_mudst_2015pp200Emb_y2012a/16069027.list  
  inflating: /tmp/tinglin/992BB6CE55B046B7255C380E1FB2C566_4/analysis/list_mudst_2015pp200Emb_y2012a/16069028.list  
  inflating: /tmp/tinglin/992BB6CE55B046B7255C380E1FB2C566_4/analysis/list_mudst_2015pp200Emb_y2012a/16069029.list  
  inflating: /tmp/tinglin/992BB6CE55B046B7255C380E1FB2C566_4/analysis/list_mudst_2015pp200Emb_y2012a/16069030.list  
  inflating: /tmp/tinglin/992BB6CE55B046B7255C380E1FB2C566_4/analysis/list_mudst_2015pp200Emb_y2012a/16069031.list  
  inflating: /tmp/tinglin/992BB6CE55B046B7255C380E1FB2C566_4/analysis/list_mudst_2015pp200Emb_y2012a/16069032.list  
  inflating: /tmp/tinglin/992BB6CE55B046B7255C380E1FB2C566_4/analysis/list_mudst_2015pp200Emb_y2012a/16069033.list  
  inflating: /tmp/tinglin/992BB6CE55B046B7255C380E1FB2C566_4/analysis/list_mudst_2015pp200Emb_y2012a/16069034.list  
  inflating: /tmp/tinglin/992BB6CE55B046B7255C380E1FB2C566_4/analysis/list_mudst_2015pp200Emb_y2012a/16069035.list  
  inflating: /tmp/tinglin/992BB6CE55B046B7255C380E1FB2C566_4/analysis/list_mudst_2015pp200Emb_y2012a/16069036.list  
  inflating: /tmp/tinglin/992BB6CE55B046B7255C380E1FB2C566_4/analysis/list_mudst_2015pp200Emb_y2012a/16069038.list  
  inflating: /tmp/tinglin/992BB6CE55B046B7255C380E1FB2C566_4/analysis/list_mudst_2015pp200Emb_y2012a/16069039.list  
  inflating: /tmp/tinglin/992BB6CE55B046B7255C380E1FB2C566_4/analysis/list_mudst_2015pp200Emb_y2012a/16069040.list  
  inflating: /tmp/tinglin/992BB6CE55B046B7255C380E1FB2C566_4/analysis/list_mudst_2015pp200Emb_y2012a/16069041.list  
  inflating: /tmp/tinglin/992BB6CE55B046B7255C380E1FB2C566_4/analysis/list_mudst_2015pp200Emb_y2012a/16069042.list  
  inflating: /tmp/tinglin/992BB6CE55B046B7255C380E1FB2C566_4/analysis/list_mudst_2015pp200Emb_y2012a/16069053.list  
  inflating: /tmp/tinglin/992BB6CE55B046B7255C380E1FB2C566_4/analysis/list_mudst_2015pp200Emb_y2012a/16069054.list  
  inflating: /tmp/tinglin/992BB6CE55B046B7255C380E1FB2C566_4/analysis/list_mudst_2015pp200Emb_y2012a/16069055.list  
  inflating: /tmp/tinglin/992BB6CE55B046B7255C380E1FB2C566_4/analysis/list_mudst_2015pp200Emb_y2012a/16069062.list  
  inflating: /tmp/tinglin/992BB6CE55B046B7255C380E1FB2C566_4/analysis/list_mudst_2015pp200Emb_y2012a/16069063.list  
  inflating: /tmp/tinglin/992BB6CE55B046B7255C380E1FB2C566_4/analysis/list_mudst_2015pp200Emb_y2012a/16069064.list  
  inflating: /tmp/tinglin/992BB6CE55B046B7255C380E1FB2C566_4/analysis/list_mudst_2015pp200Emb_y2012a/16069065.list  
  inflating: /tmp/tinglin/992BB6CE55B046B7255C380E1FB2C566_4/analysis/list_mudst_2015pp200Emb_y2012a/16069066.list  
  inflating: /tmp/tinglin/992BB6CE55B046B7255C380E1FB2C566_4/analysis/list_mudst_2015pp200Emb_y2012a/16069067.list  
  inflating: /tmp/tinglin/992BB6CE55B046B7255C380E1FB2C566_4/analysis/list_mudst_2015pp200Emb_y2012a/16070003.list  
  inflating: /tmp/tinglin/992BB6CE55B046B7255C380E1FB2C566_4/analysis/list_mudst_2015pp200Emb_y2012a/16070004.list  
  inflating: /tmp/tinglin/992BB6CE55B046B7255C380E1FB2C566_4/analysis/list_mudst_2015pp200Emb_y2012a/16070005.list  
  inflating: /tmp/tinglin/992BB6CE55B046B7255C380E1FB2C566_4/analysis/list_mudst_2015pp200Emb_y2012a/16070006.list  
  inflating: /tmp/tinglin/992BB6CE55B046B7255C380E1FB2C566_4/analysis/list_mudst_2015pp200Emb_y2012a/16070008.list  
  inflating: /tmp/tinglin/992BB6CE55B046B7255C380E1FB2C566_4/analysis/list_mudst_2015pp200Emb_y2012a/16070009.list  
  inflating: /tmp/tinglin/992BB6CE55B046B7255C380E1FB2C566_4/analysis/list_mudst_2015pp200Emb_y2012a/16070010.list  
  inflating: /tmp/tinglin/992BB6CE55B046B7255C380E1FB2C566_4/analysis/list_mudst_2015pp200Emb_y2012a/16070012.list  
  inflating: /tmp/tinglin/992BB6CE55B046B7255C380E1FB2C566_4/analysis/list_mudst_2015pp200Emb_y2012a/16070013.list  
  inflating: /tmp/tinglin/992BB6CE55B046B7255C380E1FB2C566_4/analysis/list_mudst_2015pp200Emb_y2012a/16070014.list  
  inflating: /tmp/tinglin/992BB6CE55B046B7255C380E1FB2C566_4/analysis/list_mudst_2015pp200Emb_y2012a/16070015.list  
  inflating: /tmp/tinglin/992BB6CE55B046B7255C380E1FB2C566_4/analysis/list_mudst_2015pp200Emb_y2012a/16071050.list  
  inflating: /tmp/tinglin/992BB6CE55B046B7255C380E1FB2C566_4/analysis/list_mudst_2015pp200Emb_y2012a/16071051.list  
  inflating: /tmp/tinglin/992BB6CE55B046B7255C380E1FB2C566_4/analysis/list_mudst_2015pp200Emb_y2012a/16071052.list  
  inflating: /tmp/tinglin/992BB6CE55B046B7255C380E1FB2C566_4/analysis/list_mudst_2015pp200Emb_y2012a/16077046.list  
  inflating: /tmp/tinglin/992BB6CE55B046B7255C380E1FB2C566_4/analysis/list_mudst_2015pp200Emb_y2012a/16079027.list  
  inflating: /tmp/tinglin/992BB6CE55B046B7255C380E1FB2C566_4/analysis/list_mudst_2015pp200Emb_y2012a/16071054.list  
  inflating: /tmp/tinglin/992BB6CE55B046B7255C380E1FB2C566_4/analysis/list_mudst_2015pp200Emb_y2012a/16071056.list  
  inflating: /tmp/tinglin/992BB6CE55B046B7255C380E1FB2C566_4/analysis/list_mudst_2015pp200Emb_y2012a/16071058.list  
  inflating: /tmp/tinglin/992BB6CE55B046B7255C380E1FB2C566_4/analysis/list_mudst_2015pp200Emb_y2012a/16071059.list  
 extracting: /tmp/tinglin/992BB6CE55B046B7255C380E1FB2C566_4/analysis/list_mudst_2015pp200Emb_y2012a/16071060.list  
  inflating: /tmp/tinglin/992BB6CE55B046B7255C380E1FB2C566_4/analysis/list_mudst_2015pp200Emb_y2012a/16071061.list  
  inflating: /tmp/tinglin/992BB6CE55B046B7255C380E1FB2C566_4/analysis/list_mudst_2015pp200Emb_y2012a/16071062.list  
  inflating: /tmp/tinglin/992BB6CE55B046B7255C380E1FB2C566_4/analysis/list_mudst_2015pp200Emb_y2012a/16071076.list  
  inflating: /tmp/tinglin/992BB6CE55B046B7255C380E1FB2C566_4/analysis/list_mudst_2015pp200Emb_y2012a/16071077.list  
  inflating: /tmp/tinglin/992BB6CE55B046B7255C380E1FB2C566_4/analysis/list_mudst_2015pp200Emb_y2012a/16071078.list  
  inflating: /tmp/tinglin/992BB6CE55B046B7255C380E1FB2C566_4/analysis/list_mudst_2015pp200Emb_y2012a/16071079.list  
  inflating: /tmp/tinglin/992BB6CE55B046B7255C380E1FB2C566_4/analysis/list_mudst_2015pp200Emb_y2012a/16072001.list  
  inflating: /tmp/tinglin/992BB6CE55B046B7255C380E1FB2C566_4/analysis/list_mudst_2015pp200Emb_y2012a/16072002.list  
  inflating: /tmp/tinglin/992BB6CE55B046B7255C380E1FB2C566_4/analysis/list_mudst_2015pp200Emb_y2012a/16072003.list  
  inflating: /tmp/tinglin/992BB6CE55B046B7255C380E1FB2C566_4/analysis/list_mudst_2015pp200Emb_y2012a/16072006.list  
  inflating: /tmp/tinglin/992BB6CE55B046B7255C380E1FB2C566_4/analysis/list_mudst_2015pp200Emb_y2012a/16072007.list  
  inflating: /tmp/tinglin/992BB6CE55B046B7255C380E1FB2C566_4/analysis/list_mudst_2015pp200Emb_y2012a/16072008.list  
  inflating: /tmp/tinglin/992BB6CE55B046B7255C380E1FB2C566_4/analysis/list_mudst_2015pp200Emb_y2012a/16072009.list  
  inflating: /tmp/tinglin/992BB6CE55B046B7255C380E1FB2C566_4/analysis/list_mudst_2015pp200Emb_y2012a/16072010.list  
  inflating: /tmp/tinglin/992BB6CE55B046B7255C380E1FB2C566_4/analysis/list_mudst_2015pp200Emb_y2012a/16072012.list  
  inflating: /tmp/tinglin/992BB6CE55B046B7255C380E1FB2C566_4/analysis/list_mudst_2015pp200Emb_y2012a/16072013.list  
  inflating: /tmp/tinglin/992BB6CE55B046B7255C380E1FB2C566_4/analysis/list_mudst_2015pp200Emb_y2012a/16072014.list  
  inflating: /tmp/tinglin/992BB6CE55B046B7255C380E1FB2C566_4/analysis/list_mudst_2015pp200Emb_y2012a/16072022.list  
  inflating: /tmp/tinglin/992BB6CE55B046B7255C380E1FB2C566_4/analysis/list_mudst_2015pp200Emb_y2012a/16072023.list  
  inflating: /tmp/tinglin/992BB6CE55B046B7255C380E1FB2C566_4/analysis/list_mudst_2015pp200Emb_y2012a/16072024.list  
  inflating: /tmp/tinglin/992BB6CE55B046B7255C380E1FB2C566_4/analysis/list_mudst_2015pp200Emb_y2012a/16072025.list  
  inflating: /tmp/tinglin/992BB6CE55B046B7255C380E1FB2C566_4/analysis/list_mudst_2015pp200Emb_y2012a/16072026.list  
  inflating: /tmp/tinglin/992BB6CE55B046B7255C380E1FB2C566_4/analysis/list_mudst_2015pp200Emb_y2012a/16072033.list  
  inflating: /tmp/tinglin/992BB6CE55B046B7255C380E1FB2C566_4/analysis/list_mudst_2015pp200Emb_y2012a/16072034.list  
  inflating: /tmp/tinglin/992BB6CE55B046B7255C380E1FB2C566_4/analysis/list_mudst_2015pp200Emb_y2012a/16072035.list  
  inflating: /tmp/tinglin/992BB6CE55B046B7255C380E1FB2C566_4/analysis/list_mudst_2015pp200Emb_y2012a/16072036.list  
  inflating: /tmp/tinglin/992BB6CE55B046B7255C380E1FB2C566_4/analysis/list_mudst_2015pp200Emb_y2012a/16072038.list  
  inflating: /tmp/tinglin/992BB6CE55B046B7255C380E1FB2C566_4/analysis/list_mudst_2015pp200Emb_y2012a/16072039.list  
  inflating: /tmp/tinglin/992BB6CE55B046B7255C380E1FB2C566_4/analysis/list_mudst_2015pp200Emb_y2012a/16072040.list  
  inflating: /tmp/tinglin/992BB6CE55B046B7255C380E1FB2C566_4/analysis/list_mudst_2015pp200Emb_y2012a/16072041.list  
  inflating: /tmp/tinglin/992BB6CE55B046B7255C380E1FB2C566_4/analysis/list_mudst_2015pp200Emb_y2012a/16072042.list  
  inflating: /tmp/tinglin/992BB6CE55B046B7255C380E1FB2C566_4/analysis/list_mudst_2015pp200Emb_y2012a/16072043.list  
  inflating: /tmp/tinglin/992BB6CE55B046B7255C380E1FB2C566_4/analysis/list_mudst_2015pp200Emb_y2012a/16072058.list  
  inflating: /tmp/tinglin/992BB6CE55B046B7255C380E1FB2C566_4/analysis/list_mudst_2015pp200Emb_y2012a/16072059.list  
  inflating: /tmp/tinglin/992BB6CE55B046B7255C380E1FB2C566_4/analysis/list_mudst_2015pp200Emb_y2012a/16072060.list  
  inflating: /tmp/tinglin/992BB6CE55B046B7255C380E1FB2C566_4/analysis/list_mudst_2015pp200Emb_y2012a/16072061.list  
  inflating: /tmp/tinglin/992BB6CE55B046B7255C380E1FB2C566_4/analysis/list_mudst_2015pp200Emb_y2012a/16072062.list  
  inflating: /tmp/tinglin/992BB6CE55B046B7255C380E1FB2C566_4/analysis/list_mudst_2015pp200Emb_y2012a/16073001.list  
  inflating: /tmp/tinglin/992BB6CE55B046B7255C380E1FB2C566_4/analysis/list_mudst_2015pp200Emb_y2012a/16073010.list  
  inflating: /tmp/tinglin/992BB6CE55B046B7255C380E1FB2C566_4/analysis/list_mudst_2015pp200Emb_y2012a/16073012.list  
  inflating: /tmp/tinglin/992BB6CE55B046B7255C380E1FB2C566_4/analysis/list_mudst_2015pp200Emb_y2012a/16073013.list  
  inflating: /tmp/tinglin/992BB6CE55B046B7255C380E1FB2C566_4/analysis/list_mudst_2015pp200Emb_y2012a/16073017.list  
  inflating: /tmp/tinglin/992BB6CE55B046B7255C380E1FB2C566_4/analysis/list_mudst_2015pp200Emb_y2012a/16073018.list  
  inflating: /tmp/tinglin/992BB6CE55B046B7255C380E1FB2C566_4/analysis/list_mudst_2015pp200Emb_y2012a/16073019.list  
  inflating: /tmp/tinglin/992BB6CE55B046B7255C380E1FB2C566_4/analysis/list_mudst_2015pp200Emb_y2012a/16073020.list  
  inflating: /tmp/tinglin/992BB6CE55B046B7255C380E1FB2C566_4/analysis/list_mudst_2015pp200Emb_y2012a/16073021.list  
  inflating: /tmp/tinglin/992BB6CE55B046B7255C380E1FB2C566_4/analysis/list_mudst_2015pp200Emb_y2012a/16073029.list  
  inflating: /tmp/tinglin/992BB6CE55B046B7255C380E1FB2C566_4/analysis/list_mudst_2015pp200Emb_y2012a/16073030.list  
  inflating: /tmp/tinglin/992BB6CE55B046B7255C380E1FB2C566_4/analysis/list_mudst_2015pp200Emb_y2012a/16073031.list  
  inflating: /tmp/tinglin/992BB6CE55B046B7255C380E1FB2C566_4/analysis/list_mudst_2015pp200Emb_y2012a/16073032.list  
  inflating: /tmp/tinglin/992BB6CE55B046B7255C380E1FB2C566_4/analysis/list_mudst_2015pp200Emb_y2012a/16073033.list  
  inflating: /tmp/tinglin/992BB6CE55B046B7255C380E1FB2C566_4/analysis/list_mudst_2015pp200Emb_y2012a/16073034.list  
  inflating: /tmp/tinglin/992BB6CE55B046B7255C380E1FB2C566_4/analysis/list_mudst_2015pp200Emb_y2012a/16073035.list  
  inflating: /tmp/tinglin/992BB6CE55B046B7255C380E1FB2C566_4/analysis/list_mudst_2015pp200Emb_y2012a/16073037.list  
  inflating: /tmp/tinglin/992BB6CE55B046B7255C380E1FB2C566_4/analysis/list_mudst_2015pp200Emb_y2012a/16073038.list  
  inflating: /tmp/tinglin/992BB6CE55B046B7255C380E1FB2C566_4/analysis/list_mudst_2015pp200Emb_y2012a/16073039.list  
  inflating: /tmp/tinglin/992BB6CE55B046B7255C380E1FB2C566_4/analysis/list_mudst_2015pp200Emb_y2012a/16073040.list  
  inflating: /tmp/tinglin/992BB6CE55B046B7255C380E1FB2C566_4/analysis/list_mudst_2015pp200Emb_y2012a/16073045.list  
  inflating: /tmp/tinglin/992BB6CE55B046B7255C380E1FB2C566_4/analysis/list_mudst_2015pp200Emb_y2012a/16073046.list  
  inflating: /tmp/tinglin/992BB6CE55B046B7255C380E1FB2C566_4/analysis/list_mudst_2015pp200Emb_y2012a/16073047.list  
  inflating: /tmp/tinglin/992BB6CE55B046B7255C380E1FB2C566_4/analysis/list_mudst_2015pp200Emb_y2012a/16073048.list  
  inflating: /tmp/tinglin/992BB6CE55B046B7255C380E1FB2C566_4/analysis/list_mudst_2015pp200Emb_y2012a/16073049.list  
  inflating: /tmp/tinglin/992BB6CE55B046B7255C380E1FB2C566_4/analysis/list_mudst_2015pp200Emb_y2012a/16073050.list  
  inflating: /tmp/tinglin/992BB6CE55B046B7255C380E1FB2C566_4/analysis/list_mudst_2015pp200Emb_y2012a/16077021.list  
  inflating: /tmp/tinglin/992BB6CE55B046B7255C380E1FB2C566_4/analysis/list_mudst_2015pp200Emb_y2012a/16077027.list  
  inflating: /tmp/tinglin/992BB6CE55B046B7255C380E1FB2C566_4/analysis/list_mudst_2015pp200Emb_y2012a/16077028.list  
  inflating: /tmp/tinglin/992BB6CE55B046B7255C380E1FB2C566_4/analysis/list_mudst_2015pp200Emb_y2012a/16077029.list  
  inflating: /tmp/tinglin/992BB6CE55B046B7255C380E1FB2C566_4/analysis/list_mudst_2015pp200Emb_y2012a/16077030.list  
  inflating: /tmp/tinglin/992BB6CE55B046B7255C380E1FB2C566_4/analysis/list_mudst_2015pp200Emb_y2012a/16077031.list  
  inflating: /tmp/tinglin/992BB6CE55B046B7255C380E1FB2C566_4/analysis/list_mudst_2015pp200Emb_y2012a/16086001.list  
  inflating: /tmp/tinglin/992BB6CE55B046B7255C380E1FB2C566_4/analysis/list_mudst_2015pp200Emb_y2012a/16077033.list  
  inflating: /tmp/tinglin/992BB6CE55B046B7255C380E1FB2C566_4/analysis/list_mudst_2015pp200Emb_y2012a/16077034.list  
  inflating: /tmp/tinglin/992BB6CE55B046B7255C380E1FB2C566_4/analysis/list_mudst_2015pp200Emb_y2012a/16077037.list  
  inflating: /tmp/tinglin/992BB6CE55B046B7255C380E1FB2C566_4/analysis/list_mudst_2015pp200Emb_y2012a/16077038.list  
  inflating: /tmp/tinglin/992BB6CE55B046B7255C380E1FB2C566_4/analysis/list_mudst_2015pp200Emb_y2012a/16077039.list  
  inflating: /tmp/tinglin/992BB6CE55B046B7255C380E1FB2C566_4/analysis/list_mudst_2015pp200Emb_y2012a/16077040.list  
  inflating: /tmp/tinglin/992BB6CE55B046B7255C380E1FB2C566_4/analysis/list_mudst_2015pp200Emb_y2012a/16077041.list  
  inflating: /tmp/tinglin/992BB6CE55B046B7255C380E1FB2C566_4/analysis/list_mudst_2015pp200Emb_y2012a/16077043.list  
  inflating: /tmp/tinglin/992BB6CE55B046B7255C380E1FB2C566_4/analysis/list_mudst_2015pp200Emb_y2012a/16077044.list  
  inflating: /tmp/tinglin/992BB6CE55B046B7255C380E1FB2C566_4/analysis/list_mudst_2015pp200Emb_y2012a/16079032.list  
  inflating: /tmp/tinglin/992BB6CE55B046B7255C380E1FB2C566_4/analysis/list_mudst_2015pp200Emb_y2012a/16077045.list  
  inflating: /tmp/tinglin/992BB6CE55B046B7255C380E1FB2C566_4/analysis/list_mudst_2015pp200Emb_y2012a/16077047.list  
  inflating: /tmp/tinglin/992BB6CE55B046B7255C380E1FB2C566_4/analysis/list_mudst_2015pp200Emb_y2012a/16077054.list  
  inflating: /tmp/tinglin/992BB6CE55B046B7255C380E1FB2C566_4/analysis/list_mudst_2015pp200Emb_y2012a/16077055.list  
  inflating: /tmp/tinglin/992BB6CE55B046B7255C380E1FB2C566_4/analysis/list_mudst_2015pp200Emb_y2012a/16078001.list  
  inflating: /tmp/tinglin/992BB6CE55B046B7255C380E1FB2C566_4/analysis/list_mudst_2015pp200Emb_y2012a/16078002.list  
  inflating: /tmp/tinglin/992BB6CE55B046B7255C380E1FB2C566_4/analysis/list_mudst_2015pp200Emb_y2012a/16078003.list  
  inflating: /tmp/tinglin/992BB6CE55B046B7255C380E1FB2C566_4/analysis/list_mudst_2015pp200Emb_y2012a/16078004.list  
  inflating: /tmp/tinglin/992BB6CE55B046B7255C380E1FB2C566_4/analysis/list_mudst_2015pp200Emb_y2012a/16078005.list  
  inflating: /tmp/tinglin/992BB6CE55B046B7255C380E1FB2C566_4/analysis/list_mudst_2015pp200Emb_y2012a/16078006.list  
  inflating: /tmp/tinglin/992BB6CE55B046B7255C380E1FB2C566_4/analysis/list_mudst_2015pp200Emb_y2012a/16078007.list  
  inflating: /tmp/tinglin/992BB6CE55B046B7255C380E1FB2C566_4/analysis/list_mudst_2015pp200Emb_y2012a/16078008.list  
  inflating: /tmp/tinglin/992BB6CE55B046B7255C380E1FB2C566_4/analysis/list_mudst_2015pp200Emb_y2012a/16078009.list  
  inflating: /tmp/tinglin/992BB6CE55B046B7255C380E1FB2C566_4/analysis/list_mudst_2015pp200Emb_y2012a/16078010.list  
  inflating: /tmp/tinglin/992BB6CE55B046B7255C380E1FB2C566_4/analysis/list_mudst_2015pp200Emb_y2012a/16078011.list  
  inflating: /tmp/tinglin/992BB6CE55B046B7255C380E1FB2C566_4/analysis/list_mudst_2015pp200Emb_y2012a/16078012.list  
  inflating: /tmp/tinglin/992BB6CE55B046B7255C380E1FB2C566_4/analysis/list_mudst_2015pp200Emb_y2012a/16078013.list  
  inflating: /tmp/tinglin/992BB6CE55B046B7255C380E1FB2C566_4/analysis/list_mudst_2015pp200Emb_y2012a/16078014.list  
  inflating: /tmp/tinglin/992BB6CE55B046B7255C380E1FB2C566_4/analysis/list_mudst_2015pp200Emb_y2012a/16078028.list  
  inflating: /tmp/tinglin/992BB6CE55B046B7255C380E1FB2C566_4/analysis/list_mudst_2015pp200Emb_y2012a/16078029.list  
  inflating: /tmp/tinglin/992BB6CE55B046B7255C380E1FB2C566_4/analysis/list_mudst_2015pp200Emb_y2012a/16078030.list  
  inflating: /tmp/tinglin/992BB6CE55B046B7255C380E1FB2C566_4/analysis/list_mudst_2015pp200Emb_y2012a/16078031.list  
  inflating: /tmp/tinglin/992BB6CE55B046B7255C380E1FB2C566_4/analysis/list_mudst_2015pp200Emb_y2012a/16078032.list  
  inflating: /tmp/tinglin/992BB6CE55B046B7255C380E1FB2C566_4/analysis/list_mudst_2015pp200Emb_y2012a/16078033.list  
  inflating: /tmp/tinglin/992BB6CE55B046B7255C380E1FB2C566_4/analysis/list_mudst_2015pp200Emb_y2012a/16078034.list  
  inflating: /tmp/tinglin/992BB6CE55B046B7255C380E1FB2C566_4/analysis/list_mudst_2015pp200Emb_y2012a/16078035.list  
  inflating: /tmp/tinglin/992BB6CE55B046B7255C380E1FB2C566_4/analysis/list_mudst_2015pp200Emb_y2012a/16078036.list  
  inflating: /tmp/tinglin/992BB6CE55B046B7255C380E1FB2C566_4/analysis/list_mudst_2015pp200Emb_y2012a/16078037.list  
  inflating: /tmp/tinglin/992BB6CE55B046B7255C380E1FB2C566_4/analysis/list_mudst_2015pp200Emb_y2012a/16078038.list  
  inflating: /tmp/tinglin/992BB6CE55B046B7255C380E1FB2C566_4/analysis/list_mudst_2015pp200Emb_y2012a/16078039.list  
  inflating: /tmp/tinglin/992BB6CE55B046B7255C380E1FB2C566_4/analysis/list_mudst_2015pp200Emb_y2012a/16078040.list  
  inflating: /tmp/tinglin/992BB6CE55B046B7255C380E1FB2C566_4/analysis/list_mudst_2015pp200Emb_y2012a/16078041.list  
  inflating: /tmp/tinglin/992BB6CE55B046B7255C380E1FB2C566_4/analysis/list_mudst_2015pp200Emb_y2012a/16078042.list  
  inflating: /tmp/tinglin/992BB6CE55B046B7255C380E1FB2C566_4/analysis/list_mudst_2015pp200Emb_y2012a/16078056.list  
  inflating: /tmp/tinglin/992BB6CE55B046B7255C380E1FB2C566_4/analysis/list_mudst_2015pp200Emb_y2012a/16079001.list  
  inflating: /tmp/tinglin/992BB6CE55B046B7255C380E1FB2C566_4/analysis/list_mudst_2015pp200Emb_y2012a/16079010.list  
  inflating: /tmp/tinglin/992BB6CE55B046B7255C380E1FB2C566_4/analysis/list_mudst_2015pp200Emb_y2012a/16079011.list  
  inflating: /tmp/tinglin/992BB6CE55B046B7255C380E1FB2C566_4/analysis/list_mudst_2015pp200Emb_y2012a/16079013.list  
  inflating: /tmp/tinglin/992BB6CE55B046B7255C380E1FB2C566_4/analysis/list_mudst_2015pp200Emb_y2012a/16079014.list  
  inflating: /tmp/tinglin/992BB6CE55B046B7255C380E1FB2C566_4/analysis/list_mudst_2015pp200Emb_y2012a/16079015.list  
  inflating: /tmp/tinglin/992BB6CE55B046B7255C380E1FB2C566_4/analysis/list_mudst_2015pp200Emb_y2012a/16079016.list  
  inflating: /tmp/tinglin/992BB6CE55B046B7255C380E1FB2C566_4/analysis/list_mudst_2015pp200Emb_y2012a/16079017.list  
  inflating: /tmp/tinglin/992BB6CE55B046B7255C380E1FB2C566_4/analysis/list_mudst_2015pp200Emb_y2012a/16079018.list  
  inflating: /tmp/tinglin/992BB6CE55B046B7255C380E1FB2C566_4/analysis/list_mudst_2015pp200Emb_y2012a/16079019.list  
  inflating: /tmp/tinglin/992BB6CE55B046B7255C380E1FB2C566_4/analysis/list_mudst_2015pp200Emb_y2012a/16079020.list  
  inflating: /tmp/tinglin/992BB6CE55B046B7255C380E1FB2C566_4/analysis/list_mudst_2015pp200Emb_y2012a/16079021.list  
  inflating: /tmp/tinglin/992BB6CE55B046B7255C380E1FB2C566_4/analysis/list_mudst_2015pp200Emb_y2012a/16079022.list  
  inflating: /tmp/tinglin/992BB6CE55B046B7255C380E1FB2C566_4/analysis/list_mudst_2015pp200Emb_y2012a/16079023.list  
  inflating: /tmp/tinglin/992BB6CE55B046B7255C380E1FB2C566_4/analysis/list_mudst_2015pp200Emb_y2012a/16079024.list  
  inflating: /tmp/tinglin/992BB6CE55B046B7255C380E1FB2C566_4/analysis/list_mudst_2015pp200Emb_y2012a/16083058.list  
  inflating: /tmp/tinglin/992BB6CE55B046B7255C380E1FB2C566_4/analysis/list_mudst_2015pp200Emb_y2012a/16079028.list  
  inflating: /tmp/tinglin/992BB6CE55B046B7255C380E1FB2C566_4/analysis/list_mudst_2015pp200Emb_y2012a/16079029.list  
  inflating: /tmp/tinglin/992BB6CE55B046B7255C380E1FB2C566_4/analysis/list_mudst_2015pp200Emb_y2012a/16079030.list  
  inflating: /tmp/tinglin/992BB6CE55B046B7255C380E1FB2C566_4/analysis/list_mudst_2015pp200Emb_y2012a/16082018.list  
  inflating: /tmp/tinglin/992BB6CE55B046B7255C380E1FB2C566_4/analysis/list_mudst_2015pp200Emb_y2012a/16079031.list  
  inflating: /tmp/tinglin/992BB6CE55B046B7255C380E1FB2C566_4/analysis/list_mudst_2015pp200Emb_y2012a/16079033.list  
  inflating: /tmp/tinglin/992BB6CE55B046B7255C380E1FB2C566_4/analysis/list_mudst_2015pp200Emb_y2012a/16079034.list  
  inflating: /tmp/tinglin/992BB6CE55B046B7255C380E1FB2C566_4/analysis/list_mudst_2015pp200Emb_y2012a/16079035.list  
  inflating: /tmp/tinglin/992BB6CE55B046B7255C380E1FB2C566_4/analysis/list_mudst_2015pp200Emb_y2012a/16079036.list  
  inflating: /tmp/tinglin/992BB6CE55B046B7255C380E1FB2C566_4/analysis/list_mudst_2015pp200Emb_y2012a/16079046.list  
  inflating: /tmp/tinglin/992BB6CE55B046B7255C380E1FB2C566_4/analysis/list_mudst_2015pp200Emb_y2012a/16079047.list  
  inflating: /tmp/tinglin/992BB6CE55B046B7255C380E1FB2C566_4/analysis/list_mudst_2015pp200Emb_y2012a/16079048.list  
  inflating: /tmp/tinglin/992BB6CE55B046B7255C380E1FB2C566_4/analysis/list_mudst_2015pp200Emb_y2012a/16079049.list  
  inflating: /tmp/tinglin/992BB6CE55B046B7255C380E1FB2C566_4/analysis/list_mudst_2015pp200Emb_y2012a/16079052.list  
  inflating: /tmp/tinglin/992BB6CE55B046B7255C380E1FB2C566_4/analysis/list_mudst_2015pp200Emb_y2012a/16079054.list  
  inflating: /tmp/tinglin/992BB6CE55B046B7255C380E1FB2C566_4/analysis/list_mudst_2015pp200Emb_y2012a/16079063.list  
  inflating: /tmp/tinglin/992BB6CE55B046B7255C380E1FB2C566_4/analysis/list_mudst_2015pp200Emb_y2012a/16080002.list  
  inflating: /tmp/tinglin/992BB6CE55B046B7255C380E1FB2C566_4/analysis/list_mudst_2015pp200Emb_y2012a/16080004.list  
  inflating: /tmp/tinglin/992BB6CE55B046B7255C380E1FB2C566_4/analysis/list_mudst_2015pp200Emb_y2012a/16080005.list  
  inflating: /tmp/tinglin/992BB6CE55B046B7255C380E1FB2C566_4/analysis/list_mudst_2015pp200Emb_y2012a/16080006.list  
  inflating: /tmp/tinglin/992BB6CE55B046B7255C380E1FB2C566_4/analysis/list_mudst_2015pp200Emb_y2012a/16080012.list  
  inflating: /tmp/tinglin/992BB6CE55B046B7255C380E1FB2C566_4/analysis/list_mudst_2015pp200Emb_y2012a/16080013.list  
  inflating: /tmp/tinglin/992BB6CE55B046B7255C380E1FB2C566_4/analysis/list_mudst_2015pp200Emb_y2012a/16080014.list  
  inflating: /tmp/tinglin/992BB6CE55B046B7255C380E1FB2C566_4/analysis/list_mudst_2015pp200Emb_y2012a/16080015.list  
  inflating: /tmp/tinglin/992BB6CE55B046B7255C380E1FB2C566_4/analysis/list_mudst_2015pp200Emb_y2012a/16080020.list  
  inflating: /tmp/tinglin/992BB6CE55B046B7255C380E1FB2C566_4/analysis/list_mudst_2015pp200Emb_y2012a/16080021.list  
  inflating: /tmp/tinglin/992BB6CE55B046B7255C380E1FB2C566_4/analysis/list_mudst_2015pp200Emb_y2012a/16080022.list  
  inflating: /tmp/tinglin/992BB6CE55B046B7255C380E1FB2C566_4/analysis/list_mudst_2015pp200Emb_y2012a/16080023.list  
  inflating: /tmp/tinglin/992BB6CE55B046B7255C380E1FB2C566_4/analysis/list_mudst_2015pp200Emb_y2012a/16080024.list  
  inflating: /tmp/tinglin/992BB6CE55B046B7255C380E1FB2C566_4/analysis/list_mudst_2015pp200Emb_y2012a/16080025.list  
  inflating: /tmp/tinglin/992BB6CE55B046B7255C380E1FB2C566_4/analysis/list_mudst_2015pp200Emb_y2012a/16080026.list  
  inflating: /tmp/tinglin/992BB6CE55B046B7255C380E1FB2C566_4/analysis/list_mudst_2015pp200Emb_y2012a/16080027.list  
  inflating: /tmp/tinglin/992BB6CE55B046B7255C380E1FB2C566_4/analysis/list_mudst_2015pp200Emb_y2012a/16080028.list  
  inflating: /tmp/tinglin/992BB6CE55B046B7255C380E1FB2C566_4/analysis/list_mudst_2015pp200Emb_y2012a/16080029.list  
  inflating: /tmp/tinglin/992BB6CE55B046B7255C380E1FB2C566_4/analysis/list_mudst_2015pp200Emb_y2012a/16080030.list  
  inflating: /tmp/tinglin/992BB6CE55B046B7255C380E1FB2C566_4/analysis/list_mudst_2015pp200Emb_y2012a/16080031.list  
  inflating: /tmp/tinglin/992BB6CE55B046B7255C380E1FB2C566_4/analysis/list_mudst_2015pp200Emb_y2012a/16080032.list  
  inflating: /tmp/tinglin/992BB6CE55B046B7255C380E1FB2C566_4/analysis/list_mudst_2015pp200Emb_y2012a/16080033.list  
  inflating: /tmp/tinglin/992BB6CE55B046B7255C380E1FB2C566_4/analysis/list_mudst_2015pp200Emb_y2012a/16080043.list  
  inflating: /tmp/tinglin/992BB6CE55B046B7255C380E1FB2C566_4/analysis/list_mudst_2015pp200Emb_y2012a/16080044.list  
  inflating: /tmp/tinglin/992BB6CE55B046B7255C380E1FB2C566_4/analysis/list_mudst_2015pp200Emb_y2012a/16080045.list  
  inflating: /tmp/tinglin/992BB6CE55B046B7255C380E1FB2C566_4/analysis/list_mudst_2015pp200Emb_y2012a/16080046.list  
  inflating: /tmp/tinglin/992BB6CE55B046B7255C380E1FB2C566_4/analysis/list_mudst_2015pp200Emb_y2012a/16080047.list  
  inflating: /tmp/tinglin/992BB6CE55B046B7255C380E1FB2C566_4/analysis/list_mudst_2015pp200Emb_y2012a/16080048.list  
  inflating: /tmp/tinglin/992BB6CE55B046B7255C380E1FB2C566_4/analysis/list_mudst_2015pp200Emb_y2012a/16080049.list  
  inflating: /tmp/tinglin/992BB6CE55B046B7255C380E1FB2C566_4/analysis/list_mudst_2015pp200Emb_y2012a/16080050.list  
  inflating: /tmp/tinglin/992BB6CE55B046B7255C380E1FB2C566_4/analysis/list_mudst_2015pp200Emb_y2012a/16080051.list  
  inflating: /tmp/tinglin/992BB6CE55B046B7255C380E1FB2C566_4/analysis/list_mudst_2015pp200Emb_y2012a/16080052.list  
  inflating: /tmp/tinglin/992BB6CE55B046B7255C380E1FB2C566_4/analysis/list_mudst_2015pp200Emb_y2012a/16080053.list  
  inflating: /tmp/tinglin/992BB6CE55B046B7255C380E1FB2C566_4/analysis/list_mudst_2015pp200Emb_y2012a/16080054.list  
  inflating: /tmp/tinglin/992BB6CE55B046B7255C380E1FB2C566_4/analysis/list_mudst_2015pp200Emb_y2012a/16080055.list  
  inflating: /tmp/tinglin/992BB6CE55B046B7255C380E1FB2C566_4/analysis/list_mudst_2015pp200Emb_y2012a/16081001.list  
  inflating: /tmp/tinglin/992BB6CE55B046B7255C380E1FB2C566_4/analysis/list_mudst_2015pp200Emb_y2012a/16081002.list  
  inflating: /tmp/tinglin/992BB6CE55B046B7255C380E1FB2C566_4/analysis/list_mudst_2015pp200Emb_y2012a/16081003.list  
  inflating: /tmp/tinglin/992BB6CE55B046B7255C380E1FB2C566_4/analysis/list_mudst_2015pp200Emb_y2012a/16081012.list  
  inflating: /tmp/tinglin/992BB6CE55B046B7255C380E1FB2C566_4/analysis/list_mudst_2015pp200Emb_y2012a/16081013.list  
  inflating: /tmp/tinglin/992BB6CE55B046B7255C380E1FB2C566_4/analysis/list_mudst_2015pp200Emb_y2012a/16081015.list  
  inflating: /tmp/tinglin/992BB6CE55B046B7255C380E1FB2C566_4/analysis/list_mudst_2015pp200Emb_y2012a/16081016.list  
  inflating: /tmp/tinglin/992BB6CE55B046B7255C380E1FB2C566_4/analysis/list_mudst_2015pp200Emb_y2012a/16081017.list  
  inflating: /tmp/tinglin/992BB6CE55B046B7255C380E1FB2C566_4/analysis/list_mudst_2015pp200Emb_y2012a/16081018.list  
  inflating: /tmp/tinglin/992BB6CE55B046B7255C380E1FB2C566_4/analysis/list_mudst_2015pp200Emb_y2012a/16081019.list  
  inflating: /tmp/tinglin/992BB6CE55B046B7255C380E1FB2C566_4/analysis/list_mudst_2015pp200Emb_y2012a/16081020.list  
  inflating: /tmp/tinglin/992BB6CE55B046B7255C380E1FB2C566_4/analysis/list_mudst_2015pp200Emb_y2012a/16081021.list  
  inflating: /tmp/tinglin/992BB6CE55B046B7255C380E1FB2C566_4/analysis/list_mudst_2015pp200Emb_y2012a/16081022.list  
  inflating: /tmp/tinglin/992BB6CE55B046B7255C380E1FB2C566_4/analysis/list_mudst_2015pp200Emb_y2012a/16081024.list  
  inflating: /tmp/tinglin/992BB6CE55B046B7255C380E1FB2C566_4/analysis/list_mudst_2015pp200Emb_y2012a/16081025.list  
  inflating: /tmp/tinglin/992BB6CE55B046B7255C380E1FB2C566_4/analysis/list_mudst_2015pp200Emb_y2012a/16081036.list  
  inflating: /tmp/tinglin/992BB6CE55B046B7255C380E1FB2C566_4/analysis/list_mudst_2015pp200Emb_y2012a/16081037.list  
  inflating: /tmp/tinglin/992BB6CE55B046B7255C380E1FB2C566_4/analysis/list_mudst_2015pp200Emb_y2012a/16081048.list  
  inflating: /tmp/tinglin/992BB6CE55B046B7255C380E1FB2C566_4/analysis/list_mudst_2015pp200Emb_y2012a/16081049.list  
  inflating: /tmp/tinglin/992BB6CE55B046B7255C380E1FB2C566_4/analysis/list_mudst_2015pp200Emb_y2012a/16081050.list  
  inflating: /tmp/tinglin/992BB6CE55B046B7255C380E1FB2C566_4/analysis/list_mudst_2015pp200Emb_y2012a/16081052.list  
  inflating: /tmp/tinglin/992BB6CE55B046B7255C380E1FB2C566_4/analysis/list_mudst_2015pp200Emb_y2012a/16081053.list  
  inflating: /tmp/tinglin/992BB6CE55B046B7255C380E1FB2C566_4/analysis/list_mudst_2015pp200Emb_y2012a/16081054.list  
  inflating: /tmp/tinglin/992BB6CE55B046B7255C380E1FB2C566_4/analysis/list_mudst_2015pp200Emb_y2012a/16081055.list  
  inflating: /tmp/tinglin/992BB6CE55B046B7255C380E1FB2C566_4/analysis/list_mudst_2015pp200Emb_y2012a/16081056.list  
  inflating: /tmp/tinglin/992BB6CE55B046B7255C380E1FB2C566_4/analysis/list_mudst_2015pp200Emb_y2012a/16081057.list  
  inflating: /tmp/tinglin/992BB6CE55B046B7255C380E1FB2C566_4/analysis/list_mudst_2015pp200Emb_y2012a/16081058.list  
  inflating: /tmp/tinglin/992BB6CE55B046B7255C380E1FB2C566_4/analysis/list_mudst_2015pp200Emb_y2012a/16081059.list  
  inflating: /tmp/tinglin/992BB6CE55B046B7255C380E1FB2C566_4/analysis/list_mudst_2015pp200Emb_y2012a/16081060.list  
  inflating: /tmp/tinglin/992BB6CE55B046B7255C380E1FB2C566_4/analysis/list_mudst_2015pp200Emb_y2012a/16081061.list  
  inflating: /tmp/tinglin/992BB6CE55B046B7255C380E1FB2C566_4/analysis/list_mudst_2015pp200Emb_y2012a/16082001.list  
  inflating: /tmp/tinglin/992BB6CE55B046B7255C380E1FB2C566_4/analysis/list_mudst_2015pp200Emb_y2012a/16082002.list  
  inflating: /tmp/tinglin/992BB6CE55B046B7255C380E1FB2C566_4/analysis/list_mudst_2015pp200Emb_y2012a/16082012.list  
  inflating: /tmp/tinglin/992BB6CE55B046B7255C380E1FB2C566_4/analysis/list_mudst_2015pp200Emb_y2012a/16082013.list  
  inflating: /tmp/tinglin/992BB6CE55B046B7255C380E1FB2C566_4/analysis/list_mudst_2015pp200Emb_y2012a/16082017.list  
  inflating: /tmp/tinglin/992BB6CE55B046B7255C380E1FB2C566_4/analysis/list_mudst_2015pp200Emb_y2012a/16082019.list  
  inflating: /tmp/tinglin/992BB6CE55B046B7255C380E1FB2C566_4/analysis/list_mudst_2015pp200Emb_y2012a/16082022.list  
  inflating: /tmp/tinglin/992BB6CE55B046B7255C380E1FB2C566_4/analysis/list_mudst_2015pp200Emb_y2012a/16082023.list  
  inflating: /tmp/tinglin/992BB6CE55B046B7255C380E1FB2C566_4/analysis/list_mudst_2015pp200Emb_y2012a/16082025.list  
  inflating: /tmp/tinglin/992BB6CE55B046B7255C380E1FB2C566_4/analysis/list_mudst_2015pp200Emb_y2012a/16082027.list  
  inflating: /tmp/tinglin/992BB6CE55B046B7255C380E1FB2C566_4/analysis/list_mudst_2015pp200Emb_y2012a/16082028.list  
  inflating: /tmp/tinglin/992BB6CE55B046B7255C380E1FB2C566_4/analysis/list_mudst_2015pp200Emb_y2012a/16082029.list  
  inflating: /tmp/tinglin/992BB6CE55B046B7255C380E1FB2C566_4/analysis/list_mudst_2015pp200Emb_y2012a/16082039.list  
  inflating: /tmp/tinglin/992BB6CE55B046B7255C380E1FB2C566_4/analysis/list_mudst_2015pp200Emb_y2012a/16082040.list  
  inflating: /tmp/tinglin/992BB6CE55B046B7255C380E1FB2C566_4/analysis/list_mudst_2015pp200Emb_y2012a/16082041.list  
  inflating: /tmp/tinglin/992BB6CE55B046B7255C380E1FB2C566_4/analysis/list_mudst_2015pp200Emb_y2012a/16082042.list  
  inflating: /tmp/tinglin/992BB6CE55B046B7255C380E1FB2C566_4/analysis/list_mudst_2015pp200Emb_y2012a/16082043.list  
  inflating: /tmp/tinglin/992BB6CE55B046B7255C380E1FB2C566_4/analysis/list_mudst_2015pp200Emb_y2012a/16082046.list  
  inflating: /tmp/tinglin/992BB6CE55B046B7255C380E1FB2C566_4/analysis/list_mudst_2015pp200Emb_y2012a/16082047.list  
  inflating: /tmp/tinglin/992BB6CE55B046B7255C380E1FB2C566_4/analysis/list_mudst_2015pp200Emb_y2012a/16082048.list  
  inflating: /tmp/tinglin/992BB6CE55B046B7255C380E1FB2C566_4/analysis/list_mudst_2015pp200Emb_y2012a/16082049.list  
  inflating: /tmp/tinglin/992BB6CE55B046B7255C380E1FB2C566_4/analysis/list_mudst_2015pp200Emb_y2012a/16082050.list  
  inflating: /tmp/tinglin/992BB6CE55B046B7255C380E1FB2C566_4/analysis/list_mudst_2015pp200Emb_y2012a/16082051.list  
  inflating: /tmp/tinglin/992BB6CE55B046B7255C380E1FB2C566_4/analysis/list_mudst_2015pp200Emb_y2012a/16082052.list  
  inflating: /tmp/tinglin/992BB6CE55B046B7255C380E1FB2C566_4/analysis/list_mudst_2015pp200Emb_y2012a/16082053.list  
  inflating: /tmp/tinglin/992BB6CE55B046B7255C380E1FB2C566_4/analysis/list_mudst_2015pp200Emb_y2012a/16082054.list  
  inflating: /tmp/tinglin/992BB6CE55B046B7255C380E1FB2C566_4/analysis/list_mudst_2015pp200Emb_y2012a/16082055.list  
  inflating: /tmp/tinglin/992BB6CE55B046B7255C380E1FB2C566_4/analysis/list_mudst_2015pp200Emb_y2012a/16082056.list  
  inflating: /tmp/tinglin/992BB6CE55B046B7255C380E1FB2C566_4/analysis/list_mudst_2015pp200Emb_y2012a/16082057.list  
  inflating: /tmp/tinglin/992BB6CE55B046B7255C380E1FB2C566_4/analysis/list_mudst_2015pp200Emb_y2012a/16083005.list  
  inflating: /tmp/tinglin/992BB6CE55B046B7255C380E1FB2C566_4/analysis/list_mudst_2015pp200Emb_y2012a/16083006.list  
  inflating: /tmp/tinglin/992BB6CE55B046B7255C380E1FB2C566_4/analysis/list_mudst_2015pp200Emb_y2012a/16083007.list  
  inflating: /tmp/tinglin/992BB6CE55B046B7255C380E1FB2C566_4/analysis/list_mudst_2015pp200Emb_y2012a/16083008.list  
  inflating: /tmp/tinglin/992BB6CE55B046B7255C380E1FB2C566_4/analysis/list_mudst_2015pp200Emb_y2012a/16083009.list  
  inflating: /tmp/tinglin/992BB6CE55B046B7255C380E1FB2C566_4/analysis/list_mudst_2015pp200Emb_y2012a/16083010.list  
  inflating: /tmp/tinglin/992BB6CE55B046B7255C380E1FB2C566_4/analysis/list_mudst_2015pp200Emb_y2012a/16083011.list  
  inflating: /tmp/tinglin/992BB6CE55B046B7255C380E1FB2C566_4/analysis/list_mudst_2015pp200Emb_y2012a/16083012.list  
  inflating: /tmp/tinglin/992BB6CE55B046B7255C380E1FB2C566_4/analysis/list_mudst_2015pp200Emb_y2012a/16083013.list  
  inflating: /tmp/tinglin/992BB6CE55B046B7255C380E1FB2C566_4/analysis/list_mudst_2015pp200Emb_y2012a/16083014.list  
  inflating: /tmp/tinglin/992BB6CE55B046B7255C380E1FB2C566_4/analysis/list_mudst_2015pp200Emb_y2012a/16083015.list  
  inflating: /tmp/tinglin/992BB6CE55B046B7255C380E1FB2C566_4/analysis/list_mudst_2015pp200Emb_y2012a/16083016.list  
  inflating: /tmp/tinglin/992BB6CE55B046B7255C380E1FB2C566_4/analysis/list_mudst_2015pp200Emb_y2012a/16083017.list  
  inflating: /tmp/tinglin/992BB6CE55B046B7255C380E1FB2C566_4/analysis/list_mudst_2015pp200Emb_y2012a/16083018.list  
  inflating: /tmp/tinglin/992BB6CE55B046B7255C380E1FB2C566_4/analysis/list_mudst_2015pp200Emb_y2012a/16083019.list  
  inflating: /tmp/tinglin/992BB6CE55B046B7255C380E1FB2C566_4/analysis/list_mudst_2015pp200Emb_y2012a/16083042.list  
  inflating: /tmp/tinglin/992BB6CE55B046B7255C380E1FB2C566_4/analysis/list_mudst_2015pp200Emb_y2012a/16083043.list  
  inflating: /tmp/tinglin/992BB6CE55B046B7255C380E1FB2C566_4/analysis/list_mudst_2015pp200Emb_y2012a/16083044.list  
  inflating: /tmp/tinglin/992BB6CE55B046B7255C380E1FB2C566_4/analysis/list_mudst_2015pp200Emb_y2012a/16083045.list  
  inflating: /tmp/tinglin/992BB6CE55B046B7255C380E1FB2C566_4/analysis/list_mudst_2015pp200Emb_y2012a/16086025.list  
  inflating: /tmp/tinglin/992BB6CE55B046B7255C380E1FB2C566_4/analysis/list_mudst_2015pp200Emb_y2012a/16083046.list  
  inflating: /tmp/tinglin/992BB6CE55B046B7255C380E1FB2C566_4/analysis/list_mudst_2015pp200Emb_y2012a/16083050.list  
  inflating: /tmp/tinglin/992BB6CE55B046B7255C380E1FB2C566_4/analysis/list_mudst_2015pp200Emb_y2012a/16083052.list  
  inflating: /tmp/tinglin/992BB6CE55B046B7255C380E1FB2C566_4/analysis/list_mudst_2015pp200Emb_y2012a/16083053.list  
  inflating: /tmp/tinglin/992BB6CE55B046B7255C380E1FB2C566_4/analysis/list_mudst_2015pp200Emb_y2012a/16083055.list  
  inflating: /tmp/tinglin/992BB6CE55B046B7255C380E1FB2C566_4/analysis/list_mudst_2015pp200Emb_y2012a/16083056.list  
  inflating: /tmp/tinglin/992BB6CE55B046B7255C380E1FB2C566_4/analysis/list_mudst_2015pp200Emb_y2012a/16083057.list  
  inflating: /tmp/tinglin/992BB6CE55B046B7255C380E1FB2C566_4/analysis/list_mudst_2015pp200Emb_y2012a/16087050.list  
  inflating: /tmp/tinglin/992BB6CE55B046B7255C380E1FB2C566_4/analysis/list_mudst_2015pp200Emb_y2012a/16083059.list  
  inflating: /tmp/tinglin/992BB6CE55B046B7255C380E1FB2C566_4/analysis/list_mudst_2015pp200Emb_y2012a/16083060.list  
  inflating: /tmp/tinglin/992BB6CE55B046B7255C380E1FB2C566_4/analysis/list_mudst_2015pp200Emb_y2012a/16084004.list  
  inflating: /tmp/tinglin/992BB6CE55B046B7255C380E1FB2C566_4/analysis/list_mudst_2015pp200Emb_y2012a/16084006.list  
  inflating: /tmp/tinglin/992BB6CE55B046B7255C380E1FB2C566_4/analysis/list_mudst_2015pp200Emb_y2012a/16084007.list  
  inflating: /tmp/tinglin/992BB6CE55B046B7255C380E1FB2C566_4/analysis/list_mudst_2015pp200Emb_y2012a/16084008.list  
  inflating: /tmp/tinglin/992BB6CE55B046B7255C380E1FB2C566_4/analysis/list_mudst_2015pp200Emb_y2012a/16084009.list  
  inflating: /tmp/tinglin/992BB6CE55B046B7255C380E1FB2C566_4/analysis/list_mudst_2015pp200Emb_y2012a/16084011.list  
  inflating: /tmp/tinglin/992BB6CE55B046B7255C380E1FB2C566_4/analysis/list_mudst_2015pp200Emb_y2012a/16084012.list  
  inflating: /tmp/tinglin/992BB6CE55B046B7255C380E1FB2C566_4/analysis/list_mudst_2015pp200Emb_y2012a/16084013.list  
  inflating: /tmp/tinglin/992BB6CE55B046B7255C380E1FB2C566_4/analysis/list_mudst_2015pp200Emb_y2012a/16084014.list  
  inflating: /tmp/tinglin/992BB6CE55B046B7255C380E1FB2C566_4/analysis/list_mudst_2015pp200Emb_y2012a/16084015.list  
  inflating: /tmp/tinglin/992BB6CE55B046B7255C380E1FB2C566_4/analysis/list_mudst_2015pp200Emb_y2012a/16085007.list  
  inflating: /tmp/tinglin/992BB6CE55B046B7255C380E1FB2C566_4/analysis/list_mudst_2015pp200Emb_y2012a/16085008.list  
  inflating: /tmp/tinglin/992BB6CE55B046B7255C380E1FB2C566_4/analysis/list_mudst_2015pp200Emb_y2012a/16085009.list  
  inflating: /tmp/tinglin/992BB6CE55B046B7255C380E1FB2C566_4/analysis/list_mudst_2015pp200Emb_y2012a/16085011.list  
  inflating: /tmp/tinglin/992BB6CE55B046B7255C380E1FB2C566_4/analysis/list_mudst_2015pp200Emb_y2012a/16085012.list  
  inflating: /tmp/tinglin/992BB6CE55B046B7255C380E1FB2C566_4/analysis/list_mudst_2015pp200Emb_y2012a/16085013.list  
  inflating: /tmp/tinglin/992BB6CE55B046B7255C380E1FB2C566_4/analysis/list_mudst_2015pp200Emb_y2012a/16085014.list  
  inflating: /tmp/tinglin/992BB6CE55B046B7255C380E1FB2C566_4/analysis/list_mudst_2015pp200Emb_y2012a/16085024.list  
  inflating: /tmp/tinglin/992BB6CE55B046B7255C380E1FB2C566_4/analysis/list_mudst_2015pp200Emb_y2012a/16085025.list  
  inflating: /tmp/tinglin/992BB6CE55B046B7255C380E1FB2C566_4/analysis/list_mudst_2015pp200Emb_y2012a/16085026.list  
  inflating: /tmp/tinglin/992BB6CE55B046B7255C380E1FB2C566_4/analysis/list_mudst_2015pp200Emb_y2012a/16085027.list  
  inflating: /tmp/tinglin/992BB6CE55B046B7255C380E1FB2C566_4/analysis/list_mudst_2015pp200Emb_y2012a/16085028.list  
  inflating: /tmp/tinglin/992BB6CE55B046B7255C380E1FB2C566_4/analysis/list_mudst_2015pp200Emb_y2012a/16085029.list  
  inflating: /tmp/tinglin/992BB6CE55B046B7255C380E1FB2C566_4/analysis/list_mudst_2015pp200Emb_y2012a/16085030.list  
  inflating: /tmp/tinglin/992BB6CE55B046B7255C380E1FB2C566_4/analysis/list_mudst_2015pp200Emb_y2012a/16085031.list  
  inflating: /tmp/tinglin/992BB6CE55B046B7255C380E1FB2C566_4/analysis/list_mudst_2015pp200Emb_y2012a/16085032.list  
  inflating: /tmp/tinglin/992BB6CE55B046B7255C380E1FB2C566_4/analysis/list_mudst_2015pp200Emb_y2012a/16085033.list  
  inflating: /tmp/tinglin/992BB6CE55B046B7255C380E1FB2C566_4/analysis/list_mudst_2015pp200Emb_y2012a/16085035.list  
  inflating: /tmp/tinglin/992BB6CE55B046B7255C380E1FB2C566_4/analysis/list_mudst_2015pp200Emb_y2012a/16085036.list  
  inflating: /tmp/tinglin/992BB6CE55B046B7255C380E1FB2C566_4/analysis/list_mudst_2015pp200Emb_y2012a/16085037.list  
  inflating: /tmp/tinglin/992BB6CE55B046B7255C380E1FB2C566_4/analysis/list_mudst_2015pp200Emb_y2012a/16085051.list  
  inflating: /tmp/tinglin/992BB6CE55B046B7255C380E1FB2C566_4/analysis/list_mudst_2015pp200Emb_y2012a/16085052.list  
  inflating: /tmp/tinglin/992BB6CE55B046B7255C380E1FB2C566_4/analysis/list_mudst_2015pp200Emb_y2012a/16085054.list  
  inflating: /tmp/tinglin/992BB6CE55B046B7255C380E1FB2C566_4/analysis/list_mudst_2015pp200Emb_y2012a/16085057.list  
  inflating: /tmp/tinglin/992BB6CE55B046B7255C380E1FB2C566_4/analysis/list_mudst_2015pp200Emb_y2012a/16085058.list  
  inflating: /tmp/tinglin/992BB6CE55B046B7255C380E1FB2C566_4/analysis/list_mudst_2015pp200Emb_y2012a/16085061.list  
  inflating: /tmp/tinglin/992BB6CE55B046B7255C380E1FB2C566_4/analysis/list_mudst_2015pp200Emb_y2012a/16085062.list  
  inflating: /tmp/tinglin/992BB6CE55B046B7255C380E1FB2C566_4/analysis/list_mudst_2015pp200Emb_y2012a/16085065.list  
  inflating: /tmp/tinglin/992BB6CE55B046B7255C380E1FB2C566_4/analysis/list_mudst_2015pp200Emb_y2012a/16085067.list  
  inflating: /tmp/tinglin/992BB6CE55B046B7255C380E1FB2C566_4/analysis/list_mudst_2015pp200Emb_y2012a/16085069.list  
  inflating: /tmp/tinglin/992BB6CE55B046B7255C380E1FB2C566_4/analysis/list_mudst_2015pp200Emb_y2012a/16085071.list  
  inflating: /tmp/tinglin/992BB6CE55B046B7255C380E1FB2C566_4/analysis/list_mudst_2015pp200Emb_y2012a/16085072.list  
  inflating: /tmp/tinglin/992BB6CE55B046B7255C380E1FB2C566_4/analysis/list_mudst_2015pp200Emb_y2012a/16085073.list  
  inflating: /tmp/tinglin/992BB6CE55B046B7255C380E1FB2C566_4/analysis/list_mudst_2015pp200Emb_y2012a/16085074.list  
  inflating: /tmp/tinglin/992BB6CE55B046B7255C380E1FB2C566_4/analysis/list_mudst_2015pp200Emb_y2012a/16090001.list  
  inflating: /tmp/tinglin/992BB6CE55B046B7255C380E1FB2C566_4/analysis/list_mudst_2015pp200Emb_y2012a/16086002.list  
  inflating: /tmp/tinglin/992BB6CE55B046B7255C380E1FB2C566_4/analysis/list_mudst_2015pp200Emb_y2012a/16086003.list  
  inflating: /tmp/tinglin/992BB6CE55B046B7255C380E1FB2C566_4/analysis/list_mudst_2015pp200Emb_y2012a/16086004.list  
  inflating: /tmp/tinglin/992BB6CE55B046B7255C380E1FB2C566_4/analysis/list_mudst_2015pp200Emb_y2012a/16086005.list  
  inflating: /tmp/tinglin/992BB6CE55B046B7255C380E1FB2C566_4/analysis/list_mudst_2015pp200Emb_y2012a/16086006.list  
  inflating: /tmp/tinglin/992BB6CE55B046B7255C380E1FB2C566_4/analysis/list_mudst_2015pp200Emb_y2012a/16086007.list  
  inflating: /tmp/tinglin/992BB6CE55B046B7255C380E1FB2C566_4/analysis/list_mudst_2015pp200Emb_y2012a/16086008.list  
  inflating: /tmp/tinglin/992BB6CE55B046B7255C380E1FB2C566_4/analysis/list_mudst_2015pp200Emb_y2012a/16087024.list  
  inflating: /tmp/tinglin/992BB6CE55B046B7255C380E1FB2C566_4/analysis/list_mudst_2015pp200Emb_y2012a/16086026.list  
  inflating: /tmp/tinglin/992BB6CE55B046B7255C380E1FB2C566_4/analysis/list_mudst_2015pp200Emb_y2012a/16086027.list  
  inflating: /tmp/tinglin/992BB6CE55B046B7255C380E1FB2C566_4/analysis/list_mudst_2015pp200Emb_y2012a/16086028.list  
  inflating: /tmp/tinglin/992BB6CE55B046B7255C380E1FB2C566_4/analysis/list_mudst_2015pp200Emb_y2012a/16086030.list  
  inflating: /tmp/tinglin/992BB6CE55B046B7255C380E1FB2C566_4/analysis/list_mudst_2015pp200Emb_y2012a/16086031.list  
  inflating: /tmp/tinglin/992BB6CE55B046B7255C380E1FB2C566_4/analysis/list_mudst_2015pp200Emb_y2012a/16086032.list  
  inflating: /tmp/tinglin/992BB6CE55B046B7255C380E1FB2C566_4/analysis/list_mudst_2015pp200Emb_y2012a/16086033.list  
  inflating: /tmp/tinglin/992BB6CE55B046B7255C380E1FB2C566_4/analysis/list_mudst_2015pp200Emb_y2012a/16086034.list  
  inflating: /tmp/tinglin/992BB6CE55B046B7255C380E1FB2C566_4/analysis/list_mudst_2015pp200Emb_y2012a/16086035.list  
  inflating: /tmp/tinglin/992BB6CE55B046B7255C380E1FB2C566_4/analysis/list_mudst_2015pp200Emb_y2012a/16086036.list  
  inflating: /tmp/tinglin/992BB6CE55B046B7255C380E1FB2C566_4/analysis/list_mudst_2015pp200Emb_y2012a/16086037.list  
  inflating: /tmp/tinglin/992BB6CE55B046B7255C380E1FB2C566_4/analysis/list_mudst_2015pp200Emb_y2012a/16086038.list  
  inflating: /tmp/tinglin/992BB6CE55B046B7255C380E1FB2C566_4/analysis/list_mudst_2015pp200Emb_y2012a/16086039.list  
  inflating: /tmp/tinglin/992BB6CE55B046B7255C380E1FB2C566_4/analysis/list_mudst_2015pp200Emb_y2012a/16086040.list  
  inflating: /tmp/tinglin/992BB6CE55B046B7255C380E1FB2C566_4/analysis/list_mudst_2015pp200Emb_y2012a/16086041.list  
  inflating: /tmp/tinglin/992BB6CE55B046B7255C380E1FB2C566_4/analysis/list_mudst_2015pp200Emb_y2012a/16086042.list  
  inflating: /tmp/tinglin/992BB6CE55B046B7255C380E1FB2C566_4/analysis/list_mudst_2015pp200Emb_y2012a/16086051.list  
  inflating: /tmp/tinglin/992BB6CE55B046B7255C380E1FB2C566_4/analysis/list_mudst_2015pp200Emb_y2012a/16086052.list  
  inflating: /tmp/tinglin/992BB6CE55B046B7255C380E1FB2C566_4/analysis/list_mudst_2015pp200Emb_y2012a/16086053.list  
  inflating: /tmp/tinglin/992BB6CE55B046B7255C380E1FB2C566_4/analysis/list_mudst_2015pp200Emb_y2012a/16086054.list  
  inflating: /tmp/tinglin/992BB6CE55B046B7255C380E1FB2C566_4/analysis/list_mudst_2015pp200Emb_y2012a/16087001.list  
  inflating: /tmp/tinglin/992BB6CE55B046B7255C380E1FB2C566_4/analysis/list_mudst_2015pp200Emb_y2012a/16087002.list  
  inflating: /tmp/tinglin/992BB6CE55B046B7255C380E1FB2C566_4/analysis/list_mudst_2015pp200Emb_y2012a/16087003.list  
  inflating: /tmp/tinglin/992BB6CE55B046B7255C380E1FB2C566_4/analysis/list_mudst_2015pp200Emb_y2012a/16087004.list  
  inflating: /tmp/tinglin/992BB6CE55B046B7255C380E1FB2C566_4/analysis/list_mudst_2015pp200Emb_y2012a/16087005.list  
  inflating: /tmp/tinglin/992BB6CE55B046B7255C380E1FB2C566_4/analysis/list_mudst_2015pp200Emb_y2012a/16087006.list  
  inflating: /tmp/tinglin/992BB6CE55B046B7255C380E1FB2C566_4/analysis/list_mudst_2015pp200Emb_y2012a/16087007.list  
  inflating: /tmp/tinglin/992BB6CE55B046B7255C380E1FB2C566_4/analysis/list_mudst_2015pp200Emb_y2012a/16087008.list  
  inflating: /tmp/tinglin/992BB6CE55B046B7255C380E1FB2C566_4/analysis/list_mudst_2015pp200Emb_y2012a/16087009.list  
  inflating: /tmp/tinglin/992BB6CE55B046B7255C380E1FB2C566_4/analysis/list_mudst_2015pp200Emb_y2012a/16087010.list  
  inflating: /tmp/tinglin/992BB6CE55B046B7255C380E1FB2C566_4/analysis/list_mudst_2015pp200Emb_y2012a/16087011.list  
  inflating: /tmp/tinglin/992BB6CE55B046B7255C380E1FB2C566_4/analysis/list_mudst_2015pp200Emb_y2012a/16087019.list  
  inflating: /tmp/tinglin/992BB6CE55B046B7255C380E1FB2C566_4/analysis/list_mudst_2015pp200Emb_y2012a/16087020.list  
  inflating: /tmp/tinglin/992BB6CE55B046B7255C380E1FB2C566_4/analysis/list_mudst_2015pp200Emb_y2012a/16087021.list  
  inflating: /tmp/tinglin/992BB6CE55B046B7255C380E1FB2C566_4/analysis/list_mudst_2015pp200Emb_y2012a/16087022.list  
  inflating: /tmp/tinglin/992BB6CE55B046B7255C380E1FB2C566_4/analysis/list_mudst_2015pp200Emb_y2012a/16087023.list  
  inflating: /tmp/tinglin/992BB6CE55B046B7255C380E1FB2C566_4/analysis/list_mudst_2015pp200Emb_y2012a/16089051.list  
  inflating: /tmp/tinglin/992BB6CE55B046B7255C380E1FB2C566_4/analysis/list_mudst_2015pp200Emb_y2012a/16087025.list  
  inflating: /tmp/tinglin/992BB6CE55B046B7255C380E1FB2C566_4/analysis/list_mudst_2015pp200Emb_y2012a/16087026.list  
  inflating: /tmp/tinglin/992BB6CE55B046B7255C380E1FB2C566_4/analysis/list_mudst_2015pp200Emb_y2012a/16087027.list  
  inflating: /tmp/tinglin/992BB6CE55B046B7255C380E1FB2C566_4/analysis/list_mudst_2015pp200Emb_y2012a/16087028.list  
  inflating: /tmp/tinglin/992BB6CE55B046B7255C380E1FB2C566_4/analysis/list_mudst_2015pp200Emb_y2012a/16087029.list  
  inflating: /tmp/tinglin/992BB6CE55B046B7255C380E1FB2C566_4/analysis/list_mudst_2015pp200Emb_y2012a/16087030.list  
  inflating: /tmp/tinglin/992BB6CE55B046B7255C380E1FB2C566_4/analysis/list_mudst_2015pp200Emb_y2012a/16087031.list  
  inflating: /tmp/tinglin/992BB6CE55B046B7255C380E1FB2C566_4/analysis/list_mudst_2015pp200Emb_y2012a/16087032.list  
  inflating: /tmp/tinglin/992BB6CE55B046B7255C380E1FB2C566_4/analysis/list_mudst_2015pp200Emb_y2012a/16087033.list  
  inflating: /tmp/tinglin/992BB6CE55B046B7255C380E1FB2C566_4/analysis/list_mudst_2015pp200Emb_y2012a/16087042.list  
  inflating: /tmp/tinglin/992BB6CE55B046B7255C380E1FB2C566_4/analysis/list_mudst_2015pp200Emb_y2012a/16087043.list  
 extracting: /tmp/tinglin/992BB6CE55B046B7255C380E1FB2C566_4/analysis/list_mudst_2015pp200Emb_y2012a/16087044.list  
  inflating: /tmp/tinglin/992BB6CE55B046B7255C380E1FB2C566_4/analysis/list_mudst_2015pp200Emb_y2012a/16087045.list  
  inflating: /tmp/tinglin/992BB6CE55B046B7255C380E1FB2C566_4/analysis/list_mudst_2015pp200Emb_y2012a/16087046.list  
  inflating: /tmp/tinglin/992BB6CE55B046B7255C380E1FB2C566_4/analysis/list_mudst_2015pp200Emb_y2012a/16087047.list  
  inflating: /tmp/tinglin/992BB6CE55B046B7255C380E1FB2C566_4/analysis/list_mudst_2015pp200Emb_y2012a/16087048.list  
  inflating: /tmp/tinglin/992BB6CE55B046B7255C380E1FB2C566_4/analysis/list_mudst_2015pp200Emb_y2012a/16087049.list  
  inflating: /tmp/tinglin/992BB6CE55B046B7255C380E1FB2C566_4/analysis/list_mudst_2015pp200Emb_y2012a/16092023.list  
  inflating: /tmp/tinglin/992BB6CE55B046B7255C380E1FB2C566_4/analysis/list_mudst_2015pp200Emb_y2012a/16087051.list  
  inflating: /tmp/tinglin/992BB6CE55B046B7255C380E1FB2C566_4/analysis/list_mudst_2015pp200Emb_y2012a/16087052.list  
  inflating: /tmp/tinglin/992BB6CE55B046B7255C380E1FB2C566_4/analysis/list_mudst_2015pp200Emb_y2012a/16087053.list  
  inflating: /tmp/tinglin/992BB6CE55B046B7255C380E1FB2C566_4/analysis/list_mudst_2015pp200Emb_y2012a/16087054.list  
  inflating: /tmp/tinglin/992BB6CE55B046B7255C380E1FB2C566_4/analysis/list_mudst_2015pp200Emb_y2012a/16087055.list  
  inflating: /tmp/tinglin/992BB6CE55B046B7255C380E1FB2C566_4/analysis/list_mudst_2015pp200Emb_y2012a/16088001.list  
  inflating: /tmp/tinglin/992BB6CE55B046B7255C380E1FB2C566_4/analysis/list_mudst_2015pp200Emb_y2012a/16088013.list  
  inflating: /tmp/tinglin/992BB6CE55B046B7255C380E1FB2C566_4/analysis/list_mudst_2015pp200Emb_y2012a/16088016.list  
  inflating: /tmp/tinglin/992BB6CE55B046B7255C380E1FB2C566_4/analysis/list_mudst_2015pp200Emb_y2012a/16088017.list  
  inflating: /tmp/tinglin/992BB6CE55B046B7255C380E1FB2C566_4/analysis/list_mudst_2015pp200Emb_y2012a/16088018.list  
  inflating: /tmp/tinglin/992BB6CE55B046B7255C380E1FB2C566_4/analysis/list_mudst_2015pp200Emb_y2012a/16088019.list  
  inflating: /tmp/tinglin/992BB6CE55B046B7255C380E1FB2C566_4/analysis/list_mudst_2015pp200Emb_y2012a/16088020.list  
  inflating: /tmp/tinglin/992BB6CE55B046B7255C380E1FB2C566_4/analysis/list_mudst_2015pp200Emb_y2012a/16088021.list  
  inflating: /tmp/tinglin/992BB6CE55B046B7255C380E1FB2C566_4/analysis/list_mudst_2015pp200Emb_y2012a/16088022.list  
  inflating: /tmp/tinglin/992BB6CE55B046B7255C380E1FB2C566_4/analysis/list_mudst_2015pp200Emb_y2012a/16088023.list  
  inflating: /tmp/tinglin/992BB6CE55B046B7255C380E1FB2C566_4/analysis/list_mudst_2015pp200Emb_y2012a/16088025.list  
  inflating: /tmp/tinglin/992BB6CE55B046B7255C380E1FB2C566_4/analysis/list_mudst_2015pp200Emb_y2012a/16088026.list  
  inflating: /tmp/tinglin/992BB6CE55B046B7255C380E1FB2C566_4/analysis/list_mudst_2015pp200Emb_y2012a/16088027.list  
  inflating: /tmp/tinglin/992BB6CE55B046B7255C380E1FB2C566_4/analysis/list_mudst_2015pp200Emb_y2012a/16088028.list  
  inflating: /tmp/tinglin/992BB6CE55B046B7255C380E1FB2C566_4/analysis/list_mudst_2015pp200Emb_y2012a/16088029.list  
  inflating: /tmp/tinglin/992BB6CE55B046B7255C380E1FB2C566_4/analysis/list_mudst_2015pp200Emb_y2012a/16088030.list  
  inflating: /tmp/tinglin/992BB6CE55B046B7255C380E1FB2C566_4/analysis/list_mudst_2015pp200Emb_y2012a/16088031.list  
  inflating: /tmp/tinglin/992BB6CE55B046B7255C380E1FB2C566_4/analysis/list_mudst_2015pp200Emb_y2012a/16088040.list  
  inflating: /tmp/tinglin/992BB6CE55B046B7255C380E1FB2C566_4/analysis/list_mudst_2015pp200Emb_y2012a/16088041.list  
  inflating: /tmp/tinglin/992BB6CE55B046B7255C380E1FB2C566_4/analysis/list_mudst_2015pp200Emb_y2012a/16088042.list  
  inflating: /tmp/tinglin/992BB6CE55B046B7255C380E1FB2C566_4/analysis/list_mudst_2015pp200Emb_y2012a/16088043.list  
  inflating: /tmp/tinglin/992BB6CE55B046B7255C380E1FB2C566_4/analysis/list_mudst_2015pp200Emb_y2012a/16088044.list  
  inflating: /tmp/tinglin/992BB6CE55B046B7255C380E1FB2C566_4/analysis/list_mudst_2015pp200Emb_y2012a/16088045.list  
  inflating: /tmp/tinglin/992BB6CE55B046B7255C380E1FB2C566_4/analysis/list_mudst_2015pp200Emb_y2012a/16088046.list  
  inflating: /tmp/tinglin/992BB6CE55B046B7255C380E1FB2C566_4/analysis/list_mudst_2015pp200Emb_y2012a/16088047.list  
  inflating: /tmp/tinglin/992BB6CE55B046B7255C380E1FB2C566_4/analysis/list_mudst_2015pp200Emb_y2012a/16088048.list  
  inflating: /tmp/tinglin/992BB6CE55B046B7255C380E1FB2C566_4/analysis/list_mudst_2015pp200Emb_y2012a/16088049.list  
  inflating: /tmp/tinglin/992BB6CE55B046B7255C380E1FB2C566_4/analysis/list_mudst_2015pp200Emb_y2012a/16088050.list  
  inflating: /tmp/tinglin/992BB6CE55B046B7255C380E1FB2C566_4/analysis/list_mudst_2015pp200Emb_y2012a/16089001.list  
 extracting: /tmp/tinglin/992BB6CE55B046B7255C380E1FB2C566_4/analysis/list_mudst_2015pp200Emb_y2012a/16089002.list  
  inflating: /tmp/tinglin/992BB6CE55B046B7255C380E1FB2C566_4/analysis/list_mudst_2015pp200Emb_y2012a/16089003.list  
  inflating: /tmp/tinglin/992BB6CE55B046B7255C380E1FB2C566_4/analysis/list_mudst_2015pp200Emb_y2012a/16089004.list  
  inflating: /tmp/tinglin/992BB6CE55B046B7255C380E1FB2C566_4/analysis/list_mudst_2015pp200Emb_y2012a/16089005.list  
  inflating: /tmp/tinglin/992BB6CE55B046B7255C380E1FB2C566_4/analysis/list_mudst_2015pp200Emb_y2012a/16089016.list  
  inflating: /tmp/tinglin/992BB6CE55B046B7255C380E1FB2C566_4/analysis/list_mudst_2015pp200Emb_y2012a/16089017.list  
  inflating: /tmp/tinglin/992BB6CE55B046B7255C380E1FB2C566_4/analysis/list_mudst_2015pp200Emb_y2012a/16089018.list  
  inflating: /tmp/tinglin/992BB6CE55B046B7255C380E1FB2C566_4/analysis/list_mudst_2015pp200Emb_y2012a/16089019.list  
  inflating: /tmp/tinglin/992BB6CE55B046B7255C380E1FB2C566_4/analysis/list_mudst_2015pp200Emb_y2012a/16089020.list  
  inflating: /tmp/tinglin/992BB6CE55B046B7255C380E1FB2C566_4/analysis/list_mudst_2015pp200Emb_y2012a/16089024.list  
  inflating: /tmp/tinglin/992BB6CE55B046B7255C380E1FB2C566_4/analysis/list_mudst_2015pp200Emb_y2012a/16089026.list  
  inflating: /tmp/tinglin/992BB6CE55B046B7255C380E1FB2C566_4/analysis/list_mudst_2015pp200Emb_y2012a/16089027.list  
  inflating: /tmp/tinglin/992BB6CE55B046B7255C380E1FB2C566_4/analysis/list_mudst_2015pp200Emb_y2012a/16089028.list  
  inflating: /tmp/tinglin/992BB6CE55B046B7255C380E1FB2C566_4/analysis/list_mudst_2015pp200Emb_y2012a/16089029.list  
  inflating: /tmp/tinglin/992BB6CE55B046B7255C380E1FB2C566_4/analysis/list_mudst_2015pp200Emb_y2012a/16089030.list  
  inflating: /tmp/tinglin/992BB6CE55B046B7255C380E1FB2C566_4/analysis/list_mudst_2015pp200Emb_y2012a/16089031.list  
  inflating: /tmp/tinglin/992BB6CE55B046B7255C380E1FB2C566_4/analysis/list_mudst_2015pp200Emb_y2012a/16089041.list  
  inflating: /tmp/tinglin/992BB6CE55B046B7255C380E1FB2C566_4/analysis/list_mudst_2015pp200Emb_y2012a/16089042.list  
  inflating: /tmp/tinglin/992BB6CE55B046B7255C380E1FB2C566_4/analysis/list_mudst_2015pp200Emb_y2012a/16089043.list  
  inflating: /tmp/tinglin/992BB6CE55B046B7255C380E1FB2C566_4/analysis/list_mudst_2015pp200Emb_y2012a/16089044.list  
  inflating: /tmp/tinglin/992BB6CE55B046B7255C380E1FB2C566_4/analysis/list_mudst_2015pp200Emb_y2012a/16089045.list  
  inflating: /tmp/tinglin/992BB6CE55B046B7255C380E1FB2C566_4/analysis/list_mudst_2015pp200Emb_y2012a/16089046.list  
  inflating: /tmp/tinglin/992BB6CE55B046B7255C380E1FB2C566_4/analysis/list_mudst_2015pp200Emb_y2012a/16089047.list  
  inflating: /tmp/tinglin/992BB6CE55B046B7255C380E1FB2C566_4/analysis/list_mudst_2015pp200Emb_y2012a/16089048.list  
  inflating: /tmp/tinglin/992BB6CE55B046B7255C380E1FB2C566_4/analysis/list_mudst_2015pp200Emb_y2012a/16089049.list  
  inflating: /tmp/tinglin/992BB6CE55B046B7255C380E1FB2C566_4/analysis/list_mudst_2015pp200Emb_y2012a/16089050.list  
  inflating: /tmp/tinglin/992BB6CE55B046B7255C380E1FB2C566_4/analysis/list_mudst_2015pp200Emb_y2012a/16090052.list  
  inflating: /tmp/tinglin/992BB6CE55B046B7255C380E1FB2C566_4/analysis/list_mudst_2015pp200Emb_y2012a/16089052.list  
  inflating: /tmp/tinglin/992BB6CE55B046B7255C380E1FB2C566_4/analysis/list_mudst_2015pp200Emb_y2012a/16089053.list  
  inflating: /tmp/tinglin/992BB6CE55B046B7255C380E1FB2C566_4/analysis/list_mudst_2015pp200Emb_y2012a/16089054.list  
  inflating: /tmp/tinglin/992BB6CE55B046B7255C380E1FB2C566_4/analysis/list_mudst_2015pp200Emb_y2012a/16090002.list  
  inflating: /tmp/tinglin/992BB6CE55B046B7255C380E1FB2C566_4/analysis/list_mudst_2015pp200Emb_y2012a/16090003.list  
  inflating: /tmp/tinglin/992BB6CE55B046B7255C380E1FB2C566_4/analysis/list_mudst_2015pp200Emb_y2012a/16090004.list  
  inflating: /tmp/tinglin/992BB6CE55B046B7255C380E1FB2C566_4/analysis/list_mudst_2015pp200Emb_y2012a/16090005.list  
  inflating: /tmp/tinglin/992BB6CE55B046B7255C380E1FB2C566_4/analysis/list_mudst_2015pp200Emb_y2012a/16090015.list  
  inflating: /tmp/tinglin/992BB6CE55B046B7255C380E1FB2C566_4/analysis/list_mudst_2015pp200Emb_y2012a/16090016.list  
  inflating: /tmp/tinglin/992BB6CE55B046B7255C380E1FB2C566_4/analysis/list_mudst_2015pp200Emb_y2012a/16090017.list  
  inflating: /tmp/tinglin/992BB6CE55B046B7255C380E1FB2C566_4/analysis/list_mudst_2015pp200Emb_y2012a/16090018.list  
  inflating: /tmp/tinglin/992BB6CE55B046B7255C380E1FB2C566_4/analysis/list_mudst_2015pp200Emb_y2012a/16090019.list  
  inflating: /tmp/tinglin/992BB6CE55B046B7255C380E1FB2C566_4/analysis/list_mudst_2015pp200Emb_y2012a/16090020.list  
  inflating: /tmp/tinglin/992BB6CE55B046B7255C380E1FB2C566_4/analysis/list_mudst_2015pp200Emb_y2012a/16090021.list  
  inflating: /tmp/tinglin/992BB6CE55B046B7255C380E1FB2C566_4/analysis/list_mudst_2015pp200Emb_y2012a/16090022.list  
  inflating: /tmp/tinglin/992BB6CE55B046B7255C380E1FB2C566_4/analysis/list_mudst_2015pp200Emb_y2012a/16090023.list  
  inflating: /tmp/tinglin/992BB6CE55B046B7255C380E1FB2C566_4/analysis/list_mudst_2015pp200Emb_y2012a/16090025.list  
  inflating: /tmp/tinglin/992BB6CE55B046B7255C380E1FB2C566_4/analysis/list_mudst_2015pp200Emb_y2012a/16090026.list  
  inflating: /tmp/tinglin/992BB6CE55B046B7255C380E1FB2C566_4/analysis/list_mudst_2015pp200Emb_y2012a/16090027.list  
  inflating: /tmp/tinglin/992BB6CE55B046B7255C380E1FB2C566_4/analysis/list_mudst_2015pp200Emb_y2012a/16090028.list  
  inflating: /tmp/tinglin/992BB6CE55B046B7255C380E1FB2C566_4/analysis/list_mudst_2015pp200Emb_y2012a/16090029.list  
  inflating: /tmp/tinglin/992BB6CE55B046B7255C380E1FB2C566_4/analysis/list_mudst_2015pp200Emb_y2012a/16090030.list  
  inflating: /tmp/tinglin/992BB6CE55B046B7255C380E1FB2C566_4/analysis/list_mudst_2015pp200Emb_y2012a/16090038.list  
  inflating: /tmp/tinglin/992BB6CE55B046B7255C380E1FB2C566_4/analysis/list_mudst_2015pp200Emb_y2012a/16090039.list  
 extracting: /tmp/tinglin/992BB6CE55B046B7255C380E1FB2C566_4/analysis/list_mudst_2015pp200Emb_y2012a/16090041.list  
  inflating: /tmp/tinglin/992BB6CE55B046B7255C380E1FB2C566_4/analysis/list_mudst_2015pp200Emb_y2012a/16090042.list  
  inflating: /tmp/tinglin/992BB6CE55B046B7255C380E1FB2C566_4/analysis/list_mudst_2015pp200Emb_y2012a/16090044.list  
  inflating: /tmp/tinglin/992BB6CE55B046B7255C380E1FB2C566_4/analysis/list_mudst_2015pp200Emb_y2012a/16090045.list  
  inflating: /tmp/tinglin/992BB6CE55B046B7255C380E1FB2C566_4/analysis/list_mudst_2015pp200Emb_y2012a/16090046.list  
  inflating: /tmp/tinglin/992BB6CE55B046B7255C380E1FB2C566_4/analysis/list_mudst_2015pp200Emb_y2012a/16090047.list  
  inflating: /tmp/tinglin/992BB6CE55B046B7255C380E1FB2C566_4/analysis/list_mudst_2015pp200Emb_y2012a/16090048.list  
  inflating: /tmp/tinglin/992BB6CE55B046B7255C380E1FB2C566_4/analysis/list_mudst_2015pp200Emb_y2012a/16090049.list  
  inflating: /tmp/tinglin/992BB6CE55B046B7255C380E1FB2C566_4/analysis/list_mudst_2015pp200Emb_y2012a/16090050.list  
  inflating: /tmp/tinglin/992BB6CE55B046B7255C380E1FB2C566_4/analysis/list_mudst_2015pp200Emb_y2012a/16093015.list  
  inflating: /tmp/tinglin/992BB6CE55B046B7255C380E1FB2C566_4/analysis/list_mudst_2015pp200Emb_y2012a/16090051.list  
  inflating: /tmp/tinglin/992BB6CE55B046B7255C380E1FB2C566_4/analysis/list_mudst_2015pp200Emb_y2012a/16090053.list  
  inflating: /tmp/tinglin/992BB6CE55B046B7255C380E1FB2C566_4/analysis/list_mudst_2015pp200Emb_y2012a/16091003.list  
  inflating: /tmp/tinglin/992BB6CE55B046B7255C380E1FB2C566_4/analysis/list_mudst_2015pp200Emb_y2012a/16091004.list  
  inflating: /tmp/tinglin/992BB6CE55B046B7255C380E1FB2C566_4/analysis/list_mudst_2015pp200Emb_y2012a/16091005.list  
  inflating: /tmp/tinglin/992BB6CE55B046B7255C380E1FB2C566_4/analysis/list_mudst_2015pp200Emb_y2012a/16091006.list  
  inflating: /tmp/tinglin/992BB6CE55B046B7255C380E1FB2C566_4/analysis/list_mudst_2015pp200Emb_y2012a/16091007.list  
  inflating: /tmp/tinglin/992BB6CE55B046B7255C380E1FB2C566_4/analysis/list_mudst_2015pp200Emb_y2012a/16091008.list  
  inflating: /tmp/tinglin/992BB6CE55B046B7255C380E1FB2C566_4/analysis/list_mudst_2015pp200Emb_y2012a/16091009.list  
  inflating: /tmp/tinglin/992BB6CE55B046B7255C380E1FB2C566_4/analysis/list_mudst_2015pp200Emb_y2012a/16091010.list  
  inflating: /tmp/tinglin/992BB6CE55B046B7255C380E1FB2C566_4/analysis/list_mudst_2015pp200Emb_y2012a/16091011.list  
  inflating: /tmp/tinglin/992BB6CE55B046B7255C380E1FB2C566_4/analysis/list_mudst_2015pp200Emb_y2012a/16091012.list  
  inflating: /tmp/tinglin/992BB6CE55B046B7255C380E1FB2C566_4/analysis/list_mudst_2015pp200Emb_y2012a/16091013.list  
  inflating: /tmp/tinglin/992BB6CE55B046B7255C380E1FB2C566_4/analysis/list_mudst_2015pp200Emb_y2012a/16091014.list  
  inflating: /tmp/tinglin/992BB6CE55B046B7255C380E1FB2C566_4/analysis/list_mudst_2015pp200Emb_y2012a/16091057.list  
  inflating: /tmp/tinglin/992BB6CE55B046B7255C380E1FB2C566_4/analysis/list_mudst_2015pp200Emb_y2012a/16091061.list  
  inflating: /tmp/tinglin/992BB6CE55B046B7255C380E1FB2C566_4/analysis/list_mudst_2015pp200Emb_y2012a/16091062.list  
  inflating: /tmp/tinglin/992BB6CE55B046B7255C380E1FB2C566_4/analysis/list_mudst_2015pp200Emb_y2012a/16091063.list  
  inflating: /tmp/tinglin/992BB6CE55B046B7255C380E1FB2C566_4/analysis/list_mudst_2015pp200Emb_y2012a/16092002.list  
  inflating: /tmp/tinglin/992BB6CE55B046B7255C380E1FB2C566_4/analysis/list_mudst_2015pp200Emb_y2012a/16092003.list  
  inflating: /tmp/tinglin/992BB6CE55B046B7255C380E1FB2C566_4/analysis/list_mudst_2015pp200Emb_y2012a/16092015.list  
  inflating: /tmp/tinglin/992BB6CE55B046B7255C380E1FB2C566_4/analysis/list_mudst_2015pp200Emb_y2012a/16092017.list  
  inflating: /tmp/tinglin/992BB6CE55B046B7255C380E1FB2C566_4/analysis/list_mudst_2015pp200Emb_y2012a/16092018.list  
  inflating: /tmp/tinglin/992BB6CE55B046B7255C380E1FB2C566_4/analysis/list_mudst_2015pp200Emb_y2012a/16092019.list  
  inflating: /tmp/tinglin/992BB6CE55B046B7255C380E1FB2C566_4/analysis/list_mudst_2015pp200Emb_y2012a/16092020.list  
  inflating: /tmp/tinglin/992BB6CE55B046B7255C380E1FB2C566_4/analysis/list_mudst_2015pp200Emb_y2012a/16092021.list  
  inflating: /tmp/tinglin/992BB6CE55B046B7255C380E1FB2C566_4/analysis/list_mudst_2015pp200Emb_y2012a/16092022.list  
  inflating: /tmp/tinglin/992BB6CE55B046B7255C380E1FB2C566_4/analysis/list_mudst_2015pp200Emb_y2012a/16092033.list  
  inflating: /tmp/tinglin/992BB6CE55B046B7255C380E1FB2C566_4/analysis/list_mudst_2015pp200Emb_y2012a/16092034.list  
  inflating: /tmp/tinglin/992BB6CE55B046B7255C380E1FB2C566_4/analysis/list_mudst_2015pp200Emb_y2012a/16092035.list  
  inflating: /tmp/tinglin/992BB6CE55B046B7255C380E1FB2C566_4/analysis/list_mudst_2015pp200Emb_y2012a/16092036.list  
  inflating: /tmp/tinglin/992BB6CE55B046B7255C380E1FB2C566_4/analysis/list_mudst_2015pp200Emb_y2012a/16092037.list  
  inflating: /tmp/tinglin/992BB6CE55B046B7255C380E1FB2C566_4/analysis/list_mudst_2015pp200Emb_y2012a/16092040.list  
  inflating: /tmp/tinglin/992BB6CE55B046B7255C380E1FB2C566_4/analysis/list_mudst_2015pp200Emb_y2012a/16092042.list  
  inflating: /tmp/tinglin/992BB6CE55B046B7255C380E1FB2C566_4/analysis/list_mudst_2015pp200Emb_y2012a/16092044.list  
  inflating: /tmp/tinglin/992BB6CE55B046B7255C380E1FB2C566_4/analysis/list_mudst_2015pp200Emb_y2012a/16092048.list  
  inflating: /tmp/tinglin/992BB6CE55B046B7255C380E1FB2C566_4/analysis/list_mudst_2015pp200Emb_y2012a/16092049.list  
  inflating: /tmp/tinglin/992BB6CE55B046B7255C380E1FB2C566_4/analysis/list_mudst_2015pp200Emb_y2012a/16092050.list  
  inflating: /tmp/tinglin/992BB6CE55B046B7255C380E1FB2C566_4/analysis/list_mudst_2015pp200Emb_y2012a/16092051.list  
  inflating: /tmp/tinglin/992BB6CE55B046B7255C380E1FB2C566_4/analysis/list_mudst_2015pp200Emb_y2012a/16092052.list  
  inflating: /tmp/tinglin/992BB6CE55B046B7255C380E1FB2C566_4/analysis/list_mudst_2015pp200Emb_y2012a/16092053.list  
  inflating: /tmp/tinglin/992BB6CE55B046B7255C380E1FB2C566_4/analysis/list_mudst_2015pp200Emb_y2012a/16092054.list  
  inflating: /tmp/tinglin/992BB6CE55B046B7255C380E1FB2C566_4/analysis/list_mudst_2015pp200Emb_y2012a/16092055.list  
  inflating: /tmp/tinglin/992BB6CE55B046B7255C380E1FB2C566_4/analysis/list_mudst_2015pp200Emb_y2012a/16092063.list  
  inflating: /tmp/tinglin/992BB6CE55B046B7255C380E1FB2C566_4/analysis/list_mudst_2015pp200Emb_y2012a/16092064.list  
  inflating: /tmp/tinglin/992BB6CE55B046B7255C380E1FB2C566_4/analysis/list_mudst_2015pp200Emb_y2012a/16092065.list  
  inflating: /tmp/tinglin/992BB6CE55B046B7255C380E1FB2C566_4/analysis/list_mudst_2015pp200Emb_y2012a/16092066.list  
  inflating: /tmp/tinglin/992BB6CE55B046B7255C380E1FB2C566_4/analysis/list_mudst_2015pp200Emb_y2012a/16092067.list  
  inflating: /tmp/tinglin/992BB6CE55B046B7255C380E1FB2C566_4/analysis/list_mudst_2015pp200Emb_y2012a/16092068.list  
  inflating: /tmp/tinglin/992BB6CE55B046B7255C380E1FB2C566_4/analysis/list_mudst_2015pp200Emb_y2012a/16092069.list  
  inflating: /tmp/tinglin/992BB6CE55B046B7255C380E1FB2C566_4/analysis/list_mudst_2015pp200Emb_y2012a/16092070.list  
  inflating: /tmp/tinglin/992BB6CE55B046B7255C380E1FB2C566_4/analysis/list_mudst_2015pp200Emb_y2012a/16092071.list  
  inflating: /tmp/tinglin/992BB6CE55B046B7255C380E1FB2C566_4/analysis/list_mudst_2015pp200Emb_y2012a/16093001.list  
  inflating: /tmp/tinglin/992BB6CE55B046B7255C380E1FB2C566_4/analysis/list_mudst_2015pp200Emb_y2012a/16093002.list  
  inflating: /tmp/tinglin/992BB6CE55B046B7255C380E1FB2C566_4/analysis/list_mudst_2015pp200Emb_y2012a/16093003.list  
  inflating: /tmp/tinglin/992BB6CE55B046B7255C380E1FB2C566_4/analysis/list_mudst_2015pp200Emb_y2012a/16093004.list  
  inflating: /tmp/tinglin/992BB6CE55B046B7255C380E1FB2C566_4/analysis/list_mudst_2015pp200Emb_y2012a/16093011.list  
  inflating: /tmp/tinglin/992BB6CE55B046B7255C380E1FB2C566_4/analysis/list_mudst_2015pp200Emb_y2012a/16093012.list  
  inflating: /tmp/tinglin/992BB6CE55B046B7255C380E1FB2C566_4/analysis/list_mudst_2015pp200Emb_y2012a/16093013.list  
  inflating: /tmp/tinglin/992BB6CE55B046B7255C380E1FB2C566_4/analysis/list_mudst_2015pp200Emb_y2012a/16093014.list  
  inflating: /tmp/tinglin/992BB6CE55B046B7255C380E1FB2C566_4/analysis/list_mudst_2015pp200Emb_y2012a/16093016.list  
  inflating: /tmp/tinglin/992BB6CE55B046B7255C380E1FB2C566_4/analysis/list_mudst_2015pp200Emb_y2012a/16093017.list  
  inflating: /tmp/tinglin/992BB6CE55B046B7255C380E1FB2C566_4/analysis/list_mudst_2015pp200Emb_y2012a/16093018.list  
  inflating: /tmp/tinglin/992BB6CE55B046B7255C380E1FB2C566_4/analysis/logfile_checksize.log  
  inflating: /tmp/tinglin/992BB6CE55B046B7255C380E1FB2C566_4/analysis/check_mudst.lis  
  inflating: /tmp/tinglin/992BB6CE55B046B7255C380E1FB2C566_4/analysis/check_mudst2.lis  
 extracting: /tmp/tinglin/992BB6CE55B046B7255C380E1FB2C566_4/analysis/check_mudst3.lis  
  inflating: /tmp/tinglin/992BB6CE55B046B7255C380E1FB2C566_4/analysis/README  
  inflating: /tmp/tinglin/992BB6CE55B046B7255C380E1FB2C566_4/analysis/runPar_CollinsEEC_2015_Full.sh  
  inflating: /tmp/tinglin/992BB6CE55B046B7255C380E1FB2C566_4/analysis/jetCollinsEEC2p_2015trans_Emb.cxx  
  inflating: /tmp/tinglin/992BB6CE55B046B7255C380E1FB2C566_4/analysis/runEmb_CollinsEEC_2015_Full.sh  
  inflating: /tmp/tinglin/992BB6CE55B046B7255C380E1FB2C566_4/analysis/jetCollinsEEC2p_2015trans_Par.cxx  
  inflating: /tmp/tinglin/992BB6CE55B046B7255C380E1FB2C566_4/analysis/run15_finallist.1.lis  
  inflating: /tmp/tinglin/992BB6CE55B046B7255C380E1FB2C566_4/analysis/jetCollinsEEC2p_2015trans_Asym.cxx  
  inflating: /tmp/tinglin/992BB6CE55B046B7255C380E1FB2C566_4/analysis/jetCollinsEEC2p_2015trans_PID.cxx  
  inflating: /tmp/tinglin/992BB6CE55B046B7255C380E1FB2C566_4/analysis/submit_2015pp200_Emb_full.list  
  inflating: /tmp/tinglin/992BB6CE55B046B7255C380E1FB2C566_4/analysis/simple_submit_Emb_Merge.sh  
  inflating: /tmp/tinglin/992BB6CE55B046B7255C380E1FB2C566_4/analysis/submit_2015pp200_Par.list  
  inflating: /tmp/tinglin/992BB6CE55B046B7255C380E1FB2C566_4/analysis/simpleMerged_2015pp200_Emb_Full.sh  
  inflating: /tmp/tinglin/992BB6CE55B046B7255C380E1FB2C566_4/analysis/simpleMerged_2015pp200_data_Full.sh  
  inflating: /tmp/tinglin/992BB6CE55B046B7255C380E1FB2C566_4/analysis/run15_finallist.lis  
  inflating: /tmp/tinglin/992BB6CE55B046B7255C380E1FB2C566_4/analysis/pol_2015.txt  
  inflating: /tmp/tinglin/992BB6CE55B046B7255C380E1FB2C566_4/analysis/run15_finallist.2.lis  
  inflating: /tmp/tinglin/992BB6CE55B046B7255C380E1FB2C566_4/analysis/run15_finallist.3.lis  
  inflating: /tmp/tinglin/992BB6CE55B046B7255C380E1FB2C566_4/analysis/run15Emb_Good.list  
    linking: /tmp/tinglin/992BB6CE55B046B7255C380E1FB2C566_4/analysis/StRoot  -> /star/u/tinglin/public/star-sw/StRoot/ 
    linking: /tmp/tinglin/992BB6CE55B046B7255C380E1FB2C566_4/analysis/.sl73_x8664_gcc485  -> /star/u/tinglin/public/star-sw/.sl73_x8664_gcc485/ 
    linking: /tmp/tinglin/992BB6CE55B046B7255C380E1FB2C566_4/analysis/condor  -> /gpfs01/star/scratch/tinglin/condor 
  inflating: /tmp/tinglin/992BB6CE55B046B7255C380E1FB2C566_4/analysis/submit_2015pp200_Emb_Merge.list  
  inflating: /tmp/tinglin/992BB6CE55B046B7255C380E1FB2C566_4/analysis/test.cxx  
  inflating: /tmp/tinglin/992BB6CE55B046B7255C380E1FB2C566_4/analysis/compileCollinsEEC  
  inflating: /tmp/tinglin/992BB6CE55B046B7255C380E1FB2C566_4/analysis/rundata_CollinsEEC_2015_Full.sh  
  inflating: /tmp/tinglin/992BB6CE55B046B7255C380E1FB2C566_4/analysis/RunJetFinder2015pro.C  
  inflating: /tmp/tinglin/992BB6CE55B046B7255C380E1FB2C566_4/analysis/simplecheck_checkFileSize.sh  
   creating: /tmp/tinglin/992BB6CE55B046B7255C380E1FB2C566_4/analysis/xmlSubmit/
  inflating: /tmp/tinglin/992BB6CE55B046B7255C380E1FB2C566_4/analysis/xmlSubmit/SubmitJetMaker2015pp200EmbeddingTemplate.xml  
  inflating: /tmp/tinglin/992BB6CE55B046B7255C380E1FB2C566_4/analysis/xmlSubmit/temp.list  
  inflating: /tmp/tinglin/992BB6CE55B046B7255C380E1FB2C566_4/analysis/xmlSubmit/SubmitJetMaker2015pp200.sh  
  inflating: /tmp/tinglin/992BB6CE55B046B7255C380E1FB2C566_4/analysis/xmlSubmit/SubmitJetMaker2015pp200Simulation.sh  
  inflating: /tmp/tinglin/992BB6CE55B046B7255C380E1FB2C566_4/analysis/xmlSubmit/SubmitJetMaker2015pp200Template.xml  
  inflating: /tmp/tinglin/992BB6CE55B046B7255C380E1FB2C566_4/analysis/xmlSubmit/sched7FC8D3AE6895CAB112D6898A421B0D17.list  
  inflating: /tmp/tinglin/992BB6CE55B046B7255C380E1FB2C566_4/analysis/xmlSubmit/SubmitJetMaker2015pp200SimulationTemplate.xml  
 extracting: /tmp/tinglin/992BB6CE55B046B7255C380E1FB2C566_4/analysis/xmlSubmit/sched7FC8D3AE6895CAB112D6898A421B0D17_0_10.condor  
  inflating: /tmp/tinglin/992BB6CE55B046B7255C380E1FB2C566_4/analysis/xmlSubmit/sched7FC8D3AE6895CAB112D6898A421B0D17_10.list  
  inflating: /tmp/tinglin/992BB6CE55B046B7255C380E1FB2C566_4/analysis/xmlSubmit/schedTemplateExp.xml  
  inflating: /tmp/tinglin/992BB6CE55B046B7255C380E1FB2C566_4/analysis/xmlSubmit/sched7FC8D3AE6895CAB112D6898A421B0D17_10.csh  
   creating: /tmp/tinglin/992BB6CE55B046B7255C380E1FB2C566_4/analysis/xmlSubmit/myRun15ppJetTree.package/
    linking: /tmp/tinglin/992BB6CE55B046B7255C380E1FB2C566_4/analysis/xmlSubmit/myRun15ppJetTree.package/.sl73_x8664_gcc485  -> /star/u/tinglin/public/star-sw/.sl73_x8664_gcc485/ 
  inflating: /tmp/tinglin/992BB6CE55B046B7255C380E1FB2C566_4/analysis/xmlSubmit/myRun15ppJetTree.package/RunJetFinder2015sim.C  
finishing deferred symbolic links:
  /tmp/tinglin/992BB6CE55B046B7255C380E1FB2C566_4/.sl73_x8664_gcc485 -> /star/u/tinglin/public/star-sw/.sl73_x8664_gcc485/
  /tmp/tinglin/992BB6CE55B046B7255C380E1FB2C566_4/analysis/StRoot -> /star/u/tinglin/public/star-sw/StRoot/
  /tmp/tinglin/992BB6CE55B046B7255C380E1FB2C566_4/analysis/.sl73_x8664_gcc485 -> /star/u/tinglin/public/star-sw/.sl73_x8664_gcc485/
  /tmp/tinglin/992BB6CE55B046B7255C380E1FB2C566_4/analysis/condor -> /gpfs01/star/scratch/tinglin/condor
  /tmp/tinglin/992BB6CE55B046B7255C380E1FB2C566_4/analysis/xmlSubmit/myRun15ppJetTree.package/.sl73_x8664_gcc485 -> /star/u/tinglin/public/star-sw/.sl73_x8664_gcc485/
--------------------------------
Simple Unified Meta Scheduler 1.10.52 we are starting in $SCRATCH : /tmp/tinglin/992BB6CE55B046B7255C380E1FB2C566_4
--------------------------------
total 12
-rw-r--r-- 1 tinglin rhstar 6157 Jun 16 22:47 RunJetFinder2015sim.C
drwxr-xr-x 7 tinglin rhstar 4096 Jun 17 01:10 analysis
  *******************************************
  *                                         *
  *        W E L C O M E  to  R O O T       *
  *                                         *
  *   Version   5.34/38     12 March 2018   *
  *                                         *
  *  You are welcome to visit our Web site  *
  *          http://root.cern.ch            *
  *                                         *
  *******************************************

ROOT 5.34/38 (v5-34-38@v5-34-38, Mar 12 2018, 15:49:39 on linuxx8664gcc)

CINT/ROOT C/C++ Interpreter version 5.18.00, July 2, 2010
Type ? for help. Commands must be C++ statements.
Enclose multiple statements between { }.
*** Floating Point Exception is OFF ***
 *** Start at Date : Wed Jun 17 03:07:44 2026

Processing RunJetFinder2015sim.C(1000000,"/gpfs01/star/pwg_tasks/spin11/run15pp200/pythia/Jets/16092051/pt5_7_16092051_1.pythia.root","pt5_7_16092051_1.ueoc.root","pt5_7_16092051_1.jets.root")...
strangeArrayNames-arrayNames-__NARRAYS__ = 0
 loading of shared libraries done
BFC:ERROR - TUnixSystem::DynamicPathName : StNNPDFAsymMaker[.so | .dll | .dylib | .sl | .dl | .a] does not exist in /cvmfs/star.sdcc.bnl.gov/star-spack/spack/opt/spack/linux-rhel7-x86_64/gcc-4.8.5/py-pyparsing-2.2.0-3vd7ixvgs64hryctznkracju6twbkwmm/lib:/cvmfs/star.sdcc.bnl.gov/star-spack/spack/opt/spack/linux-rhel7-x86_64/gcc-4.8.5/python-2.7.18-fa7h6tih2lpfljynxo5quz6q6l2j4obn/lib:/cvmfs/star.sdcc.bnl.gov/star-spack/spack/opt/spack/linux-rhel7-x86_64/gcc-4.8.5/zlib-1.2.12-xrmq2irkz5e4vbwil47ticchyunkfh6i/lib:/cvmfs/star.sdcc.bnl.gov/star-spack/spack/opt/spack/linux-rhel7-x86_64/gcc-4.8.5/vc-0.7.4-n7shcushfymmas2lidkslpep3hj3iyxc/lib:/cvmfs/star.sdcc.bnl.gov/star-spack/spack/opt/spack/linux-rhel7-x86_64/gcc-4.8.5/root-5.34.38-eyawaunrtayjlt3aqon5claakm3c7xl7/lib:/cvmfs/star.sdcc.bnl.gov/star-spack/spack/opt/spack/linux-rhel7-x86_64/gcc-4.8.5/rave-2020-08-11-teyttjwrw6vc2q3v2swdwoinokbnlw63/lib:/cvmfs/star.sdcc.bnl.gov/star-spack/spack/opt/spack/linux-rhel7-x86_64/gcc-4.8.5/python-3.8.13-myixjs7jesskpbhwiowibizezfh52rky/lib:/cvmfs/star.sdcc.bnl.gov/star-spack/spack/opt/spack/linux-rhel7-x86_64/gcc-4.8.5/py-pyparsing-3.0.6-slw2fhcqm64fxvaiwcje4riz45fxzstn/lib:/cvmfs/star.sdcc.bnl.gov/star-spack/spack/opt/spack/linux-rhel7-x86_64/gcc-4.8.5/mysql-5.6.43-dxccl67cjodink5q5l2qdvydds7x4ynr/lib:/cvmfs/star.sdcc.bnl.gov/star-spack/spack/opt/spack/linux-rhel7-x86_64/gcc-4.8.5/log4cxx-0.10.0-msawkl35bwrbfg7s4sovmldrvd6msfel/lib:/cvmfs/star.sdcc.bnl.gov/star-spack/spack/opt/spack/linux-rhel7-x86_64/gcc-4.8.5/libxml2-2.9.13-ilv6amxpikl722o5j6hfuone7q5v3oyy/lib:/cvmfs/star.sdcc.bnl.gov/star-spack/spack/opt/spack/linux-rhel7-x86_64/gcc-4.8.5/libiconv-1.16-pbdcxjpgrdv3k3eaisme7cw5fnl7zjmh/lib:/cvmfs/star.sdcc.bnl.gov/star-spack/spack/opt/spack/linux-rhel7-x86_64/gcc-4.8.5/kitrack-01-10-star-1-lnqacdjzhx4ho77dx6zkagserdphphrd/lib:/cvmfs/star.sdcc.bnl.gov/star-spack/spack/opt/spack/linux-rhel7-x86_64/gcc-4.8.5/gsl-2.7.1-swjdgwdxtzkkucbcvvqvgsspflan5h2t/lib:/cvmfs/star.sdcc.bnl.gov/star-spack/spack/opt/spack/linux-rhel7-x86_64/gcc-4.8.5/genfit-b496504a-mlcdbxg7bmdsbfrppi7qmzppfw4lh52r/lib:/cvmfs/star.sdcc.bnl.gov/star-spack/spack/opt/spack/linux-rhel7-x86_64/gcc-4.8.5/fastjet-3.3.4-j5evuymea6juu4tkqxxim6nj3z6ldbg3/lib:.sl73_x8664_gcc485/lib:/star/nfs4/AFS/star/packages/DEV/.sl73_x8664_gcc485/lib:/star/nfs4/AFS/star/ROOT/5.34.38/.sl73_x8664_gcc485/rootdeb/lib:/.singularity.d/libs:/star/nfs4/AFS/star/opt/star/sl73_x8664_gcc485/qt4/lib:/star/nfs4/AFS/star/opt/star/sl73_x8664_gcc485/lib:.:/star/nfs4/AFS/star/packages/DEV/.sl73_x8664_gcc485/lib:/cvmfs/star.sdcc.bnl.gov/star-spack/spack/opt/spack/linux-rhel7-x86_64/gcc-4.8.5/root-5.34.38-eyawaunrtayjlt3aqon5claakm3c7xl7/lib:/cvmfs/star.sdcc.bnl.gov/star-spack/spack/opt/spack/linux-rhel7-x86_64/gcc-4.8.5/root-5.34.38-eyawaunrtayjlt3aqon5claakm3c7xl7/cint/cint/stl
BFC:ERROR - TUnixSystem::DynamicPathName : StJetInputHist[.so | .dll | .dylib | .sl | .dl | .a] does not exist in /cvmfs/star.sdcc.bnl.gov/star-spack/spack/opt/spack/linux-rhel7-x86_64/gcc-4.8.5/py-pyparsing-2.2.0-3vd7ixvgs64hryctznkracju6twbkwmm/lib:/cvmfs/star.sdcc.bnl.gov/star-spack/spack/opt/spack/linux-rhel7-x86_64/gcc-4.8.5/python-2.7.18-fa7h6tih2lpfljynxo5quz6q6l2j4obn/lib:/cvmfs/star.sdcc.bnl.gov/star-spack/spack/opt/spack/linux-rhel7-x86_64/gcc-4.8.5/zlib-1.2.12-xrmq2irkz5e4vbwil47ticchyunkfh6i/lib:/cvmfs/star.sdcc.bnl.gov/star-spack/spack/opt/spack/linux-rhel7-x86_64/gcc-4.8.5/vc-0.7.4-n7shcushfymmas2lidkslpep3hj3iyxc/lib:/cvmfs/star.sdcc.bnl.gov/star-spack/spack/opt/spack/linux-rhel7-x86_64/gcc-4.8.5/root-5.34.38-eyawaunrtayjlt3aqon5claakm3c7xl7/lib:/cvmfs/star.sdcc.bnl.gov/star-spack/spack/opt/spack/linux-rhel7-x86_64/gcc-4.8.5/rave-2020-08-11-teyttjwrw6vc2q3v2swdwoinokbnlw63/lib:/cvmfs/star.sdcc.bnl.gov/star-spack/spack/opt/spack/linux-rhel7-x86_64/gcc-4.8.5/python-3.8.13-myixjs7jesskpbhwiowibizezfh52rky/lib:/cvmfs/star.sdcc.bnl.gov/star-spack/spack/opt/spack/linux-rhel7-x86_64/gcc-4.8.5/py-pyparsing-3.0.6-slw2fhcqm64fxvaiwcje4riz45fxzstn/lib:/cvmfs/star.sdcc.bnl.gov/star-spack/spack/opt/spack/linux-rhel7-x86_64/gcc-4.8.5/mysql-5.6.43-dxccl67cjodink5q5l2qdvydds7x4ynr/lib:/cvmfs/star.sdcc.bnl.gov/star-spack/spack/opt/spack/linux-rhel7-x86_64/gcc-4.8.5/log4cxx-0.10.0-msawkl35bwrbfg7s4sovmldrvd6msfel/lib:/cvmfs/star.sdcc.bnl.gov/star-spack/spack/opt/spack/linux-rhel7-x86_64/gcc-4.8.5/libxml2-2.9.13-ilv6amxpikl722o5j6hfuone7q5v3oyy/lib:/cvmfs/star.sdcc.bnl.gov/star-spack/spack/opt/spack/linux-rhel7-x86_64/gcc-4.8.5/libiconv-1.16-pbdcxjpgrdv3k3eaisme7cw5fnl7zjmh/lib:/cvmfs/star.sdcc.bnl.gov/star-spack/spack/opt/spack/linux-rhel7-x86_64/gcc-4.8.5/kitrack-01-10-star-1-lnqacdjzhx4ho77dx6zkagserdphphrd/lib:/cvmfs/star.sdcc.bnl.gov/star-spack/spack/opt/spack/linux-rhel7-x86_64/gcc-4.8.5/gsl-2.7.1-swjdgwdxtzkkucbcvvqvgsspflan5h2t/lib:/cvmfs/star.sdcc.bnl.gov/star-spack/spack/opt/spack/linux-rhel7-x86_64/gcc-4.8.5/genfit-b496504a-mlcdbxg7bmdsbfrppi7qmzppfw4lh52r/lib:/cvmfs/star.sdcc.bnl.gov/star-spack/spack/opt/spack/linux-rhel7-x86_64/gcc-4.8.5/fastjet-3.3.4-j5evuymea6juu4tkqxxim6nj3z6ldbg3/lib:.sl73_x8664_gcc485/lib:/star/nfs4/AFS/star/packages/DEV/.sl73_x8664_gcc485/lib:/star/nfs4/AFS/star/ROOT/5.34.38/.sl73_x8664_gcc485/rootdeb/lib:/.singularity.d/libs:/star/nfs4/AFS/star/opt/star/sl73_x8664_gcc485/qt4/lib:/star/nfs4/AFS/star/opt/star/sl73_x8664_gcc485/lib:.:/star/nfs4/AFS/star/packages/DEV/.sl73_x8664_gcc485/lib:/cvmfs/star.sdcc.bnl.gov/star-spack/spack/opt/spack/linux-rhel7-x86_64/gcc-4.8.5/root-5.34.38-eyawaunrtayjlt3aqon5claakm3c7xl7/lib:/cvmfs/star.sdcc.bnl.gov/star-spack/spack/opt/spack/linux-rhel7-x86_64/gcc-4.8.5/root-5.34.38-eyawaunrtayjlt3aqon5claakm3c7xl7/cint/cint/stl
Loading shared libraries done
BFC:INFO  - St_db_Maker::SetDateTime : Setting Startup Date=20090628 Time=53220
BFC:INFO  - ::setThres KsigOverPed=5, threshold=ped+sig*KsigOverPed
BFC:INFO  - :: Use sectors from 1 to 12
St_db_Maker:INFO  - StDbManagerImpl::lookUpServers(): config file name is /star/nfs4/AFS/star/packages/conf/dbLoadBalancerLocalConfig_BNL.xml
There is no 1  /star/u/tinglin/dbServers.xml
 looking at 2 /star/nfs4/AFS/star/packages/dev/StDb/servers/dbServers.xml
DB OVERRIDE default user with: tinglin
St_db_Maker:INFO  - StDbManagerImpl::lookUpServer() line=713 
******** Order of Files searched for dbServers ********* 
  3. /star/nfs4/AFS/star/packages/dev/StDb/servers/dbServers.xml
********************************************************

StHyperCacheManager: reading cache config from /star/nfs4/AFS/star/packages/conf/hyperconfig.json
St_db_Maker:INFO  - StDbLib: db server found in 3 iterations
St_db_Maker:INFO  - MysqlDb::Connect: Load balancer took 0 ms, will use star-db05.sdcc.bnl.gov:3316
St_db_Maker:INFO  - Ssl_cipher = AES128-SHA
St_db_Maker:INFO  - MysqlDb::Connect(host,user,pw,database,port) line=527 Server Connecting: DB=StarDb  Host=star-db05.sdcc.bnl.gov:3316
 --> Connection Time=0.0654199 sec    MysqlVersion=5.7.24
St_db_Maker:INFO  - St_db_Maker::OpenMySQL : Unknown table tpc/tpcDedxPidAmpDb..tpcDedxPidAmpDb
St_db_Maker:INFO  - St_db_Maker::OpenMySQL : Unknown table tpc/tpcGainNorms..tpcGainNorms
St_db_Maker:INFO  - St_db_Maker::OpenMySQL : Unknown table tpc/tpcChargeStepCalib..tpcChargeStepCalib
St_db_Maker:INFO  - St_db_Maker::OpenMySQL : Unknown table tpc/tpcHitErrors..tpcHitErrors
StChain:INFO  - AntiKtR060Particle and OffAxisConesR060 initialized!
StChain:INFO  - AntiKtR060Parton and OffAxisConesR060 initialized!
StChain:INFO  - AntiKtR050Particle and OffAxisConesR060 initialized!
StChain:INFO  - AntiKtR050Parton and OffAxisConesR060 initialized!
StChain:INFO  - AntiKtR060PtParticle and OffAxisConesR060 initialized!
StChain:INFO  - AntiKtR060Pt2Particle and OffAxisConesR060 initialized!
StChain:INFO  - AntiKtR060WTAParticle and OffAxisConesR060 initialized!
StChain:INFO  - AntiKtR060PtParton and OffAxisConesR060 initialized!
StChain:INFO  - AntiKtR060Pt2Parton and OffAxisConesR060 initialized!
StChain:INFO  - AntiKtR060WTAParton and OffAxisConesR060 initialized!
StChain:INFO  - AntiKtR060Particle and OffAxisConesR050 initialized!
StChain:INFO  - AntiKtR060Parton and OffAxisConesR050 initialized!
StChain:INFO  - AntiKtR050Particle and OffAxisConesR050 initialized!
StChain:INFO  - AntiKtR050Parton and OffAxisConesR050 initialized!
StChain:INFO  - AntiKtR060PtParticle and OffAxisConesR050 initialized!
StChain:INFO  - AntiKtR060Pt2Particle and OffAxisConesR050 initialized!
StChain:INFO  - AntiKtR060WTAParticle and OffAxisConesR050 initialized!
StChain:INFO  - AntiKtR060PtParton and OffAxisConesR050 initialized!
StChain:INFO  - AntiKtR060Pt2Parton and OffAxisConesR050 initialized!
StChain:INFO  - AntiKtR060WTAParton and OffAxisConesR050 initialized!
StChain:INFO  - ::setThres KsigOverPed=3, threshold=ped+sig*KsigOverPed
UCM:INFO  - StageID='1',MessageKey='MemUsed',MessageValue='41'
UCM:INFO  - StageID='1',MessageKey='ProgSize',MessageValue='840'
StEEmcDbMaker:INFO  - loadTables: use(flav='', mask='')
StEEmcDbMaker:WARN  - StDbSql::QueryDb(table,time) line=439 eemcVaria  has No data for query
StEEmcDbMaker:WARN  - StDbSql::QueryDb(table,time) line=439 eemcTriggerPed  has No data for query
StEEmcDbMaker:INFO  -   conf ADC map for sector=1
StEEmcDbMaker:INFO  - mapping=S1 rot, P1 as in sect=5, swap TA4-5, QA11-B2,  JB
StEEmcDbMaker:INFO  - tower calib=2009 p+p gains from mip calibration
StEEmcDbMaker:INFO  - PMT names=oryginal 1:1 , JB
StEEmcDbMaker:INFO  - MAPMT calib=2009 p+p gains from mip calibration
StEEmcDbMaker:INFO  - ped tower & MAPMT=ped, ofl, F11002, from R10178054, p+p 200 GeV 2009, Justin
StEEmcDbMaker:INFO  - status tower & MAPMT=mask, ofl, F11002, from R10178054, p+p 200 GeV 2009, Justin
StEEmcDbMaker:INFO  -   conf ADC map for sector=2
StEEmcDbMaker:INFO  - mapping=02S1 rotated,  02P1 as in sect=5, LED OK 2004,  JB
StEEmcDbMaker:INFO  - tower calib=2009 p+p gains from mip calibration
StEEmcDbMaker:INFO  - PMT names=2TAB inverted, JB
StEEmcDbMaker:INFO  - MAPMT calib=2009 p+p gains from mip calibration
StEEmcDbMaker:INFO  - ped tower & MAPMT=ped, ofl, F11002, from R10178054, p+p 200 GeV 2009, Justin
StEEmcDbMaker:INFO  - status tower & MAPMT=mask, ofl, F11002, from R10178054, p+p 200 GeV 2009, Justin
StEEmcDbMaker:INFO  -   conf ADC map for sector=3
StEEmcDbMaker:INFO  - mapping=03S1 rotated,  03P1 as in sect=5, LED OK 2004,  JB
StEEmcDbMaker:INFO  - tower calib=2009 p+p gains from mip calibration
StEEmcDbMaker:INFO  - PMT names=oryginal 1:1, JB
StEEmcDbMaker:INFO  - MAPMT calib=2009 p+p gains from mip calibration
StEEmcDbMaker:INFO  - ped tower & MAPMT=ped, ofl, F11002, from R10178054, p+p 200 GeV 2009, Justin
StEEmcDbMaker:INFO  - status tower & MAPMT=mask, ofl, F11002, from R10178054, p+p 200 GeV 2009, Justin
StEEmcDbMaker:INFO  -   conf ADC map for sector=4
StEEmcDbMaker:INFO  - mapping=04S1 rotated,  04P1 as in sect=5, LED OK 2004,  JB
StEEmcDbMaker:INFO  - tower calib=2009 p+p gains from mip calibration
StEEmcDbMaker:INFO  - PMT names=4TBCDE inverted, JB
StEEmcDbMaker:INFO  - MAPMT calib=2009 p+p gains from mip calibration
StEEmcDbMaker:INFO  - ped tower & MAPMT=ped, ofl, F11002, from R10178054, p+p 200 GeV 2009, Justin
StEEmcDbMaker:INFO  - status tower & MAPMT=mask, ofl, F11002, from R10178054, p+p 200 GeV 2009, Justin
StEEmcDbMaker:INFO  -   conf ADC map for sector=5
StEEmcDbMaker:INFO  - mapping=05P1 map SEV-xml, JB
StEEmcDbMaker:INFO  - tower calib=2009 p+p gains from mip calibration
StEEmcDbMaker:INFO  - PMT names=to fix 5A,B,D,E harness error,JB
StEEmcDbMaker:INFO  - MAPMT calib=2009 p+p gains from mip calibration
StEEmcDbMaker:INFO  - ped tower & MAPMT=ped, ofl, F11002, from R10178054, p+p 200 GeV 2009, Justin
StEEmcDbMaker:INFO  - status tower & MAPMT=mask, ofl, F11002, from R10178054, p+p 200 GeV 2009, Justin
StEEmcDbMaker:INFO  -   conf ADC map for sector=6
StEEmcDbMaker:INFO  - mapping=06P1 map SEV-xml, JB
StEEmcDbMaker:INFO  - tower calib=2009 p+p gains from mip calibration
StEEmcDbMaker:INFO  - PMT names=1:1, JB
StEEmcDbMaker:INFO  - MAPMT calib=2009 p+p gains from mip calibration
StEEmcDbMaker:INFO  - ped tower & MAPMT=ped, ofl, F11002, from R10178054, p+p 200 GeV 2009, Justin
StEEmcDbMaker:INFO  - status tower & MAPMT=mask, ofl, F11002, from R10178054, p+p 200 GeV 2009, Justin
StEEmcDbMaker:INFO  -   conf ADC map for sector=7
StEEmcDbMaker:INFO  - mapping=07P1 map SEV-xml + inv 07QBnn , JB
StEEmcDbMaker:INFO  - tower calib=2009 p+p gains from mip calibration
StEEmcDbMaker:INFO  - PMT names=1:1, JB
StEEmcDbMaker:INFO  - MAPMT calib=2009 p+p gains from mip calibration
StEEmcDbMaker:INFO  - ped tower & MAPMT=ped, ofl, F11002, from R10178054, p+p 200 GeV 2009, Justin
StEEmcDbMaker:INFO  - status tower & MAPMT=mask, ofl, F11002, from R10178054, p+p 200 GeV 2009, Justin
StEEmcDbMaker:INFO  -   conf ADC map for sector=8
StEEmcDbMaker:INFO  - mapping=swap V209:216, V216-280, V265:272, Bob
StEEmcDbMaker:INFO  - tower calib=2009 p+p gains from mip calibration
StEEmcDbMaker:INFO  - PMT names=1:1, JB
StEEmcDbMaker:INFO  - MAPMT calib=2009 p+p gains from mip calibration
StEEmcDbMaker:INFO  - ped tower & MAPMT=ped, ofl, F11002, from R10178054, p+p 200 GeV 2009, Justin
StEEmcDbMaker:INFO  - status tower & MAPMT=mask, ofl, F11002, from R10178054, p+p 200 GeV 2009, Justin
StEEmcDbMaker:INFO  -   conf ADC map for sector=9
StEEmcDbMaker:INFO  - mapping=09S1 rot,  09P1 as in sect=5, LED OK 2004,  JB
StEEmcDbMaker:INFO  - tower calib=2009 p+p gains from mip calibration
StEEmcDbMaker:INFO  - PMT names=oryginal 1:1, JB
StEEmcDbMaker:INFO  - MAPMT calib=2009 p+p gains from mip calibration
StEEmcDbMaker:INFO  - ped tower & MAPMT=ped, ofl, F11002, from R10178054, p+p 200 GeV 2009, Justin
StEEmcDbMaker:INFO  - status tower & MAPMT=mask, ofl, F11002, from R10178054, p+p 200 GeV 2009, Justin
StEEmcDbMaker:INFO  -   conf ADC map for sector=10
StEEmcDbMaker:INFO  - mapping=swap 10TD04 with 10TD06, Ting and Mike
StEEmcDbMaker:INFO  - tower calib=2009 p+p gains from mip calibration
StEEmcDbMaker:INFO  - PMT names=oryginal 1:1, JB
StEEmcDbMaker:INFO  - MAPMT calib=2009 p+p gains from mip calibration
StEEmcDbMaker:INFO  - ped tower & MAPMT=ped, ofl, F11002, from R10178054, p+p 200 GeV 2009, Justin
StEEmcDbMaker:INFO  - status tower & MAPMT=mask, ofl, F11002, from R10178054, p+p 200 GeV 2009, Justin
StEEmcDbMaker:INFO  -   conf ADC map for sector=11
StEEmcDbMaker:INFO  - mapping=11S1 rotated,  11P1 as in sect=5, LED OK 2004,  JB
StEEmcDbMaker:INFO  - tower calib=2009 p+p gains from mip calibration
StEEmcDbMaker:INFO  - PMT names=oryginal 1:1, JB
StEEmcDbMaker:INFO  - MAPMT calib=2009 p+p gains from mip calibration
StEEmcDbMaker:INFO  - ped tower & MAPMT=ped, ofl, F11002, from R10178054, p+p 200 GeV 2009, Justin
StEEmcDbMaker:INFO  - status tower & MAPMT=mask, ofl, F11002, from R10178054, p+p 200 GeV 2009, Justin
StEEmcDbMaker:INFO  -   conf ADC map for sector=12
StEEmcDbMaker:INFO  - mapping=12S1 rotated,  12P1 as in sect=5, LED OK 2004,  JB
StEEmcDbMaker:INFO  - tower calib=2009 p+p gains from mip calibration
StEEmcDbMaker:INFO  - PMT names=oryginal 1:1, JB
StEEmcDbMaker:INFO  - MAPMT calib=2009 p+p gains from mip calibration
StEEmcDbMaker:INFO  - ped tower & MAPMT=ped, ofl, F11002, from R10178054, p+p 200 GeV 2009, Justin
StEEmcDbMaker:INFO  - status tower & MAPMT=mask, ofl, F11002, from R10178054, p+p 200 GeV 2009, Justin
StEEmcDbMaker:INFO  -    mOptimizeFibers() map found for nFiber=54
StEEmcDbMaker:INFO  - DbCrate: crT1 crID=  1 crIDswitch=  1 fiber=0 nCh=128 nHead=4 type=T useIt=1
StEEmcDbMaker:INFO  - DbCrate: crT2 crID=  2 crIDswitch=  2 fiber=1 nCh=128 nHead=4 type=T useIt=1
StEEmcDbMaker:INFO  - DbCrate: crT3 crID=  3 crIDswitch=  3 fiber=2 nCh=128 nHead=4 type=T useIt=1
StEEmcDbMaker:INFO  - DbCrate: crT4 crID=  4 crIDswitch=  4 fiber=3 nCh=128 nHead=4 type=T useIt=1
StEEmcDbMaker:INFO  - DbCrate: crT5 crID=  5 crIDswitch=  5 fiber=4 nCh=128 nHead=4 type=T useIt=1
StEEmcDbMaker:INFO  - DbCrate: crT6 crID=  6 crIDswitch=  6 fiber=5 nCh=128 nHead=4 type=T useIt=1
StEEmcDbMaker:INFO  - DbCrate: 12S1 crID= 64 crIDswitch= 64 fiber=0 nCh=192 nHead=4 type=S useIt=1
StEEmcDbMaker:INFO  - DbCrate: 12S2 crID= 65 crIDswitch= 65 fiber=1 nCh=192 nHead=4 type=S useIt=1
StEEmcDbMaker:INFO  - DbCrate: 12S3 crID= 66 crIDswitch= 66 fiber=2 nCh=192 nHead=4 type=S useIt=1
StEEmcDbMaker:INFO  - DbCrate: 12P1 crID= 67 crIDswitch= 67 fiber=3 nCh=192 nHead=4 type=S useIt=1
StEEmcDbMaker:INFO  - DbCrate: 01S1 crID= 68 crIDswitch= 68 fiber=4 nCh=192 nHead=4 type=S useIt=1
StEEmcDbMaker:INFO  - DbCrate: 01S2 crID= 69 crIDswitch= 69 fiber=5 nCh=192 nHead=4 type=S useIt=1
StEEmcDbMaker:INFO  - DbCrate: 01S3 crID= 70 crIDswitch= 70 fiber=6 nCh=192 nHead=4 type=S useIt=1
StEEmcDbMaker:INFO  - DbCrate: 01P1 crID= 71 crIDswitch= 71 fiber=7 nCh=192 nHead=4 type=S useIt=1
StEEmcDbMaker:INFO  - DbCrate: 02S1 crID= 72 crIDswitch= 72 fiber=8 nCh=192 nHead=4 type=S useIt=1
StEEmcDbMaker:INFO  - DbCrate: 02S2 crID= 73 crIDswitch= 73 fiber=9 nCh=192 nHead=4 type=S useIt=1
StEEmcDbMaker:INFO  - DbCrate: 02S3 crID= 74 crIDswitch= 74 fiber=10 nCh=192 nHead=4 type=S useIt=1
StEEmcDbMaker:INFO  - DbCrate: 02P1 crID= 75 crIDswitch= 75 fiber=11 nCh=192 nHead=4 type=S useIt=1
StEEmcDbMaker:INFO  - DbCrate: 03S1 crID= 76 crIDswitch= 76 fiber=12 nCh=192 nHead=4 type=S useIt=1
StEEmcDbMaker:INFO  - DbCrate: 03S2 crID= 77 crIDswitch= 77 fiber=13 nCh=192 nHead=4 type=S useIt=1
StEEmcDbMaker:INFO  - DbCrate: 03S3 crID= 78 crIDswitch= 78 fiber=14 nCh=192 nHead=4 type=S useIt=1
StEEmcDbMaker:INFO  - DbCrate: 03P1 crID= 79 crIDswitch= 79 fiber=15 nCh=192 nHead=4 type=S useIt=1
StEEmcDbMaker:INFO  - DbCrate: 04S1 crID= 80 crIDswitch= 80 fiber=16 nCh=192 nHead=4 type=S useIt=1
StEEmcDbMaker:INFO  - DbCrate: 04S2 crID= 81 crIDswitch= 81 fiber=17 nCh=192 nHead=4 type=S useIt=1
StEEmcDbMaker:INFO  - DbCrate: 04S3 crID= 82 crIDswitch= 82 fiber=18 nCh=192 nHead=4 type=S useIt=1
StEEmcDbMaker:INFO  - DbCrate: 04P1 crID= 83 crIDswitch= 83 fiber=19 nCh=192 nHead=4 type=S useIt=1
StEEmcDbMaker:INFO  - DbCrate: 05S1 crID= 84 crIDswitch= 84 fiber=20 nCh=192 nHead=4 type=S useIt=1
StEEmcDbMaker:INFO  - DbCrate: 05S2 crID= 85 crIDswitch= 85 fiber=21 nCh=192 nHead=4 type=S useIt=1
StEEmcDbMaker:INFO  - DbCrate: 05S3 crID= 86 crIDswitch= 86 fiber=22 nCh=192 nHead=4 type=S useIt=1
StEEmcDbMaker:INFO  - DbCrate: 05P1 crID= 87 crIDswitch= 87 fiber=23 nCh=192 nHead=4 type=S useIt=1
StEEmcDbMaker:INFO  - DbCrate: 06S1 crID= 88 crIDswitch= 88 fiber=24 nCh=192 nHead=4 type=S useIt=1
StEEmcDbMaker:INFO  - DbCrate: 06S2 crID= 89 crIDswitch= 89 fiber=25 nCh=192 nHead=4 type=S useIt=1
StEEmcDbMaker:INFO  - DbCrate: 06S3 crID= 90 crIDswitch= 90 fiber=26 nCh=192 nHead=4 type=S useIt=1
StEEmcDbMaker:INFO  - DbCrate: 06P1 crID= 91 crIDswitch= 91 fiber=27 nCh=192 nHead=4 type=S useIt=1
StEEmcDbMaker:INFO  - DbCrate: 07S1 crID= 92 crIDswitch= 92 fiber=28 nCh=192 nHead=4 type=S useIt=1
StEEmcDbMaker:INFO  - DbCrate: 07S2 crID= 93 crIDswitch= 93 fiber=29 nCh=192 nHead=4 type=S useIt=1
StEEmcDbMaker:INFO  - DbCrate: 07S3 crID= 94 crIDswitch= 94 fiber=30 nCh=192 nHead=4 type=S useIt=1
StEEmcDbMaker:INFO  - DbCrate: 07P1 crID= 95 crIDswitch= 95 fiber=31 nCh=192 nHead=4 type=S useIt=1
StEEmcDbMaker:INFO  - DbCrate: 08S1 crID= 96 crIDswitch= 96 fiber=32 nCh=192 nHead=4 type=S useIt=1
StEEmcDbMaker:INFO  - DbCrate: 08S2 crID= 97 crIDswitch= 97 fiber=33 nCh=192 nHead=4 type=S useIt=1
StEEmcDbMaker:INFO  - DbCrate: 08S3 crID= 98 crIDswitch= 98 fiber=34 nCh=192 nHead=4 type=S useIt=1
StEEmcDbMaker:INFO  - DbCrate: 08P1 crID= 99 crIDswitch= 99 fiber=35 nCh=192 nHead=4 type=S useIt=1
StEEmcDbMaker:INFO  - DbCrate: 09S1 crID=100 crIDswitch=100 fiber=36 nCh=192 nHead=4 type=S useIt=1
StEEmcDbMaker:INFO  - DbCrate: 09S2 crID=101 crIDswitch=101 fiber=37 nCh=192 nHead=4 type=S useIt=1
StEEmcDbMaker:INFO  - DbCrate: 09S3 crID=102 crIDswitch=102 fiber=38 nCh=192 nHead=4 type=S useIt=1
StEEmcDbMaker:INFO  - DbCrate: 09P1 crID=103 crIDswitch=103 fiber=39 nCh=192 nHead=4 type=S useIt=1
StEEmcDbMaker:INFO  - DbCrate: 10S1 crID=104 crIDswitch=104 fiber=40 nCh=192 nHead=4 type=S useIt=1
StEEmcDbMaker:INFO  - DbCrate: 10S2 crID=105 crIDswitch=105 fiber=41 nCh=192 nHead=4 type=S useIt=1
StEEmcDbMaker:INFO  - DbCrate: 10S3 crID=106 crIDswitch=106 fiber=42 nCh=192 nHead=4 type=S useIt=1
StEEmcDbMaker:INFO  - DbCrate: 10P1 crID=107 crIDswitch=107 fiber=43 nCh=192 nHead=4 type=S useIt=1
StEEmcDbMaker:INFO  - DbCrate: 11S1 crID=108 crIDswitch=108 fiber=44 nCh=192 nHead=4 type=S useIt=1
StEEmcDbMaker:INFO  - DbCrate: 11S2 crID=109 crIDswitch=109 fiber=45 nCh=192 nHead=4 type=S useIt=1
StEEmcDbMaker:INFO  - DbCrate: 11S3 crID=110 crIDswitch=110 fiber=46 nCh=192 nHead=4 type=S useIt=1
StEEmcDbMaker:INFO  - DbCrate: 11P1 crID=111 crIDswitch=111 fiber=47 nCh=192 nHead=4 type=S useIt=1
StEEmcDbMaker:INFO  - ::loadTables  Found 73 EEMC related tables 
StChain:INFO  - TVector3::PseudoRapidity : transvers momentum = 0! return +/- 10e10
StChain:INFO  - TVector3::PseudoRapidity : transvers momentum = 0! return +/- 10e10
StMCAsymMaker:WARN  - No StMcEvent
StMCAsymMaker:INFO  - *** StMCAsymMaker::Make() == StWarn(1) ***
StJetMaker2012:INFO  - TVector3::PseudoRapidity : transvers momentum = 0! return +/- 10e10
StJetMaker2012:INFO  - TVector3::PseudoRapidity : transvers momentum = 0! return +/- 10e10
#--------------------------------------------------------------------------
#                         FastJet release 3.3.4
#                 M. Cacciari, G.P. Salam and G. Soyez                  
#     A software package for jet finding and analysis at colliders      
#                           http://fastjet.fr                           
#	                                                                      
# Please cite EPJC72(2012)1896 [arXiv:1111.6097] if you use this package
# for scientific work and optionally PLB641(2006)57 [hep-ph/0512210].   
#                                                                       
# FastJet is provided without warranty under the GNU GPL v2 or higher.  
# It uses T. Chan's closest pair algorithm, S. Fortune's Voronoi code
# and 3rd party plugin jet algorithms. See COPYING file for details.
#--------------------------------------------------------------------------
StJetMaker2012:INFO  - TVector3::PseudoRapidity : transvers momentum = 0! return +/- 10e10
StJetMaker2012:INFO  - TVector3::PseudoRapidity : transvers momentum = 0! return +/- 10e10
StJetMaker2012:INFO  - TVector3::PseudoRapidity : transvers momentum = 0! return +/- 10e10
StJetMaker2012:INFO  - TVector3::PseudoRapidity : transvers momentum = 0! return +/- 10e10
StJetMaker2012:INFO  - TVector3::PseudoRapidity : transvers momentum = 0! return +/- 10e10
StJetMaker2012:INFO  - TVector3::PseudoRapidity : transvers momentum = 0! return +/- 10e10
StJetMaker2012:INFO  - TVector3::PseudoRapidity : transvers momentum = 0! return +/- 10e10
StJetMaker2012:INFO  - TVector3::PseudoRapidity : transvers momentum = 0! return +/- 10e10
StJetMaker2012:INFO  - TVector3::PseudoRapidity : transvers momentum = 0! return +/- 10e10
StJetMaker2012:INFO  - TVector3::PseudoRapidity : transvers momentum = 0! return +/- 10e10
StJetMaker2012:INFO  - TVector3::PseudoRapidity : transvers momentum = 0! return +/- 10e10
StJetMaker2012:INFO  - TVector3::PseudoRapidity : transvers momentum = 0! return +/- 10e10
StJetMaker2012:INFO  - TVector3::PseudoRapidity : transvers momentum = 0! return +/- 10e10
StJetMaker2012:INFO  - TVector3::PseudoRapidity : transvers momentum = 0! return +/- 10e10
StJetMaker2012:INFO  - TVector3::PseudoRapidity : transvers momentum = 0! return +/- 10e10
StJetMaker2012:INFO  - TVector3::PseudoRapidity : transvers momentum = 0! return +/- 10e10
StJetMaker2012:INFO  - TVector3::PseudoRapidity : transvers momentum = 0! return +/- 10e10
StJetMaker2012:INFO  - TVector3::PseudoRapidity : transvers momentum = 0! return +/- 10e10
QA :INFO  - QAInfo: Done with Event [no. 1/run 0/evt. 1/Date.Time 20090628.53220/sta 0] Real Time =       2.13 seconds Cpu Time =        0.48 seconds
QA :INFO  - QAInfo: Cpu Times: user / system / user children / system children =     0.43 /     0.05 /     0.00 /     0.00 seconds (tick =   100.00, cps = 1000000)
QA :INFO  - QAInfo: Cpu Times: all threads =     0.479268650 seconds
StEEmcDbMaker:INFO  - loadTables: use(flav='', mask='')
StEEmcDbMaker:INFO  -   conf ADC map for sector=1
StEEmcDbMaker:INFO  - mapping=S1 rot, P1 as in sect=5, swap TA4-5, QA11-B2,  JB
StEEmcDbMaker:INFO  - tower calib=2009 p+p gains from mip calibration
StEEmcDbMaker:INFO  - PMT names=oryginal 1:1 , JB
StEEmcDbMaker:INFO  - MAPMT calib=2009 p+p gains from mip calibration
StEEmcDbMaker:INFO  - ped tower & MAPMT=ped, ofl, F11002, from R10178054, p+p 200 GeV 2009, Justin
StEEmcDbMaker:INFO  - status tower & MAPMT=mask, ofl, F11002, from R10178054, p+p 200 GeV 2009, Justin
StEEmcDbMaker:INFO  -   conf ADC map for sector=2
StEEmcDbMaker:INFO  - mapping=02S1 rotated,  02P1 as in sect=5, LED OK 2004,  JB
StEEmcDbMaker:INFO  - tower calib=2009 p+p gains from mip calibration
StEEmcDbMaker:INFO  - PMT names=2TAB inverted, JB
StEEmcDbMaker:INFO  - MAPMT calib=2009 p+p gains from mip calibration
StEEmcDbMaker:INFO  - ped tower & MAPMT=ped, ofl, F11002, from R10178054, p+p 200 GeV 2009, Justin
StEEmcDbMaker:INFO  - status tower & MAPMT=mask, ofl, F11002, from R10178054, p+p 200 GeV 2009, Justin
StEEmcDbMaker:INFO  -   conf ADC map for sector=3
StEEmcDbMaker:INFO  - mapping=03S1 rotated,  03P1 as in sect=5, LED OK 2004,  JB
StEEmcDbMaker:INFO  - tower calib=2009 p+p gains from mip calibration
StEEmcDbMaker:INFO  - PMT names=oryginal 1:1, JB
StEEmcDbMaker:INFO  - MAPMT calib=2009 p+p gains from mip calibration
StEEmcDbMaker:INFO  - ped tower & MAPMT=ped, ofl, F11002, from R10178054, p+p 200 GeV 2009, Justin
StEEmcDbMaker:INFO  - status tower & MAPMT=mask, ofl, F11002, from R10178054, p+p 200 GeV 2009, Justin
StEEmcDbMaker:INFO  -   conf ADC map for sector=4
StEEmcDbMaker:INFO  - mapping=04S1 rotated,  04P1 as in sect=5, LED OK 2004,  JB
StEEmcDbMaker:INFO  - tower calib=2009 p+p gains from mip calibration
StEEmcDbMaker:INFO  - PMT names=4TBCDE inverted, JB
StEEmcDbMaker:INFO  - MAPMT calib=2009 p+p gains from mip calibration
StEEmcDbMaker:INFO  - ped tower & MAPMT=ped, ofl, F11002, from R10178054, p+p 200 GeV 2009, Justin
StEEmcDbMaker:INFO  - status tower & MAPMT=mask, ofl, F11002, from R10178054, p+p 200 GeV 2009, Justin
StEEmcDbMaker:INFO  -   conf ADC map for sector=5
StEEmcDbMaker:INFO  - mapping=05P1 map SEV-xml, JB
StEEmcDbMaker:INFO  - tower calib=2009 p+p gains from mip calibration
StEEmcDbMaker:INFO  - PMT names=to fix 5A,B,D,E harness error,JB
StEEmcDbMaker:INFO  - MAPMT calib=2009 p+p gains from mip calibration
StEEmcDbMaker:INFO  - ped tower & MAPMT=ped, ofl, F11002, from R10178054, p+p 200 GeV 2009, Justin
StEEmcDbMaker:INFO  - status tower & MAPMT=mask, ofl, F11002, from R10178054, p+p 200 GeV 2009, Justin
StEEmcDbMaker:INFO  -   conf ADC map for sector=6
StEEmcDbMaker:INFO  - mapping=06P1 map SEV-xml, JB
StEEmcDbMaker:INFO  - tower calib=2009 p+p gains from mip calibration
StEEmcDbMaker:INFO  - PMT names=1:1, JB
StEEmcDbMaker:INFO  - MAPMT calib=2009 p+p gains from mip calibration
StEEmcDbMaker:INFO  - ped tower & MAPMT=ped, ofl, F11002, from R10178054, p+p 200 GeV 2009, Justin
StEEmcDbMaker:INFO  - status tower & MAPMT=mask, ofl, F11002, from R10178054, p+p 200 GeV 2009, Justin
StEEmcDbMaker:INFO  -   conf ADC map for sector=7
StEEmcDbMaker:INFO  - mapping=07P1 map SEV-xml + inv 07QBnn , JB
StEEmcDbMaker:INFO  - tower calib=2009 p+p gains from mip calibration
StEEmcDbMaker:INFO  - PMT names=1:1, JB
StEEmcDbMaker:INFO  - MAPMT calib=2009 p+p gains from mip calibration
StEEmcDbMaker:INFO  - ped tower & MAPMT=ped, ofl, F11002, from R10178054, p+p 200 GeV 2009, Justin
StEEmcDbMaker:INFO  - status tower & MAPMT=mask, ofl, F11002, from R10178054, p+p 200 GeV 2009, Justin
StEEmcDbMaker:INFO  -   conf ADC map for sector=8
StEEmcDbMaker:INFO  - mapping=swap V209:216, V216-280, V265:272, Bob
StEEmcDbMaker:INFO  - tower calib=2009 p+p gains from mip calibration
StEEmcDbMaker:INFO  - PMT names=1:1, JB
StEEmcDbMaker:INFO  - MAPMT calib=2009 p+p gains from mip calibration
StEEmcDbMaker:INFO  - ped tower & MAPMT=ped, ofl, F11002, from R10178054, p+p 200 GeV 2009, Justin
StEEmcDbMaker:INFO  - status tower & MAPMT=mask, ofl, F11002, from R10178054, p+p 200 GeV 2009, Justin
StEEmcDbMaker:INFO  -   conf ADC map for sector=9
StEEmcDbMaker:INFO  - mapping=09S1 rot,  09P1 as in sect=5, LED OK 2004,  JB
StEEmcDbMaker:INFO  - tower calib=2009 p+p gains from mip calibration
StEEmcDbMaker:INFO  - PMT names=oryginal 1:1, JB
StEEmcDbMaker:INFO  - MAPMT calib=2009 p+p gains from mip calibration
StEEmcDbMaker:INFO  - ped tower & MAPMT=ped, ofl, F11002, from R10178054, p+p 200 GeV 2009, Justin
StEEmcDbMaker:INFO  - status tower & MAPMT=mask, ofl, F11002, from R10178054, p+p 200 GeV 2009, Justin
StEEmcDbMaker:INFO  -   conf ADC map for sector=10
StEEmcDbMaker:INFO  - mapping=swap 10TD04 with 10TD06, Ting and Mike
StEEmcDbMaker:INFO  - tower calib=2009 p+p gains from mip calibration
StEEmcDbMaker:INFO  - PMT names=oryginal 1:1, JB
StEEmcDbMaker:INFO  - MAPMT calib=2009 p+p gains from mip calibration
StEEmcDbMaker:INFO  - ped tower & MAPMT=ped, ofl, F11002, from R10178054, p+p 200 GeV 2009, Justin
StEEmcDbMaker:INFO  - status tower & MAPMT=mask, ofl, F11002, from R10178054, p+p 200 GeV 2009, Justin
StEEmcDbMaker:INFO  -   conf ADC map for sector=11
StEEmcDbMaker:INFO  - mapping=11S1 rotated,  11P1 as in sect=5, LED OK 2004,  JB
StEEmcDbMaker:INFO  - tower calib=2009 p+p gains from mip calibration
StEEmcDbMaker:INFO  - PMT names=oryginal 1:1, JB
StEEmcDbMaker:INFO  - MAPMT calib=2009 p+p gains from mip calibration
StEEmcDbMaker:INFO  - ped tower & MAPMT=ped, ofl, F11002, from R10178054, p+p 200 GeV 2009, Justin
StEEmcDbMaker:INFO  - status tower & MAPMT=mask, ofl, F11002, from R10178054, p+p 200 GeV 2009, Justin
StEEmcDbMaker:INFO  -   conf ADC map for sector=12
StEEmcDbMaker:INFO  - mapping=12S1 rotated,  12P1 as in sect=5, LED OK 2004,  JB
StEEmcDbMaker:INFO  - tower calib=2009 p+p gains from mip calibration
StEEmcDbMaker:INFO  - PMT names=oryginal 1:1, JB
StEEmcDbMaker:INFO  - MAPMT calib=2009 p+p gains from mip calibration
StEEmcDbMaker:INFO  - ped tower & MAPMT=ped, ofl, F11002, from R10178054, p+p 200 GeV 2009, Justin
StEEmcDbMaker:INFO  - status tower & MAPMT=mask, ofl, F11002, from R10178054, p+p 200 GeV 2009, Justin
StEEmcDbMaker:INFO  -    mOptimizeFibers() map found for nFiber=54
StEEmcDbMaker:INFO  - DbCrate: crT1 crID=  1 crIDswitch=  1 fiber=0 nCh=128 nHead=4 type=T useIt=1
StEEmcDbMaker:INFO  - DbCrate: crT2 crID=  2 crIDswitch=  2 fiber=1 nCh=128 nHead=4 type=T useIt=1
StEEmcDbMaker:INFO  - DbCrate: crT3 crID=  3 crIDswitch=  3 fiber=2 nCh=128 nHead=4 type=T useIt=1
StEEmcDbMaker:INFO  - DbCrate: crT4 crID=  4 crIDswitch=  4 fiber=3 nCh=128 nHead=4 type=T useIt=1
StEEmcDbMaker:INFO  - DbCrate: crT5 crID=  5 crIDswitch=  5 fiber=4 nCh=128 nHead=4 type=T useIt=1
StEEmcDbMaker:INFO  - DbCrate: crT6 crID=  6 crIDswitch=  6 fiber=5 nCh=128 nHead=4 type=T useIt=1
StEEmcDbMaker:INFO  - DbCrate: 12S1 crID= 64 crIDswitch= 64 fiber=0 nCh=192 nHead=4 type=S useIt=1
StEEmcDbMaker:INFO  - DbCrate: 12S2 crID= 65 crIDswitch= 65 fiber=1 nCh=192 nHead=4 type=S useIt=1
StEEmcDbMaker:INFO  - DbCrate: 12S3 crID= 66 crIDswitch= 66 fiber=2 nCh=192 nHead=4 type=S useIt=1
StEEmcDbMaker:INFO  - DbCrate: 12P1 crID= 67 crIDswitch= 67 fiber=3 nCh=192 nHead=4 type=S useIt=1
StEEmcDbMaker:INFO  - DbCrate: 01S1 crID= 68 crIDswitch= 68 fiber=4 nCh=192 nHead=4 type=S useIt=1
StEEmcDbMaker:INFO  - DbCrate: 01S2 crID= 69 crIDswitch= 69 fiber=5 nCh=192 nHead=4 type=S useIt=1
StEEmcDbMaker:INFO  - DbCrate: 01S3 crID= 70 crIDswitch= 70 fiber=6 nCh=192 nHead=4 type=S useIt=1
StEEmcDbMaker:INFO  - DbCrate: 01P1 crID= 71 crIDswitch= 71 fiber=7 nCh=192 nHead=4 type=S useIt=1
StEEmcDbMaker:INFO  - DbCrate: 02S1 crID= 72 crIDswitch= 72 fiber=8 nCh=192 nHead=4 type=S useIt=1
StEEmcDbMaker:INFO  - DbCrate: 02S2 crID= 73 crIDswitch= 73 fiber=9 nCh=192 nHead=4 type=S useIt=1
StEEmcDbMaker:INFO  - DbCrate: 02S3 crID= 74 crIDswitch= 74 fiber=10 nCh=192 nHead=4 type=S useIt=1
StEEmcDbMaker:INFO  - DbCrate: 02P1 crID= 75 crIDswitch= 75 fiber=11 nCh=192 nHead=4 type=S useIt=1
StEEmcDbMaker:INFO  - DbCrate: 03S1 crID= 76 crIDswitch= 76 fiber=12 nCh=192 nHead=4 type=S useIt=1
StEEmcDbMaker:INFO  - DbCrate: 03S2 crID= 77 crIDswitch= 77 fiber=13 nCh=192 nHead=4 type=S useIt=1
StEEmcDbMaker:INFO  - DbCrate: 03S3 crID= 78 crIDswitch= 78 fiber=14 nCh=192 nHead=4 type=S useIt=1
StEEmcDbMaker:INFO  - DbCrate: 03P1 crID= 79 crIDswitch= 79 fiber=15 nCh=192 nHead=4 type=S useIt=1
StEEmcDbMaker:INFO  - DbCrate: 04S1 crID= 80 crIDswitch= 80 fiber=16 nCh=192 nHead=4 type=S useIt=1
StEEmcDbMaker:INFO  - DbCrate: 04S2 crID= 81 crIDswitch= 81 fiber=17 nCh=192 nHead=4 type=S useIt=1
StEEmcDbMaker:INFO  - DbCrate: 04S3 crID= 82 crIDswitch= 82 fiber=18 nCh=192 nHead=4 type=S useIt=1
StEEmcDbMaker:INFO  - DbCrate: 04P1 crID= 83 crIDswitch= 83 fiber=19 nCh=192 nHead=4 type=S useIt=1
StEEmcDbMaker:INFO  - DbCrate: 05S1 crID= 84 crIDswitch= 84 fiber=20 nCh=192 nHead=4 type=S useIt=1
StEEmcDbMaker:INFO  - DbCrate: 05S2 crID= 85 crIDswitch= 85 fiber=21 nCh=192 nHead=4 type=S useIt=1
StEEmcDbMaker:INFO  - DbCrate: 05S3 crID= 86 crIDswitch= 86 fiber=22 nCh=192 nHead=4 type=S useIt=1
StEEmcDbMaker:INFO  - DbCrate: 05P1 crID= 87 crIDswitch= 87 fiber=23 nCh=192 nHead=4 type=S useIt=1
StEEmcDbMaker:INFO  - DbCrate: 06S1 crID= 88 crIDswitch= 88 fiber=24 nCh=192 nHead=4 type=S useIt=1
StEEmcDbMaker:INFO  - DbCrate: 06S2 crID= 89 crIDswitch= 89 fiber=25 nCh=192 nHead=4 type=S useIt=1
StEEmcDbMaker:INFO  - DbCrate: 06S3 crID= 90 crIDswitch= 90 fiber=26 nCh=192 nHead=4 type=S useIt=1
StEEmcDbMaker:INFO  - DbCrate: 06P1 crID= 91 crIDswitch= 91 fiber=27 nCh=192 nHead=4 type=S useIt=1
StEEmcDbMaker:INFO  - DbCrate: 07S1 crID= 92 crIDswitch= 92 fiber=28 nCh=192 nHead=4 type=S useIt=1
StEEmcDbMaker:INFO  - DbCrate: 07S2 crID= 93 crIDswitch= 93 fiber=29 nCh=192 nHead=4 type=S useIt=1
StEEmcDbMaker:INFO  - DbCrate: 07S3 crID= 94 crIDswitch= 94 fiber=30 nCh=192 nHead=4 type=S useIt=1
StEEmcDbMaker:INFO  - DbCrate: 07P1 crID= 95 crIDswitch= 95 fiber=31 nCh=192 nHead=4 type=S useIt=1
StEEmcDbMaker:INFO  - DbCrate: 08S1 crID= 96 crIDswitch= 96 fiber=32 nCh=192 nHead=4 type=S useIt=1
StEEmcDbMaker:INFO  - DbCrate: 08S2 crID= 97 crIDswitch= 97 fiber=33 nCh=192 nHead=4 type=S useIt=1
StEEmcDbMaker:INFO  - DbCrate: 08S3 crID= 98 crIDswitch= 98 fiber=34 nCh=192 nHead=4 type=S useIt=1
StEEmcDbMaker:INFO  - DbCrate: 08P1 crID= 99 crIDswitch= 99 fiber=35 nCh=192 nHead=4 type=S useIt=1
StEEmcDbMaker:INFO  - DbCrate: 09S1 crID=100 crIDswitch=100 fiber=36 nCh=192 nHead=4 type=S useIt=1
StEEmcDbMaker:INFO  - DbCrate: 09S2 crID=101 crIDswitch=101 fiber=37 nCh=192 nHead=4 type=S useIt=1
StEEmcDbMaker:INFO  - DbCrate: 09S3 crID=102 crIDswitch=102 fiber=38 nCh=192 nHead=4 type=S useIt=1
StEEmcDbMaker:INFO  - DbCrate: 09P1 crID=103 crIDswitch=103 fiber=39 nCh=192 nHead=4 type=S useIt=1
StEEmcDbMaker:INFO  - DbCrate: 10S1 crID=104 crIDswitch=104 fiber=40 nCh=192 nHead=4 type=S useIt=1
StEEmcDbMaker:INFO  - DbCrate: 10S2 crID=105 crIDswitch=105 fiber=41 nCh=192 nHead=4 type=S useIt=1
StEEmcDbMaker:INFO  - DbCrate: 10S3 crID=106 crIDswitch=106 fiber=42 nCh=192 nHead=4 type=S useIt=1
StEEmcDbMaker:INFO  - DbCrate: 10P1 crID=107 crIDswitch=107 fiber=43 nCh=192 nHead=4 type=S useIt=1
StEEmcDbMaker:INFO  - DbCrate: 11S1 crID=108 crIDswitch=108 fiber=44 nCh=192 nHead=4 type=S useIt=1
StEEmcDbMaker:INFO  - DbCrate: 11S2 crID=109 crIDswitch=109 fiber=45 nCh=192 nHead=4 type=S useIt=1
StEEmcDbMaker:INFO  - DbCrate: 11S3 crID=110 crIDswitch=110 fiber=46 nCh=192 nHead=4 type=S useIt=1
StEEmcDbMaker:INFO  - DbCrate: 11P1 crID=111 crIDswitch=111 fiber=47 nCh=192 nHead=4 type=S useIt=1
StEEmcDbMaker:INFO  - ::loadTables  Found 73 EEMC related tables 
StPythiaFourPMaker:INFO  - TVector3::PseudoRapidity : transvers momentum = 0! return +/- 10e10
StPythiaFourPMaker:INFO  - TVector3::PseudoRapidity : transvers momentum = 0! return +/- 10e10
StMCAsymMaker:WARN  - No StMcEvent
StMCAsymMaker:INFO  - *** StMCAsymMaker::Make() == StWarn(1) ***
StJetMaker2012:INFO  - TVector3::PseudoRapidity : transvers momentum = 0! return +/- 10e10
StJetMaker2012:INFO  - TVector3::PseudoRapidity : transvers momentum = 0! return +/- 10e10
StJetMaker2012:INFO  - TVector3::PseudoRapidity : transvers momentum = 0! return +/- 10e10
StJetMaker2012:INFO  - TVector3::PseudoRapidity : transvers momentum = 0! return +/- 10e10
StJetMaker2012:INFO  - TVector3::PseudoRapidity : transvers momentum = 0! return +/- 10e10
StJetMaker2012:INFO  - TVector3::PseudoRapidity : transvers momentum = 0! return +/- 10e10
StJetMaker2012:INFO  - TVector3::PseudoRapidity : transvers momentum = 0! return +/- 10e10
StJetMaker2012:INFO  - TVector3::PseudoRapidity : transvers momentum = 0! return +/- 10e10
StJetMaker2012:INFO  - TVector3::PseudoRapidity : transvers momentum = 0! return +/- 10e10
StJetMaker2012:INFO  - TVector3::PseudoRapidity : transvers momentum = 0! return +/- 10e10
StJetMaker2012:INFO  - TVector3::PseudoRapidity : transvers momentum = 0! return +/- 10e10
StJetMaker2012:INFO  - TVector3::PseudoRapidity : transvers momentum = 0! return +/- 10e10
StJetMaker2012:INFO  - TVector3::PseudoRapidity : transvers momentum = 0! return +/- 10e10
StJetMaker2012:INFO  - TVector3::PseudoRapidity : transvers momentum = 0! return +/- 10e10
StJetMaker2012:INFO  - TVector3::PseudoRapidity : transvers momentum = 0! return +/- 10e10
StJetMaker2012:INFO  - TVector3::PseudoRapidity : transvers momentum = 0! return +/- 10e10
StJetMaker2012:INFO  - TVector3::PseudoRapidity : transvers momentum = 0! return +/- 10e10
StJetMaker2012:INFO  - TVector3::PseudoRapidity : transvers momentum = 0! return +/- 10e10
StJetMaker2012:INFO  - TVector3::PseudoRapidity : transvers momentum = 0! return +/- 10e10
StJetMaker2012:INFO  - TVector3::PseudoRapidity : transvers momentum = 0! return +/- 10e10
QA :INFO  - QAInfo: Done with Event [no. 2/run 0/evt. 2/Date.Time 20090628.53220/sta 0] Real Time =       0.32 seconds Cpu Time =        0.32 seconds
QA :INFO  - QAInfo: Cpu Times: user / system / user children / system children =     0.32 /     0.00 /     0.00 /     0.00 seconds (tick =   100.00, cps = 1000000)
QA :INFO  - QAInfo: Cpu Times: all threads =     0.316222070 seconds
StPythiaFourPMaker:INFO  - TVector3::PseudoRapidity : transvers momentum = 0! return +/- 10e10
StPythiaFourPMaker:INFO  - TVector3::PseudoRapidity : transvers momentum = 0! return +/- 10e10
StMCAsymMaker:WARN  - No StMcEvent
StMCAsymMaker:INFO  - *** StMCAsymMaker::Make() == StWarn(1) ***
StJetMaker2012:INFO  - TVector3::PseudoRapidity : transvers momentum = 0! return +/- 10e10
StJetMaker2012:INFO  - TVector3::PseudoRapidity : transvers momentum = 0! return +/- 10e10
StJetMaker2012:INFO  - TVector3::PseudoRapidity : transvers momentum = 0! return +/- 10e10
StJetMaker2012:INFO  - TVector3::PseudoRapidity : transvers momentum = 0! return +/- 10e10
StJetMaker2012:INFO  - TVector3::PseudoRapidity : transvers momentum = 0! return +/- 10e10
StJetMaker2012:INFO  - TVector3::PseudoRapidity : transvers momentum = 0! return +/- 10e10
StJetMaker2012:INFO  - TVector3::PseudoRapidity : transvers momentum = 0! return +/- 10e10
StJetMaker2012:INFO  - TVector3::PseudoRapidity : transvers momentum = 0! return +/- 10e10
StJetMaker2012:INFO  - TVector3::PseudoRapidity : transvers momentum = 0! return +/- 10e10
StJetMaker2012:INFO  - TVector3::PseudoRapidity : transvers momentum = 0! return +/- 10e10
StJetMaker2012:INFO  - TVector3::PseudoRapidity : transvers momentum = 0! return +/- 10e10
StJetMaker2012:INFO  - TVector3::PseudoRapidity : transvers momentum = 0! return +/- 10e10
StJetMaker2012:INFO  - TVector3::PseudoRapidity : transvers momentum = 0! return +/- 10e10
StJetMaker2012:INFO  - TVector3::PseudoRapidity : transvers momentum = 0! return +/- 10e10
StJetMaker2012:INFO  - TVector3::PseudoRapidity : transvers momentum = 0! return +/- 10e10
StJetMaker2012:INFO  - TVector3::PseudoRapidity : transvers momentum = 0! return +/- 10e10
StJetMaker2012:INFO  - TVector3::PseudoRapidity : transvers momentum = 0! return +/- 10e10
StJetMaker2012:INFO  - TVector3::PseudoRapidity : transvers momentum = 0! return +/- 10e10
StJetMaker2012:INFO  - TVector3::PseudoRapidity : transvers momentum = 0! return +/- 10e10
StJetMaker2012:INFO  - TVector3::PseudoRapidity : transvers momentum = 0! return +/- 10e10
QA :INFO  - QAInfo: Done with Event [no. 3/run 0/evt. 3/Date.Time 20090628.53220/sta 0] Real Time =       0.03 seconds Cpu Time =        0.02 seconds
QA :INFO  - QAInfo: Cpu Times: user / system / user children / system children =     0.02 /     0.00 /     0.00 /     0.00 seconds (tick =   100.00, cps = 1000000)
QA :INFO  - QAInfo: Cpu Times: all threads =     0.028014480 seconds
StPythiaFourPMaker:INFO  - TVector3::PseudoRapidity : transvers momentum = 0! return +/- 10e10
StPythiaFourPMaker:INFO  - TVector3::PseudoRapidity : transvers momentum = 0! return +/- 10e10
StMCAsymMaker:WARN  - No StMcEvent
StMCAsymMaker:INFO  - *** StMCAsymMaker::Make() == StWarn(1) ***
StJetMaker2012:INFO  - TVector3::PseudoRapidity : transvers momentum = 0! return +/- 10e10
StJetMaker2012:INFO  - TVector3::PseudoRapidity : transvers momentum = 0! return +/- 10e10
StJetMaker2012:INFO  - TVector3::PseudoRapidity : transvers momentum = 0! return +/- 10e10
StJetMaker2012:INFO  - TVector3::PseudoRapidity : transvers momentum = 0! return +/- 10e10
StJetMaker2012:INFO  - TVector3::PseudoRapidity : transvers momentum = 0! return +/- 10e10
StJetMaker2012:INFO  - TVector3::PseudoRapidity : transvers momentum = 0! return +/- 10e10
StJetMaker2012:INFO  - TVector3::PseudoRapidity : transvers momentum = 0! return +/- 10e10
StJetMaker2012:INFO  - TVector3::PseudoRapidity : transvers momentum = 0! return +/- 10e10
StJetMaker2012:INFO  - TVector3::PseudoRapidity : transvers momentum = 0! return +/- 10e10
StJetMaker2012:INFO  - TVector3::PseudoRapidity : transvers momentum = 0! return +/- 10e10
StJetMaker2012:INFO  - TVector3::PseudoRapidity : transvers momentum = 0! return +/- 10e10
StJetMaker2012:INFO  - TVector3::PseudoRapidity : transvers momentum = 0! return +/- 10e10
StJetMaker2012:INFO  - TVector3::PseudoRapidity : transvers momentum = 0! return +/- 10e10
StJetMaker2012:INFO  - TVector3::PseudoRapidity : transvers momentum = 0! return +/- 10e10
StJetMaker2012:INFO  - TVector3::PseudoRapidity : transvers momentum = 0! return +/- 10e10
StJetMaker2012:INFO  - TVector3::PseudoRapidity : transvers momentum = 0! return +/- 10e10
StJetMaker2012:INFO  - TVector3::PseudoRapidity : transvers momentum = 0! return +/- 10e10
StJetMaker2012:INFO  - TVector3::PseudoRapidity : transvers momentum = 0! return +/- 10e10
StJetMaker2012:INFO  - TVector3::PseudoRapidity : transvers momentum = 0! return +/- 10e10
StJetMaker2012:INFO  - TVector3::PseudoRapidity : transvers momentum = 0! return +/- 10e10
QA :INFO  - QAInfo: Done with Event [no. 4/run 0/evt. 4/Date.Time 20090628.53220/sta 0] Real Time =       0.02 seconds Cpu Time =        0.02 seconds
QA :INFO  - QAInfo: Cpu Times: user / system / user children / system children =     0.02 /     0.00 /     0.00 /     0.00 seconds (tick =   100.00, cps = 1000000)
QA :INFO  - QAInfo: Cpu Times: all threads =     0.022873740 seconds
StPythiaFourPMaker:INFO  - TVector3::PseudoRapidity : transvers momentum = 0! return +/- 10e10
StPythiaFourPMaker:INFO  - TVector3::PseudoRapidity : transvers momentum = 0! return +/- 10e10
StMCAsymMaker:WARN  - No StMcEvent
StMCAsymMaker:INFO  - *** StMCAsymMaker::Make() == StWarn(1) ***
StJetMaker2012:INFO  - TVector3::PseudoRapidity : transvers momentum = 0! return +/- 10e10
StJetMaker2012:INFO  - TVector3::PseudoRapidity : transvers momentum = 0! return +/- 10e10
StJetMaker2012:INFO  - TVector3::PseudoRapidity : transvers momentum = 0! return +/- 10e10
StJetMaker2012:INFO  - TVector3::PseudoRapidity : transvers momentum = 0! return +/- 10e10
StJetMaker2012:INFO  - TVector3::PseudoRapidity : transvers momentum = 0! return +/- 10e10
StJetMaker2012:INFO  - TVector3::PseudoRapidity : transvers momentum = 0! return +/- 10e10
StJetMaker2012:INFO  - TVector3::PseudoRapidity : transvers momentum = 0! return +/- 10e10
StJetMaker2012:INFO  - TVector3::PseudoRapidity : transvers momentum = 0! return +/- 10e10
StJetMaker2012:INFO  - TVector3::PseudoRapidity : transvers momentum = 0! return +/- 10e10
StJetMaker2012:INFO  - TVector3::PseudoRapidity : transvers momentum = 0! return +/- 10e10
StJetMaker2012:INFO  - TVector3::PseudoRapidity : transvers momentum = 0! return +/- 10e10
StJetMaker2012:INFO  - TVector3::PseudoRapidity : transvers momentum = 0! return +/- 10e10
StJetMaker2012:INFO  - TVector3::PseudoRapidity : transvers momentum = 0! return +/- 10e10
StJetMaker2012:INFO  - TVector3::PseudoRapidity : transvers momentum = 0! return +/- 10e10
StJetMaker2012:INFO  - TVector3::PseudoRapidity : transvers momentum = 0! return +/- 10e10
StJetMaker2012:INFO  - TVector3::PseudoRapidity : transvers momentum = 0! return +/- 10e10
StJetMaker2012:INFO  - TVector3::PseudoRapidity : transvers momentum = 0! return +/- 10e10
StJetMaker2012:INFO  - TVector3::PseudoRapidity : transvers momentum = 0! return +/- 10e10
StJetMaker2012:INFO  - TVector3::PseudoRapidity : transvers momentum = 0! return +/- 10e10
StJetMaker2012:INFO  - TVector3::PseudoRapidity : transvers momentum = 0! return +/- 10e10
QA :INFO  - QAInfo: Done with Event [no. 5/run 0/evt. 5/Date.Time 20090628.53220/sta 0] Real Time =       0.03 seconds Cpu Time =        0.02 seconds
QA :INFO  - QAInfo: Cpu Times: user / system / user children / system children =     0.02 /     0.00 /     0.00 /     0.00 seconds (tick =   100.00, cps = 1000000)
QA :INFO  - QAInfo: Cpu Times: all threads =     0.025658910 seconds
StPythiaFourPMaker:INFO  - TVector3::PseudoRapidity : transvers momentum = 0! return +/- 10e10
StPythiaFourPMaker:INFO  - TVector3::PseudoRapidity : transvers momentum = 0! return +/- 10e10
StMCAsymMaker:WARN  - No StMcEvent
StMCAsymMaker:INFO  - *** StMCAsymMaker::Make() == StWarn(1) ***
StJetMaker2012:INFO  - TVector3::PseudoRapidity : transvers momentum = 0! return +/- 10e10
StJetMaker2012:INFO  - TVector3::PseudoRapidity : transvers momentum = 0! return +/- 10e10
StJetMaker2012:INFO  - TVector3::PseudoRapidity : transvers momentum = 0! return +/- 10e10
StJetMaker2012:INFO  - TVector3::PseudoRapidity : transvers momentum = 0! return +/- 10e10
StJetMaker2012:INFO  - TVector3::PseudoRapidity : transvers momentum = 0! return +/- 10e10
StJetMaker2012:INFO  - TVector3::PseudoRapidity : transvers momentum = 0! return +/- 10e10
StJetMaker2012:INFO  - TVector3::PseudoRapidity : transvers momentum = 0! return +/- 10e10
StJetMaker2012:INFO  - TVector3::PseudoRapidity : transvers momentum = 0! return +/- 10e10
StJetMaker2012:INFO  - TVector3::PseudoRapidity : transvers momentum = 0! return +/- 10e10
StJetMaker2012:INFO  - TVector3::PseudoRapidity : transvers momentum = 0! return +/- 10e10
StJetMaker2012:INFO  - TVector3::PseudoRapidity : transvers momentum = 0! return +/- 10e10
StJetMaker2012:INFO  - TVector3::PseudoRapidity : transvers momentum = 0! return +/- 10e10
StJetMaker2012:INFO  - TVector3::PseudoRapidity : transvers momentum = 0! return +/- 10e10
StJetMaker2012:INFO  - TVector3::PseudoRapidity : transvers momentum = 0! return +/- 10e10
StJetMaker2012:INFO  - TVector3::PseudoRapidity : transvers momentum = 0! return +/- 10e10
StJetMaker2012:INFO  - TVector3::PseudoRapidity : transvers momentum = 0! return +/- 10e10
StJetMaker2012:INFO  - TVector3::PseudoRapidity : transvers momentum = 0! return +/- 10e10
StJetMaker2012:INFO  - TVector3::PseudoRapidity : transvers momentum = 0! return +/- 10e10
StJetMaker2012:INFO  - TVector3::PseudoRapidity : transvers momentum = 0! return +/- 10e10
StJetMaker2012:INFO  - TVector3::PseudoRapidity : transvers momentum = 0! return +/- 10e10
QA :INFO  - QAInfo: Done with Event [no. 6/run 0/evt. 6/Date.Time 20090628.53220/sta 0] Real Time =       0.02 seconds Cpu Time =        0.03 seconds
QA :INFO  - QAInfo: Cpu Times: user / system / user children / system children =     0.03 /     0.00 /     0.00 /     0.00 seconds (tick =   100.00, cps = 1000000)
QA :INFO  - QAInfo: Cpu Times: all threads =     0.021900790 seconds
StPythiaFourPMaker:INFO  - TVector3::PseudoRapidity : transvers momentum = 0! return +/- 10e10
StPythiaFourPMaker:INFO  - TVector3::PseudoRapidity : transvers momentum = 0! return +/- 10e10
StMCAsymMaker:WARN  - No StMcEvent
StMCAsymMaker:INFO  - *** StMCAsymMaker::Make() == StWarn(1) ***
StJetMaker2012:INFO  - TVector3::PseudoRapidity : transvers momentum = 0! return +/- 10e10
StJetMaker2012:INFO  - TVector3::PseudoRapidity : transvers momentum = 0! return +/- 10e10
StJetMaker2012:INFO  - TVector3::PseudoRapidity : transvers momentum = 0! return +/- 10e10
StJetMaker2012:INFO  - TVector3::PseudoRapidity : transvers momentum = 0! return +/- 10e10
StJetMaker2012:INFO  - TVector3::PseudoRapidity : transvers momentum = 0! return +/- 10e10
StJetMaker2012:INFO  - TVector3::PseudoRapidity : transvers momentum = 0! return +/- 10e10
StJetMaker2012:INFO  - TVector3::PseudoRapidity : transvers momentum = 0! return +/- 10e10
StJetMaker2012:INFO  - TVector3::PseudoRapidity : transvers momentum = 0! return +/- 10e10
StJetMaker2012:INFO  - TVector3::PseudoRapidity : transvers momentum = 0! return +/- 10e10
StJetMaker2012:INFO  - TVector3::PseudoRapidity : transvers momentum = 0! return +/- 10e10
StJetMaker2012:INFO  - TVector3::PseudoRapidity : transvers momentum = 0! return +/- 10e10
StJetMaker2012:INFO  - TVector3::PseudoRapidity : transvers momentum = 0! return +/- 10e10
StJetMaker2012:INFO  - TVector3::PseudoRapidity : transvers momentum = 0! return +/- 10e10
StJetMaker2012:INFO  - TVector3::PseudoRapidity : transvers momentum = 0! return +/- 10e10
StJetMaker2012:INFO  - TVector3::PseudoRapidity : transvers momentum = 0! return +/- 10e10
StJetMaker2012:INFO  - TVector3::PseudoRapidity : transvers momentum = 0! return +/- 10e10
StJetMaker2012:INFO  - TVector3::PseudoRapidity : transvers momentum = 0! return +/- 10e10
StJetMaker2012:INFO  - TVector3::PseudoRapidity : transvers momentum = 0! return +/- 10e10
StJetMaker2012:INFO  - TVector3::PseudoRapidity : transvers momentum = 0! return +/- 10e10
StJetMaker2012:INFO  - TVector3::PseudoRapidity : transvers momentum = 0! return +/- 10e10
QA :INFO  - QAInfo: Done with Event [no. 7/run 0/evt. 7/Date.Time 20090628.53220/sta 0] Real Time =       0.03 seconds Cpu Time =        0.02 seconds
QA :INFO  - QAInfo: Cpu Times: user / system / user children / system children =     0.02 /     0.00 /     0.00 /     0.00 seconds (tick =   100.00, cps = 1000000)
QA :INFO  - QAInfo: Cpu Times: all threads =     0.026945580 seconds
StPythiaFourPMaker:INFO  - TVector3::PseudoRapidity : transvers momentum = 0! return +/- 10e10
StPythiaFourPMaker:INFO  - TVector3::PseudoRapidity : transvers momentum = 0! return +/- 10e10
StMCAsymMaker:WARN  - No StMcEvent
StMCAsymMaker:INFO  - *** StMCAsymMaker::Make() == StWarn(1) ***
StJetMaker2012:INFO  - TVector3::PseudoRapidity : transvers momentum = 0! return +/- 10e10
StJetMaker2012:INFO  - TVector3::PseudoRapidity : transvers momentum = 0! return +/- 10e10
StJetMaker2012:INFO  - TVector3::PseudoRapidity : transvers momentum = 0! return +/- 10e10
StJetMaker2012:INFO  - TVector3::PseudoRapidity : transvers momentum = 0! return +/- 10e10
StJetMaker2012:INFO  - TVector3::PseudoRapidity : transvers momentum = 0! return +/- 10e10
StJetMaker2012:INFO  - TVector3::PseudoRapidity : transvers momentum = 0! return +/- 10e10
StJetMaker2012:INFO  - TVector3::PseudoRapidity : transvers momentum = 0! return +/- 10e10
StJetMaker2012:INFO  - TVector3::PseudoRapidity : transvers momentum = 0! return +/- 10e10
StJetMaker2012:INFO  - TVector3::PseudoRapidity : transvers momentum = 0! return +/- 10e10
StJetMaker2012:INFO  - TVector3::PseudoRapidity : transvers momentum = 0! return +/- 10e10
StJetMaker2012:INFO  - TVector3::PseudoRapidity : transvers momentum = 0! return +/- 10e10
StJetMaker2012:INFO  - TVector3::PseudoRapidity : transvers momentum = 0! return +/- 10e10
StJetMaker2012:INFO  - TVector3::PseudoRapidity : transvers momentum = 0! return +/- 10e10
StJetMaker2012:INFO  - TVector3::PseudoRapidity : transvers momentum = 0! return +/- 10e10
StJetMaker2012:INFO  - TVector3::PseudoRapidity : transvers momentum = 0! return +/- 10e10
StJetMaker2012:INFO  - TVector3::PseudoRapidity : transvers momentum = 0! return +/- 10e10
StJetMaker2012:INFO  - TVector3::PseudoRapidity : transvers momentum = 0! return +/- 10e10
StJetMaker2012:INFO  - TVector3::PseudoRapidity : transvers momentum = 0! return +/- 10e10
StJetMaker2012:INFO  - TVector3::PseudoRapidity : transvers momentum = 0! return +/- 10e10
StJetMaker2012:INFO  - TVector3::PseudoRapidity : transvers momentum = 0! return +/- 10e10
QA :INFO  - QAInfo: Done with Event [no. 8/run 0/evt. 8/Date.Time 20090628.53220/sta 0] Real Time =       0.03 seconds Cpu Time =        0.03 seconds
QA :INFO  - QAInfo: Cpu Times: user / system / user children / system children =     0.03 /     0.00 /     0.00 /     0.00 seconds (tick =   100.00, cps = 1000000)
QA :INFO  - QAInfo: Cpu Times: all threads =     0.027231160 seconds
StPythiaFourPMaker:INFO  - TVector3::PseudoRapidity : transvers momentum = 0! return +/- 10e10
StPythiaFourPMaker:INFO  - TVector3::PseudoRapidity : transvers momentum = 0! return +/- 10e10
StMCAsymMaker:WARN  - No StMcEvent
StMCAsymMaker:INFO  - *** StMCAsymMaker::Make() == StWarn(1) ***
StJetMaker2012:INFO  - TVector3::PseudoRapidity : transvers momentum = 0! return +/- 10e10
StJetMaker2012:INFO  - TVector3::PseudoRapidity : transvers momentum = 0! return +/- 10e10
StJetMaker2012:INFO  - TVector3::PseudoRapidity : transvers momentum = 0! return +/- 10e10
StJetMaker2012:INFO  - TVector3::PseudoRapidity : transvers momentum = 0! return +/- 10e10
StJetMaker2012:INFO  - TVector3::PseudoRapidity : transvers momentum = 0! return +/- 10e10
StJetMaker2012:INFO  - TVector3::PseudoRapidity : transvers momentum = 0! return +/- 10e10
StJetMaker2012:INFO  - TVector3::PseudoRapidity : transvers momentum = 0! return +/- 10e10
StJetMaker2012:INFO  - TVector3::PseudoRapidity : transvers momentum = 0! return +/- 10e10
StJetMaker2012:INFO  - TVector3::PseudoRapidity : transvers momentum = 0! return +/- 10e10
StJetMaker2012:INFO  - TVector3::PseudoRapidity : transvers momentum = 0! return +/- 10e10
StJetMaker2012:INFO  - TVector3::PseudoRapidity : transvers momentum = 0! return +/- 10e10
StJetMaker2012:INFO  - TVector3::PseudoRapidity : transvers momentum = 0! return +/- 10e10
StJetMaker2012:INFO  - TVector3::PseudoRapidity : transvers momentum = 0! return +/- 10e10
StJetMaker2012:INFO  - TVector3::PseudoRapidity : transvers momentum = 0! return +/- 10e10
StJetMaker2012:INFO  - TVector3::PseudoRapidity : transvers momentum = 0! return +/- 10e10
StJetMaker2012:INFO  - TVector3::PseudoRapidity : transvers momentum = 0! return +/- 10e10
StJetMaker2012:INFO  - TVector3::PseudoRapidity : transvers momentum = 0! return +/- 10e10
StJetMaker2012:INFO  - TVector3::PseudoRapidity : transvers momentum = 0! return +/- 10e10
StJetMaker2012:INFO  - TVector3::PseudoRapidity : transvers momentum = 0! return +/- 10e10
StJetMaker2012:INFO  - TVector3::PseudoRapidity : transvers momentum = 0! return +/- 10e10
QA :INFO  - QAInfo: Done with Event [no. 9/run 0/evt. 9/Date.Time 20090628.53220/sta 0] Real Time =       0.02 seconds Cpu Time =        0.02 seconds
QA :INFO  - QAInfo: Cpu Times: user / system / user children / system children =     0.02 /     0.00 /     0.00 /     0.00 seconds (tick =   100.00, cps = 1000000)
QA :INFO  - QAInfo: Cpu Times: all threads =     0.022980530 seconds
StPythiaFourPMaker:INFO  - TVector3::PseudoRapidity : transvers momentum = 0! return +/- 10e10
StPythiaFourPMaker:INFO  - TVector3::PseudoRapidity : transvers momentum = 0! return +/- 10e10
StMCAsymMaker:WARN  - No StMcEvent
StMCAsymMaker:INFO  - *** StMCAsymMaker::Make() == StWarn(1) ***
StJetMaker2012:INFO  - TVector3::PseudoRapidity : transvers momentum = 0! return +/- 10e10
StJetMaker2012:INFO  - TVector3::PseudoRapidity : transvers momentum = 0! return +/- 10e10
StJetMaker2012:INFO  - TVector3::PseudoRapidity : transvers momentum = 0! return +/- 10e10
StJetMaker2012:INFO  - TVector3::PseudoRapidity : transvers momentum = 0! return +/- 10e10
StJetMaker2012:INFO  - TVector3::PseudoRapidity : transvers momentum = 0! return +/- 10e10
StJetMaker2012:INFO  - TVector3::PseudoRapidity : transvers momentum = 0! return +/- 10e10
StJetMaker2012:INFO  - TVector3::PseudoRapidity : transvers momentum = 0! return +/- 10e10
StJetMaker2012:INFO  - TVector3::PseudoRapidity : transvers momentum = 0! return +/- 10e10
StJetMaker2012:INFO  - TVector3::PseudoRapidity : transvers momentum = 0! return +/- 10e10
StJetMaker2012:INFO  - TVector3::PseudoRapidity : transvers momentum = 0! return +/- 10e10
StJetMaker2012:INFO  - TVector3::PseudoRapidity : transvers momentum = 0! return +/- 10e10
StJetMaker2012:INFO  - TVector3::PseudoRapidity : transvers momentum = 0! return +/- 10e10
StJetMaker2012:INFO  - TVector3::PseudoRapidity : transvers momentum = 0! return +/- 10e10
StJetMaker2012:INFO  - TVector3::PseudoRapidity : transvers momentum = 0! return +/- 10e10
StJetMaker2012:INFO  - TVector3::PseudoRapidity : transvers momentum = 0! return +/- 10e10
StJetMaker2012:INFO  - TVector3::PseudoRapidity : transvers momentum = 0! return +/- 10e10
StJetMaker2012:INFO  - TVector3::PseudoRapidity : transvers momentum = 0! return +/- 10e10
StJetMaker2012:INFO  - TVector3::PseudoRapidity : transvers momentum = 0! return +/- 10e10
StJetMaker2012:INFO  - TVector3::PseudoRapidity : transvers momentum = 0! return +/- 10e10
StJetMaker2012:INFO  - TVector3::PseudoRapidity : transvers momentum = 0! return +/- 10e10
QA :INFO  - QAInfo: Done with Event [no. 10/run 0/evt. 10/Date.Time 20090628.53220/sta 0] Real Time =       0.02 seconds Cpu Time =        0.02 seconds
QA :INFO  - QAInfo: Cpu Times: user / system / user children / system children =     0.02 /     0.00 /     0.00 /     0.00 seconds (tick =   100.00, cps = 1000000)
QA :INFO  - QAInfo: Cpu Times: all threads =     0.021720800 seconds
StPythiaFourPMaker:INFO  - TVector3::PseudoRapidity : transvers momentum = 0! return +/- 10e10
StPythiaFourPMaker:INFO  - TVector3::PseudoRapidity : transvers momentum = 0! return +/- 10e10
StMCAsymMaker:WARN  - No StMcEvent
StMCAsymMaker:INFO  - *** StMCAsymMaker::Make() == StWarn(1) ***
StJetMaker2012:INFO  - TVector3::PseudoRapidity : transvers momentum = 0! return +/- 10e10
StJetMaker2012:INFO  - TVector3::PseudoRapidity : transvers momentum = 0! return +/- 10e10
StJetMaker2012:INFO  - TVector3::PseudoRapidity : transvers momentum = 0! return +/- 10e10
StJetMaker2012:INFO  - TVector3::PseudoRapidity : transvers momentum = 0! return +/- 10e10
StJetMaker2012:INFO  - TVector3::PseudoRapidity : transvers momentum = 0! return +/- 10e10
StJetMaker2012:INFO  - TVector3::PseudoRapidity : transvers momentum = 0! return +/- 10e10
StJetMaker2012:INFO  - TVector3::PseudoRapidity : transvers momentum = 0! return +/- 10e10
StJetMaker2012:INFO  - TVector3::PseudoRapidity : transvers momentum = 0! return +/- 10e10
StJetMaker2012:INFO  - TVector3::PseudoRapidity : transvers momentum = 0! return +/- 10e10
StJetMaker2012:INFO  - TVector3::PseudoRapidity : transvers momentum = 0! return +/- 10e10
StJetMaker2012:INFO  - TVector3::PseudoRapidity : transvers momentum = 0! return +/- 10e10
StJetMaker2012:INFO  - TVector3::PseudoRapidity : transvers momentum = 0! return +/- 10e10
StJetMaker2012:INFO  - TVector3::PseudoRapidity : transvers momentum = 0! return +/- 10e10
StJetMaker2012:INFO  - TVector3::PseudoRapidity : transvers momentum = 0! return +/- 10e10
StJetMaker2012:INFO  - TVector3::PseudoRapidity : transvers momentum = 0! return +/- 10e10
StJetMaker2012:INFO  - TVector3::PseudoRapidity : transvers momentum = 0! return +/- 10e10
StJetMaker2012:INFO  - TVector3::PseudoRapidity : transvers momentum = 0! return +/- 10e10
StJetMaker2012:INFO  - TVector3::PseudoRapidity : transvers momentum = 0! return +/- 10e10
StJetMaker2012:INFO  - TVector3::PseudoRapidity : transvers momentum = 0! return +/- 10e10
StJetMaker2012:INFO  - TVector3::PseudoRapidity : transvers momentum = 0! return +/- 10e10
QA :INFO  - QAInfo: Done with Event [no. 11/run 0/evt. 11/Date.Time 20090628.53220/sta 0] Real Time =       0.02 seconds Cpu Time =        0.02 seconds
QA :INFO  - QAInfo: Cpu Times: user / system / user children / system children =     0.02 /     0.00 /     0.00 /     0.00 seconds (tick =   100.00, cps = 1000000)
QA :INFO  - QAInfo: Cpu Times: all threads =     0.020560200 seconds
StPythiaFourPMaker:INFO  - TVector3::PseudoRapidity : transvers momentum = 0! return +/- 10e10
StPythiaFourPMaker:INFO  - TVector3::PseudoRapidity : transvers momentum = 0! return +/- 10e10
StMCAsymMaker:WARN  - No StMcEvent
StMCAsymMaker:INFO  - *** StMCAsymMaker::Make() == StWarn(1) ***
StJetMaker2012:INFO  - TVector3::PseudoRapidity : transvers momentum = 0! return +/- 10e10
StJetMaker2012:INFO  - TVector3::PseudoRapidity : transvers momentum = 0! return +/- 10e10
StJetMaker2012:INFO  - TVector3::PseudoRapidity : transvers momentum = 0! return +/- 10e10
StJetMaker2012:INFO  - TVector3::PseudoRapidity : transvers momentum = 0! return +/- 10e10
StJetMaker2012:INFO  - TVector3::PseudoRapidity : transvers momentum = 0! return +/- 10e10
StJetMaker2012:INFO  - TVector3::PseudoRapidity : transvers momentum = 0! return +/- 10e10
StJetMaker2012:INFO  - TVector3::PseudoRapidity : transvers momentum = 0! return +/- 10e10
StJetMaker2012:INFO  - TVector3::PseudoRapidity : transvers momentum = 0! return +/- 10e10
StJetMaker2012:INFO  - TVector3::PseudoRapidity : transvers momentum = 0! return +/- 10e10
StJetMaker2012:INFO  - TVector3::PseudoRapidity : transvers momentum = 0! return +/- 10e10
StJetMaker2012:INFO  - TVector3::PseudoRapidity : transvers momentum = 0! return +/- 10e10
StJetMaker2012:INFO  - TVector3::PseudoRapidity : transvers momentum = 0! return +/- 10e10
StJetMaker2012:INFO  - TVector3::PseudoRapidity : transvers momentum = 0! return +/- 10e10
StJetMaker2012:INFO  - TVector3::PseudoRapidity : transvers momentum = 0! return +/- 10e10
StJetMaker2012:INFO  - TVector3::PseudoRapidity : transvers momentum = 0! return +/- 10e10
StJetMaker2012:INFO  - TVector3::PseudoRapidity : transvers momentum = 0! return +/- 10e10
StJetMaker2012:INFO  - TVector3::PseudoRapidity : transvers momentum = 0! return +/- 10e10
StJetMaker2012:INFO  - TVector3::PseudoRapidity : transvers momentum = 0! return +/- 10e10
StJetMaker2012:INFO  - TVector3::PseudoRapidity : transvers momentum = 0! return +/- 10e10
StJetMaker2012:INFO  - TVector3::PseudoRapidity : transvers momentum = 0! return +/- 10e10
QA :INFO  - QAInfo: Done with Event [no. 12/run 0/evt. 12/Date.Time 20090628.53220/sta 0] Real Time =       0.02 seconds Cpu Time =        0.02 seconds
QA :INFO  - QAInfo: Cpu Times: user / system / user children / system children =     0.02 /     0.00 /     0.00 /     0.00 seconds (tick =   100.00, cps = 1000000)
QA :INFO  - QAInfo: Cpu Times: all threads =     0.020343080 seconds
StPythiaFourPMaker:INFO  - TVector3::PseudoRapidity : transvers momentum = 0! return +/- 10e10
StPythiaFourPMaker:INFO  - TVector3::PseudoRapidity : transvers momentum = 0! return +/- 10e10
StMCAsymMaker:WARN  - No StMcEvent
StMCAsymMaker:INFO  - *** StMCAsymMaker::Make() == StWarn(1) ***
StJetMaker2012:INFO  - TVector3::PseudoRapidity : transvers momentum = 0! return +/- 10e10
StJetMaker2012:INFO  - TVector3::PseudoRapidity : transvers momentum = 0! return +/- 10e10
StJetMaker2012:INFO  - TVector3::PseudoRapidity : transvers momentum = 0! return +/- 10e10
StJetMaker2012:INFO  - TVector3::PseudoRapidity : transvers momentum = 0! return +/- 10e10
StJetMaker2012:INFO  - TVector3::PseudoRapidity : transvers momentum = 0! return +/- 10e10
StJetMaker2012:INFO  - TVector3::PseudoRapidity : transvers momentum = 0! return +/- 10e10
StJetMaker2012:INFO  - TVector3::PseudoRapidity : transvers momentum = 0! return +/- 10e10
StJetMaker2012:INFO  - TVector3::PseudoRapidity : transvers momentum = 0! return +/- 10e10
StJetMaker2012:INFO  - TVector3::PseudoRapidity : transvers momentum = 0! return +/- 10e10
StJetMaker2012:INFO  - TVector3::PseudoRapidity : transvers momentum = 0! return +/- 10e10
StJetMaker2012:INFO  - TVector3::PseudoRapidity : transvers momentum = 0! return +/- 10e10
StJetMaker2012:INFO  - TVector3::PseudoRapidity : transvers momentum = 0! return +/- 10e10
StJetMaker2012:INFO  - TVector3::PseudoRapidity : transvers momentum = 0! return +/- 10e10
StJetMaker2012:INFO  - TVector3::PseudoRapidity : transvers momentum = 0! return +/- 10e10
StJetMaker2012:INFO  - TVector3::PseudoRapidity : transvers momentum = 0! return +/- 10e10
StJetMaker2012:INFO  - TVector3::PseudoRapidity : transvers momentum = 0! return +/- 10e10
StJetMaker2012:INFO  - TVector3::PseudoRapidity : transvers momentum = 0! return +/- 10e10
StJetMaker2012:INFO  - TVector3::PseudoRapidity : transvers momentum = 0! return +/- 10e10
StJetMaker2012:INFO  - TVector3::PseudoRapidity : transvers momentum = 0! return +/- 10e10
StJetMaker2012:INFO  - TVector3::PseudoRapidity : transvers momentum = 0! return +/- 10e10
QA :INFO  - QAInfo: Done with Event [no. 13/run 0/evt. 13/Date.Time 20090628.53220/sta 0] Real Time =       0.02 seconds Cpu Time =        0.03 seconds
QA :INFO  - QAInfo: Cpu Times: user / system / user children / system children =     0.02 /     0.01 /     0.00 /     0.00 seconds (tick =   100.00, cps = 1000000)
QA :INFO  - QAInfo: Cpu Times: all threads =     0.023143550 seconds
StPythiaFourPMaker:INFO  - TVector3::PseudoRapidity : transvers momentum = 0! return +/- 10e10
StPythiaFourPMaker:INFO  - TVector3::PseudoRapidity : transvers momentum = 0! return +/- 10e10
StMCAsymMaker:WARN  - No StMcEvent
StMCAsymMaker:INFO  - *** StMCAsymMaker::Make() == StWarn(1) ***
StJetMaker2012:INFO  - TVector3::PseudoRapidity : transvers momentum = 0! return +/- 10e10
StJetMaker2012:INFO  - TVector3::PseudoRapidity : transvers momentum = 0! return +/- 10e10
StJetMaker2012:INFO  - TVector3::PseudoRapidity : transvers momentum = 0! return +/- 10e10
StJetMaker2012:INFO  - TVector3::PseudoRapidity : transvers momentum = 0! return +/- 10e10
StJetMaker2012:INFO  - TVector3::PseudoRapidity : transvers momentum = 0! return +/- 10e10
StJetMaker2012:INFO  - TVector3::PseudoRapidity : transvers momentum = 0! return +/- 10e10
StJetMaker2012:INFO  - TVector3::PseudoRapidity : transvers momentum = 0! return +/- 10e10
StJetMaker2012:INFO  - TVector3::PseudoRapidity : transvers momentum = 0! return +/- 10e10
StJetMaker2012:INFO  - TVector3::PseudoRapidity : transvers momentum = 0! return +/- 10e10
StJetMaker2012:INFO  - TVector3::PseudoRapidity : transvers momentum = 0! return +/- 10e10
StJetMaker2012:INFO  - TVector3::PseudoRapidity : transvers momentum = 0! return +/- 10e10
StJetMaker2012:INFO  - TVector3::PseudoRapidity : transvers momentum = 0! return +/- 10e10
StJetMaker2012:INFO  - TVector3::PseudoRapidity : transvers momentum = 0! return +/- 10e10
StJetMaker2012:INFO  - TVector3::PseudoRapidity : transvers momentum = 0! return +/- 10e10
StJetMaker2012:INFO  - TVector3::PseudoRapidity : transvers momentum = 0! return +/- 10e10
StJetMaker2012:INFO  - TVector3::PseudoRapidity : transvers momentum = 0! return +/- 10e10
StJetMaker2012:INFO  - TVector3::PseudoRapidity : transvers momentum = 0! return +/- 10e10
StJetMaker2012:INFO  - TVector3::PseudoRapidity : transvers momentum = 0! return +/- 10e10
StJetMaker2012:INFO  - TVector3::PseudoRapidity : transvers momentum = 0! return +/- 10e10
StJetMaker2012:INFO  - TVector3::PseudoRapidity : transvers momentum = 0! return +/- 10e10
QA :INFO  - QAInfo: Done with Event [no. 14/run 0/evt. 14/Date.Time 20090628.53220/sta 0] Real Time =       0.02 seconds Cpu Time =        0.02 seconds
QA :INFO  - QAInfo: Cpu Times: user / system / user children / system children =     0.02 /     0.00 /     0.00 /     0.00 seconds (tick =   100.00, cps = 1000000)
QA :INFO  - QAInfo: Cpu Times: all threads =     0.021271850 seconds
StPythiaFourPMaker:INFO  - TVector3::PseudoRapidity : transvers momentum = 0! return +/- 10e10
StPythiaFourPMaker:INFO  - TVector3::PseudoRapidity : transvers momentum = 0! return +/- 10e10
StMCAsymMaker:WARN  - No StMcEvent
StMCAsymMaker:INFO  - *** StMCAsymMaker::Make() == StWarn(1) ***
StJetMaker2012:INFO  - TVector3::PseudoRapidity : transvers momentum = 0! return +/- 10e10
StJetMaker2012:INFO  - TVector3::PseudoRapidity : transvers momentum = 0! return +/- 10e10
StJetMaker2012:INFO  - TVector3::PseudoRapidity : transvers momentum = 0! return +/- 10e10
StJetMaker2012:INFO  - TVector3::PseudoRapidity : transvers momentum = 0! return +/- 10e10
StJetMaker2012:INFO  - TVector3::PseudoRapidity : transvers momentum = 0! return +/- 10e10
StJetMaker2012:INFO  - TVector3::PseudoRapidity : transvers momentum = 0! return +/- 10e10
StJetMaker2012:INFO  - TVector3::PseudoRapidity : transvers momentum = 0! return +/- 10e10
StJetMaker2012:INFO  - TVector3::PseudoRapidity : transvers momentum = 0! return +/- 10e10
StJetMaker2012:INFO  - TVector3::PseudoRapidity : transvers momentum = 0! return +/- 10e10
StJetMaker2012:INFO  - TVector3::PseudoRapidity : transvers momentum = 0! return +/- 10e10
StJetMaker2012:INFO  - TVector3::PseudoRapidity : transvers momentum = 0! return +/- 10e10
StJetMaker2012:INFO  - TVector3::PseudoRapidity : transvers momentum = 0! return +/- 10e10
StJetMaker2012:INFO  - TVector3::PseudoRapidity : transvers momentum = 0! return +/- 10e10
StJetMaker2012:INFO  - TVector3::PseudoRapidity : transvers momentum = 0! return +/- 10e10
StJetMaker2012:INFO  - TVector3::PseudoRapidity : transvers momentum = 0! return +/- 10e10
StJetMaker2012:INFO  - TVector3::PseudoRapidity : transvers momentum = 0! return +/- 10e10
StJetMaker2012:INFO  - TVector3::PseudoRapidity : transvers momentum = 0! return +/- 10e10
StJetMaker2012:INFO  - TVector3::PseudoRapidity : transvers momentum = 0! return +/- 10e10
StJetMaker2012:INFO  - TVector3::PseudoRapidity : transvers momentum = 0! return +/- 10e10
StJetMaker2012:INFO  - TVector3::PseudoRapidity : transvers momentum = 0! return +/- 10e10
QA :INFO  - QAInfo: Done with Event [no. 15/run 0/evt. 15/Date.Time 20090628.53220/sta 0] Real Time =       0.02 seconds Cpu Time =        0.01 seconds
QA :INFO  - QAInfo: Cpu Times: user / system / user children / system children =     0.01 /     0.00 /     0.00 /     0.00 seconds (tick =   100.00, cps = 1000000)
QA :INFO  - QAInfo: Cpu Times: all threads =     0.017824290 seconds
StPythiaFourPMaker:INFO  - TVector3::PseudoRapidity : transvers momentum = 0! return +/- 10e10
StPythiaFourPMaker:INFO  - TVector3::PseudoRapidity : transvers momentum = 0! return +/- 10e10
StMCAsymMaker:WARN  - No StMcEvent
StMCAsymMaker:INFO  - *** StMCAsymMaker::Make() == StWarn(1) ***
StJetMaker2012:INFO  - TVector3::PseudoRapidity : transvers momentum = 0! return +/- 10e10
StJetMaker2012:INFO  - TVector3::PseudoRapidity : transvers momentum = 0! return +/- 10e10
StJetMaker2012:INFO  - TVector3::PseudoRapidity : transvers momentum = 0! return +/- 10e10
StJetMaker2012:INFO  - TVector3::PseudoRapidity : transvers momentum = 0! return +/- 10e10
StJetMaker2012:INFO  - TVector3::PseudoRapidity : transvers momentum = 0! return +/- 10e10
StJetMaker2012:INFO  - TVector3::PseudoRapidity : transvers momentum = 0! return +/- 10e10
StJetMaker2012:INFO  - TVector3::PseudoRapidity : transvers momentum = 0! return +/- 10e10
StJetMaker2012:INFO  - TVector3::PseudoRapidity : transvers momentum = 0! return +/- 10e10
StJetMaker2012:INFO  - TVector3::PseudoRapidity : transvers momentum = 0! return +/- 10e10
StJetMaker2012:INFO  - TVector3::PseudoRapidity : transvers momentum = 0! return +/- 10e10
StJetMaker2012:INFO  - TVector3::PseudoRapidity : transvers momentum = 0! return +/- 10e10
StJetMaker2012:INFO  - TVector3::PseudoRapidity : transvers momentum = 0! return +/- 10e10
StJetMaker2012:INFO  - TVector3::PseudoRapidity : transvers momentum = 0! return +/- 10e10
StJetMaker2012:INFO  - TVector3::PseudoRapidity : transvers momentum = 0! return +/- 10e10
StJetMaker2012:INFO  - TVector3::PseudoRapidity : transvers momentum = 0! return +/- 10e10
StJetMaker2012:INFO  - TVector3::PseudoRapidity : transvers momentum = 0! return +/- 10e10
StJetMaker2012:INFO  - TVector3::PseudoRapidity : transvers momentum = 0! return +/- 10e10
StJetMaker2012:INFO  - TVector3::PseudoRapidity : transvers momentum = 0! return +/- 10e10
StJetMaker2012:INFO  - TVector3::PseudoRapidity : transvers momentum = 0! return +/- 10e10
StJetMaker2012:INFO  - TVector3::PseudoRapidity : transvers momentum = 0! return +/- 10e10
QA :INFO  - QAInfo: Done with Event [no. 16/run 0/evt. 16/Date.Time 20090628.53220/sta 0] Real Time =       0.02 seconds Cpu Time =        0.03 seconds
QA :INFO  - QAInfo: Cpu Times: user / system / user children / system children =     0.03 /     0.00 /     0.00 /     0.00 seconds (tick =   100.00, cps = 1000000)
QA :INFO  - QAInfo: Cpu Times: all threads =     0.023364580 seconds
StPythiaFourPMaker:INFO  - TVector3::PseudoRapidity : transvers momentum = 0! return +/- 10e10
StPythiaFourPMaker:INFO  - TVector3::PseudoRapidity : transvers momentum = 0! return +/- 10e10
StMCAsymMaker:WARN  - No StMcEvent
StMCAsymMaker:INFO  - *** StMCAsymMaker::Make() == StWarn(1) ***
StJetMaker2012:INFO  - TVector3::PseudoRapidity : transvers momentum = 0! return +/- 10e10
StJetMaker2012:INFO  - TVector3::PseudoRapidity : transvers momentum = 0! return +/- 10e10
StJetMaker2012:INFO  - TVector3::PseudoRapidity : transvers momentum = 0! return +/- 10e10
StJetMaker2012:INFO  - TVector3::PseudoRapidity : transvers momentum = 0! return +/- 10e10
StJetMaker2012:INFO  - TVector3::PseudoRapidity : transvers momentum = 0! return +/- 10e10
StJetMaker2012:INFO  - TVector3::PseudoRapidity : transvers momentum = 0! return +/- 10e10
StJetMaker2012:INFO  - TVector3::PseudoRapidity : transvers momentum = 0! return +/- 10e10
StJetMaker2012:INFO  - TVector3::PseudoRapidity : transvers momentum = 0! return +/- 10e10
StJetMaker2012:INFO  - TVector3::PseudoRapidity : transvers momentum = 0! return +/- 10e10
StJetMaker2012:INFO  - TVector3::PseudoRapidity : transvers momentum = 0! return +/- 10e10
StJetMaker2012:INFO  - TVector3::PseudoRapidity : transvers momentum = 0! return +/- 10e10
StJetMaker2012:INFO  - TVector3::PseudoRapidity : transvers momentum = 0! return +/- 10e10
StJetMaker2012:INFO  - TVector3::PseudoRapidity : transvers momentum = 0! return +/- 10e10
StJetMaker2012:INFO  - TVector3::PseudoRapidity : transvers momentum = 0! return +/- 10e10
StJetMaker2012:INFO  - TVector3::PseudoRapidity : transvers momentum = 0! return +/- 10e10
StJetMaker2012:INFO  - TVector3::PseudoRapidity : transvers momentum = 0! return +/- 10e10
StJetMaker2012:INFO  - TVector3::PseudoRapidity : transvers momentum = 0! return +/- 10e10
StJetMaker2012:INFO  - TVector3::PseudoRapidity : transvers momentum = 0! return +/- 10e10
StJetMaker2012:INFO  - TVector3::PseudoRapidity : transvers momentum = 0! return +/- 10e10
StJetMaker2012:INFO  - TVector3::PseudoRapidity : transvers momentum = 0! return +/- 10e10
QA :INFO  - QAInfo: Done with Event [no. 17/run 0/evt. 17/Date.Time 20090628.53220/sta 0] Real Time =       0.02 seconds Cpu Time =        0.02 seconds
QA :INFO  - QAInfo: Cpu Times: user / system / user children / system children =     0.02 /     0.00 /     0.00 /     0.00 seconds (tick =   100.00, cps = 1000000)
QA :INFO  - QAInfo: Cpu Times: all threads =     0.020079200 seconds
StPythiaFourPMaker:INFO  - TVector3::PseudoRapidity : transvers momentum = 0! return +/- 10e10
StPythiaFourPMaker:INFO  - TVector3::PseudoRapidity : transvers momentum = 0! return +/- 10e10
StMCAsymMaker:WARN  - No StMcEvent
StMCAsymMaker:INFO  - *** StMCAsymMaker::Make() == StWarn(1) ***
StJetMaker2012:INFO  - TVector3::PseudoRapidity : transvers momentum = 0! return +/- 10e10
StJetMaker2012:INFO  - TVector3::PseudoRapidity : transvers momentum = 0! return +/- 10e10
StJetMaker2012:INFO  - TVector3::PseudoRapidity : transvers momentum = 0! return +/- 10e10
StJetMaker2012:INFO  - TVector3::PseudoRapidity : transvers momentum = 0! return +/- 10e10
StJetMaker2012:INFO  - TVector3::PseudoRapidity : transvers momentum = 0! return +/- 10e10
StJetMaker2012:INFO  - TVector3::PseudoRapidity : transvers momentum = 0! return +/- 10e10
StJetMaker2012:INFO  - TVector3::PseudoRapidity : transvers momentum = 0! return +/- 10e10
StJetMaker2012:INFO  - TVector3::PseudoRapidity : transvers momentum = 0! return +/- 10e10
StJetMaker2012:INFO  - TVector3::PseudoRapidity : transvers momentum = 0! return +/- 10e10
StJetMaker2012:INFO  - TVector3::PseudoRapidity : transvers momentum = 0! return +/- 10e10
StJetMaker2012:INFO  - TVector3::PseudoRapidity : transvers momentum = 0! return +/- 10e10
StJetMaker2012:INFO  - TVector3::PseudoRapidity : transvers momentum = 0! return +/- 10e10
StJetMaker2012:INFO  - TVector3::PseudoRapidity : transvers momentum = 0! return +/- 10e10
StJetMaker2012:INFO  - TVector3::PseudoRapidity : transvers momentum = 0! return +/- 10e10
StJetMaker2012:INFO  - TVector3::PseudoRapidity : transvers momentum = 0! return +/- 10e10
StJetMaker2012:INFO  - TVector3::PseudoRapidity : transvers momentum = 0! return +/- 10e10
StJetMaker2012:INFO  - TVector3::PseudoRapidity : transvers momentum = 0! return +/- 10e10
StJetMaker2012:INFO  - TVector3::PseudoRapidity : transvers momentum = 0! return +/- 10e10
StJetMaker2012:INFO  - TVector3::PseudoRapidity : transvers momentum = 0! return +/- 10e10
StJetMaker2012:INFO  - TVector3::PseudoRapidity : transvers momentum = 0! return +/- 10e10
QA :INFO  - QAInfo: Done with Event [no. 18/run 0/evt. 18/Date.Time 20090628.53220/sta 0] Real Time =       0.02 seconds Cpu Time =        0.02 seconds
QA :INFO  - QAInfo: Cpu Times: user / system / user children / system children =     0.02 /     0.00 /     0.00 /     0.00 seconds (tick =   100.00, cps = 1000000)
QA :INFO  - QAInfo: Cpu Times: all threads =     0.018557700 seconds
StPythiaFourPMaker:INFO  - TVector3::PseudoRapidity : transvers momentum = 0! return +/- 10e10
StPythiaFourPMaker:INFO  - TVector3::PseudoRapidity : transvers momentum = 0! return +/- 10e10
StMCAsymMaker:WARN  - No StMcEvent
StMCAsymMaker:INFO  - *** StMCAsymMaker::Make() == StWarn(1) ***
StJetMaker2012:INFO  - TVector3::PseudoRapidity : transvers momentum = 0! return +/- 10e10
StJetMaker2012:INFO  - TVector3::PseudoRapidity : transvers momentum = 0! return +/- 10e10
StJetMaker2012:INFO  - TVector3::PseudoRapidity : transvers momentum = 0! return +/- 10e10
StJetMaker2012:INFO  - TVector3::PseudoRapidity : transvers momentum = 0! return +/- 10e10
StJetMaker2012:INFO  - TVector3::PseudoRapidity : transvers momentum = 0! return +/- 10e10
StJetMaker2012:INFO  - TVector3::PseudoRapidity : transvers momentum = 0! return +/- 10e10
StJetMaker2012:INFO  - TVector3::PseudoRapidity : transvers momentum = 0! return +/- 10e10
StJetMaker2012:INFO  - TVector3::PseudoRapidity : transvers momentum = 0! return +/- 10e10
StJetMaker2012:INFO  - TVector3::PseudoRapidity : transvers momentum = 0! return +/- 10e10
StJetMaker2012:INFO  - TVector3::PseudoRapidity : transvers momentum = 0! return +/- 10e10
StJetMaker2012:INFO  - TVector3::PseudoRapidity : transvers momentum = 0! return +/- 10e10
StJetMaker2012:INFO  - TVector3::PseudoRapidity : transvers momentum = 0! return +/- 10e10
StJetMaker2012:INFO  - TVector3::PseudoRapidity : transvers momentum = 0! return +/- 10e10
StJetMaker2012:INFO  - TVector3::PseudoRapidity : transvers momentum = 0! return +/- 10e10
StJetMaker2012:INFO  - TVector3::PseudoRapidity : transvers momentum = 0! return +/- 10e10
StJetMaker2012:INFO  - TVector3::PseudoRapidity : transvers momentum = 0! return +/- 10e10
StJetMaker2012:INFO  - TVector3::PseudoRapidity : transvers momentum = 0! return +/- 10e10
StJetMaker2012:INFO  - TVector3::PseudoRapidity : transvers momentum = 0! return +/- 10e10
StJetMaker2012:INFO  - TVector3::PseudoRapidity : transvers momentum = 0! return +/- 10e10
StJetMaker2012:INFO  - TVector3::PseudoRapidity : transvers momentum = 0! return +/- 10e10
QA :INFO  - QAInfo: Done with Event [no. 19/run 0/evt. 19/Date.Time 20090628.53220/sta 0] Real Time =       0.03 seconds Cpu Time =        0.02 seconds
QA :INFO  - QAInfo: Cpu Times: user / system / user children / system children =     0.02 /     0.00 /     0.00 /     0.00 seconds (tick =   100.00, cps = 1000000)
QA :INFO  - QAInfo: Cpu Times: all threads =     0.025344580 seconds
StPythiaFourPMaker:INFO  - TVector3::PseudoRapidity : transvers momentum = 0! return +/- 10e10
StPythiaFourPMaker:INFO  - TVector3::PseudoRapidity : transvers momentum = 0! return +/- 10e10
StMCAsymMaker:WARN  - No StMcEvent
StMCAsymMaker:INFO  - *** StMCAsymMaker::Make() == StWarn(1) ***
StJetMaker2012:INFO  - TVector3::PseudoRapidity : transvers momentum = 0! return +/- 10e10
StJetMaker2012:INFO  - TVector3::PseudoRapidity : transvers momentum = 0! return +/- 10e10
StJetMaker2012:INFO  - TVector3::PseudoRapidity : transvers momentum = 0! return +/- 10e10
StJetMaker2012:INFO  - TVector3::PseudoRapidity : transvers momentum = 0! return +/- 10e10
StJetMaker2012:INFO  - TVector3::PseudoRapidity : transvers momentum = 0! return +/- 10e10
StJetMaker2012:INFO  - TVector3::PseudoRapidity : transvers momentum = 0! return +/- 10e10
StJetMaker2012:INFO  - TVector3::PseudoRapidity : transvers momentum = 0! return +/- 10e10
StJetMaker2012:INFO  - TVector3::PseudoRapidity : transvers momentum = 0! return +/- 10e10
StJetMaker2012:INFO  - TVector3::PseudoRapidity : transvers momentum = 0! return +/- 10e10
StJetMaker2012:INFO  - TVector3::PseudoRapidity : transvers momentum = 0! return +/- 10e10
StJetMaker2012:INFO  - TVector3::PseudoRapidity : transvers momentum = 0! return +/- 10e10
StJetMaker2012:INFO  - TVector3::PseudoRapidity : transvers momentum = 0! return +/- 10e10
StJetMaker2012:INFO  - TVector3::PseudoRapidity : transvers momentum = 0! return +/- 10e10
StJetMaker2012:INFO  - TVector3::PseudoRapidity : transvers momentum = 0! return +/- 10e10
StJetMaker2012:INFO  - TVector3::PseudoRapidity : transvers momentum = 0! return +/- 10e10
StJetMaker2012:INFO  - TVector3::PseudoRapidity : transvers momentum = 0! return +/- 10e10
StJetMaker2012:INFO  - TVector3::PseudoRapidity : transvers momentum = 0! return +/- 10e10
StJetMaker2012:INFO  - TVector3::PseudoRapidity : transvers momentum = 0! return +/- 10e10
StJetMaker2012:INFO  - TVector3::PseudoRapidity : transvers momentum = 0! return +/- 10e10
StJetMaker2012:INFO  - TVector3::PseudoRapidity : transvers momentum = 0! return +/- 10e10
QA :INFO  - QAInfo: Done with Event [no. 20/run 0/evt. 20/Date.Time 20090628.53220/sta 0] Real Time =       0.02 seconds Cpu Time =        0.02 seconds
QA :INFO  - QAInfo: Cpu Times: user / system / user children / system children =     0.02 /     0.00 /     0.00 /     0.00 seconds (tick =   100.00, cps = 1000000)
QA :INFO  - QAInfo: Cpu Times: all threads =     0.019568710 seconds
StPythiaFourPMaker:INFO  - TVector3::PseudoRapidity : transvers momentum = 0! return +/- 10e10
StPythiaFourPMaker:INFO  - TVector3::PseudoRapidity : transvers momentum = 0! return +/- 10e10
StMCAsymMaker:WARN  - No StMcEvent
StMCAsymMaker:INFO  - *** StMCAsymMaker::Make() == StWarn(1) ***
StJetMaker2012:INFO  - TVector3::PseudoRapidity : transvers momentum = 0! return +/- 10e10
StJetMaker2012:INFO  - TVector3::PseudoRapidity : transvers momentum = 0! return +/- 10e10
StJetMaker2012:INFO  - TVector3::PseudoRapidity : transvers momentum = 0! return +/- 10e10
StJetMaker2012:INFO  - TVector3::PseudoRapidity : transvers momentum = 0! return +/- 10e10
StJetMaker2012:INFO  - TVector3::PseudoRapidity : transvers momentum = 0! return +/- 10e10
StJetMaker2012:INFO  - TVector3::PseudoRapidity : transvers momentum = 0! return +/- 10e10
StJetMaker2012:INFO  - TVector3::PseudoRapidity : transvers momentum = 0! return +/- 10e10
StJetMaker2012:INFO  - TVector3::PseudoRapidity : transvers momentum = 0! return +/- 10e10
StJetMaker2012:INFO  - TVector3::PseudoRapidity : transvers momentum = 0! return +/- 10e10
StJetMaker2012:INFO  - TVector3::PseudoRapidity : transvers momentum = 0! return +/- 10e10
StJetMaker2012:INFO  - TVector3::PseudoRapidity : transvers momentum = 0! return +/- 10e10
StJetMaker2012:INFO  - TVector3::PseudoRapidity : transvers momentum = 0! return +/- 10e10
StJetMaker2012:INFO  - TVector3::PseudoRapidity : transvers momentum = 0! return +/- 10e10
StJetMaker2012:INFO  - TVector3::PseudoRapidity : transvers momentum = 0! return +/- 10e10
StJetMaker2012:INFO  - TVector3::PseudoRapidity : transvers momentum = 0! return +/- 10e10
StJetMaker2012:INFO  - TVector3::PseudoRapidity : transvers momentum = 0! return +/- 10e10
StJetMaker2012:INFO  - TVector3::PseudoRapidity : transvers momentum = 0! return +/- 10e10
StJetMaker2012:INFO  - TVector3::PseudoRapidity : transvers momentum = 0! return +/- 10e10
StJetMaker2012:INFO  - TVector3::PseudoRapidity : transvers momentum = 0! return +/- 10e10
StJetMaker2012:INFO  - TVector3::PseudoRapidity : transvers momentum = 0! return +/- 10e10
QA :INFO  - QAInfo: Done with Event [no. 21/run 0/evt. 21/Date.Time 20090628.53220/sta 0] Real Time =       0.02 seconds Cpu Time =        0.02 seconds
QA :INFO  - QAInfo: Cpu Times: user / system / user children / system children =     0.02 /     0.00 /     0.00 /     0.00 seconds (tick =   100.00, cps = 1000000)
QA :INFO  - QAInfo: Cpu Times: all threads =     0.015527370 seconds
StPythiaFourPMaker:INFO  - TVector3::PseudoRapidity : transvers momentum = 0! return +/- 10e10
StPythiaFourPMaker:INFO  - TVector3::PseudoRapidity : transvers momentum = 0! return +/- 10e10
StMCAsymMaker:WARN  - No StMcEvent
StMCAsymMaker:INFO  - *** StMCAsymMaker::Make() == StWarn(1) ***
StJetMaker2012:INFO  - TVector3::PseudoRapidity : transvers momentum = 0! return +/- 10e10
StJetMaker2012:INFO  - TVector3::PseudoRapidity : transvers momentum = 0! return +/- 10e10
StJetMaker2012:INFO  - TVector3::PseudoRapidity : transvers momentum = 0! return +/- 10e10
StJetMaker2012:INFO  - TVector3::PseudoRapidity : transvers momentum = 0! return +/- 10e10
StJetMaker2012:INFO  - TVector3::PseudoRapidity : transvers momentum = 0! return +/- 10e10
StJetMaker2012:INFO  - TVector3::PseudoRapidity : transvers momentum = 0! return +/- 10e10
StJetMaker2012:INFO  - TVector3::PseudoRapidity : transvers momentum = 0! return +/- 10e10
StJetMaker2012:INFO  - TVector3::PseudoRapidity : transvers momentum = 0! return +/- 10e10
StJetMaker2012:INFO  - TVector3::PseudoRapidity : transvers momentum = 0! return +/- 10e10
StJetMaker2012:INFO  - TVector3::PseudoRapidity : transvers momentum = 0! return +/- 10e10
StJetMaker2012:INFO  - TVector3::PseudoRapidity : transvers momentum = 0! return +/- 10e10
StJetMaker2012:INFO  - TVector3::PseudoRapidity : transvers momentum = 0! return +/- 10e10
StJetMaker2012:INFO  - TVector3::PseudoRapidity : transvers momentum = 0! return +/- 10e10
StJetMaker2012:INFO  - TVector3::PseudoRapidity : transvers momentum = 0! return +/- 10e10
StJetMaker2012:INFO  - TVector3::PseudoRapidity : transvers momentum = 0! return +/- 10e10
StJetMaker2012:INFO  - TVector3::PseudoRapidity : transvers momentum = 0! return +/- 10e10
StJetMaker2012:INFO  - TVector3::PseudoRapidity : transvers momentum = 0! return +/- 10e10
StJetMaker2012:INFO  - TVector3::PseudoRapidity : transvers momentum = 0! return +/- 10e10
StJetMaker2012:INFO  - TVector3::PseudoRapidity : transvers momentum = 0! return +/- 10e10
StJetMaker2012:INFO  - TVector3::PseudoRapidity : transvers momentum = 0! return +/- 10e10
QA :INFO  - QAInfo: Done with Event [no. 22/run 0/evt. 22/Date.Time 20090628.53220/sta 0] Real Time =       0.02 seconds Cpu Time =        0.01 seconds
QA :INFO  - QAInfo: Cpu Times: user / system / user children / system children =     0.01 /     0.00 /     0.00 /     0.00 seconds (tick =   100.00, cps = 1000000)
QA :INFO  - QAInfo: Cpu Times: all threads =     0.021831040 seconds
StPythiaFourPMaker:INFO  - TVector3::PseudoRapidity : transvers momentum = 0! return +/- 10e10
StPythiaFourPMaker:INFO  - TVector3::PseudoRapidity : transvers momentum = 0! return +/- 10e10
StMCAsymMaker:WARN  - No StMcEvent
StMCAsymMaker:INFO  - *** StMCAsymMaker::Make() == StWarn(1) ***
StJetMaker2012:INFO  - TVector3::PseudoRapidity : transvers momentum = 0! return +/- 10e10
StJetMaker2012:INFO  - TVector3::PseudoRapidity : transvers momentum = 0! return +/- 10e10
StJetMaker2012:INFO  - TVector3::PseudoRapidity : transvers momentum = 0! return +/- 10e10
StJetMaker2012:INFO  - TVector3::PseudoRapidity : transvers momentum = 0! return +/- 10e10
StJetMaker2012:INFO  - TVector3::PseudoRapidity : transvers momentum = 0! return +/- 10e10
StJetMaker2012:INFO  - TVector3::PseudoRapidity : transvers momentum = 0! return +/- 10e10
StJetMaker2012:INFO  - TVector3::PseudoRapidity : transvers momentum = 0! return +/- 10e10
StJetMaker2012:INFO  - TVector3::PseudoRapidity : transvers momentum = 0! return +/- 10e10
StJetMaker2012:INFO  - TVector3::PseudoRapidity : transvers momentum = 0! return +/- 10e10
StJetMaker2012:INFO  - TVector3::PseudoRapidity : transvers momentum = 0! return +/- 10e10
StJetMaker2012:INFO  - TVector3::PseudoRapidity : transvers momentum = 0! return +/- 10e10
StJetMaker2012:INFO  - TVector3::PseudoRapidity : transvers momentum = 0! return +/- 10e10
StJetMaker2012:INFO  - TVector3::PseudoRapidity : transvers momentum = 0! return +/- 10e10
StJetMaker2012:INFO  - TVector3::PseudoRapidity : transvers momentum = 0! return +/- 10e10
StJetMaker2012:INFO  - TVector3::PseudoRapidity : transvers momentum = 0! return +/- 10e10
StJetMaker2012:INFO  - TVector3::PseudoRapidity : transvers momentum = 0! return +/- 10e10
StJetMaker2012:INFO  - TVector3::PseudoRapidity : transvers momentum = 0! return +/- 10e10
StJetMaker2012:INFO  - TVector3::PseudoRapidity : transvers momentum = 0! return +/- 10e10
StJetMaker2012:INFO  - TVector3::PseudoRapidity : transvers momentum = 0! return +/- 10e10
StJetMaker2012:INFO  - TVector3::PseudoRapidity : transvers momentum = 0! return +/- 10e10
QA :INFO  - QAInfo: Done with Event [no. 23/run 0/evt. 23/Date.Time 20090628.53220/sta 0] Real Time =       0.02 seconds Cpu Time =        0.02 seconds
QA :INFO  - QAInfo: Cpu Times: user / system / user children / system children =     0.02 /     0.00 /     0.00 /     0.00 seconds (tick =   100.00, cps = 1000000)
QA :INFO  - QAInfo: Cpu Times: all threads =     0.017796240 seconds
StPythiaFourPMaker:INFO  - TVector3::PseudoRapidity : transvers momentum = 0! return +/- 10e10
StPythiaFourPMaker:INFO  - TVector3::PseudoRapidity : transvers momentum = 0! return +/- 10e10
StMCAsymMaker:WARN  - No StMcEvent
StMCAsymMaker:INFO  - *** StMCAsymMaker::Make() == StWarn(1) ***
StJetMaker2012:INFO  - TVector3::PseudoRapidity : transvers momentum = 0! return +/- 10e10
StJetMaker2012:INFO  - TVector3::PseudoRapidity : transvers momentum = 0! return +/- 10e10
StJetMaker2012:INFO  - TVector3::PseudoRapidity : transvers momentum = 0! return +/- 10e10
StJetMaker2012:INFO  - TVector3::PseudoRapidity : transvers momentum = 0! return +/- 10e10
StJetMaker2012:INFO  - TVector3::PseudoRapidity : transvers momentum = 0! return +/- 10e10
StJetMaker2012:INFO  - TVector3::PseudoRapidity : transvers momentum = 0! return +/- 10e10
StJetMaker2012:INFO  - TVector3::PseudoRapidity : transvers momentum = 0! return +/- 10e10
StJetMaker2012:INFO  - TVector3::PseudoRapidity : transvers momentum = 0! return +/- 10e10
StJetMaker2012:INFO  - TVector3::PseudoRapidity : transvers momentum = 0! return +/- 10e10
StJetMaker2012:INFO  - TVector3::PseudoRapidity : transvers momentum = 0! return +/- 10e10
StJetMaker2012:INFO  - TVector3::PseudoRapidity : transvers momentum = 0! return +/- 10e10
StJetMaker2012:INFO  - TVector3::PseudoRapidity : transvers momentum = 0! return +/- 10e10
StJetMaker2012:INFO  - TVector3::PseudoRapidity : transvers momentum = 0! return +/- 10e10
StJetMaker2012:INFO  - TVector3::PseudoRapidity : transvers momentum = 0! return +/- 10e10
StJetMaker2012:INFO  - TVector3::PseudoRapidity : transvers momentum = 0! return +/- 10e10
StJetMaker2012:INFO  - TVector3::PseudoRapidity : transvers momentum = 0! return +/- 10e10
StJetMaker2012:INFO  - TVector3::PseudoRapidity : transvers momentum = 0! return +/- 10e10
StJetMaker2012:INFO  - TVector3::PseudoRapidity : transvers momentum = 0! return +/- 10e10
StJetMaker2012:INFO  - TVector3::PseudoRapidity : transvers momentum = 0! return +/- 10e10
StJetMaker2012:INFO  - TVector3::PseudoRapidity : transvers momentum = 0! return +/- 10e10
QA :INFO  - QAInfo: Done with Event [no. 24/run 0/evt. 24/Date.Time 20090628.53220/sta 0] Real Time =       0.02 seconds Cpu Time =        0.03 seconds
QA :INFO  - QAInfo: Cpu Times: user / system / user children / system children =     0.02 /     0.01 /     0.00 /     0.00 seconds (tick =   100.00, cps = 1000000)
QA :INFO  - QAInfo: Cpu Times: all threads =     0.016344130 seconds
StPythiaFourPMaker:INFO  - TVector3::PseudoRapidity : transvers momentum = 0! return +/- 10e10
StPythiaFourPMaker:INFO  - TVector3::PseudoRapidity : transvers momentum = 0! return +/- 10e10
StMCAsymMaker:WARN  - No StMcEvent
StMCAsymMaker:INFO  - *** StMCAsymMaker::Make() == StWarn(1) ***
StJetMaker2012:INFO  - TVector3::PseudoRapidity : transvers momentum = 0! return +/- 10e10
StJetMaker2012:INFO  - TVector3::PseudoRapidity : transvers momentum = 0! return +/- 10e10
StJetMaker2012:INFO  - TVector3::PseudoRapidity : transvers momentum = 0! return +/- 10e10
StJetMaker2012:INFO  - TVector3::PseudoRapidity : transvers momentum = 0! return +/- 10e10
StJetMaker2012:INFO  - TVector3::PseudoRapidity : transvers momentum = 0! return +/- 10e10
StJetMaker2012:INFO  - TVector3::PseudoRapidity : transvers momentum = 0! return +/- 10e10
StJetMaker2012:INFO  - TVector3::PseudoRapidity : transvers momentum = 0! return +/- 10e10
StJetMaker2012:INFO  - TVector3::PseudoRapidity : transvers momentum = 0! return +/- 10e10
StJetMaker2012:INFO  - TVector3::PseudoRapidity : transvers momentum = 0! return +/- 10e10
StJetMaker2012:INFO  - TVector3::PseudoRapidity : transvers momentum = 0! return +/- 10e10
StJetMaker2012:INFO  - TVector3::PseudoRapidity : transvers momentum = 0! return +/- 10e10
StJetMaker2012:INFO  - TVector3::PseudoRapidity : transvers momentum = 0! return +/- 10e10
StJetMaker2012:INFO  - TVector3::PseudoRapidity : transvers momentum = 0! return +/- 10e10
StJetMaker2012:INFO  - TVector3::PseudoRapidity : transvers momentum = 0! return +/- 10e10
StJetMaker2012:INFO  - TVector3::PseudoRapidity : transvers momentum = 0! return +/- 10e10
StJetMaker2012:INFO  - TVector3::PseudoRapidity : transvers momentum = 0! return +/- 10e10
StJetMaker2012:INFO  - TVector3::PseudoRapidity : transvers momentum = 0! return +/- 10e10
StJetMaker2012:INFO  - TVector3::PseudoRapidity : transvers momentum = 0! return +/- 10e10
StJetMaker2012:INFO  - TVector3::PseudoRapidity : transvers momentum = 0! return +/- 10e10
StJetMaker2012:INFO  - TVector3::PseudoRapidity : transvers momentum = 0! return +/- 10e10
QA :INFO  - QAInfo: Done with Event [no. 25/run 0/evt. 25/Date.Time 20090628.53220/sta 0] Real Time =       0.01 seconds Cpu Time =        0.01 seconds
QA :INFO  - QAInfo: Cpu Times: user / system / user children / system children =     0.01 /     0.00 /     0.00 /     0.00 seconds (tick =   100.00, cps = 1000000)
QA :INFO  - QAInfo: Cpu Times: all threads =     0.014720520 seconds
StPythiaFourPMaker:INFO  - TVector3::PseudoRapidity : transvers momentum = 0! return +/- 10e10
StPythiaFourPMaker:INFO  - TVector3::PseudoRapidity : transvers momentum = 0! return +/- 10e10
StMCAsymMaker:WARN  - No StMcEvent
StMCAsymMaker:INFO  - *** StMCAsymMaker::Make() == StWarn(1) ***
StJetMaker2012:INFO  - TVector3::PseudoRapidity : transvers momentum = 0! return +/- 10e10
StJetMaker2012:INFO  - TVector3::PseudoRapidity : transvers momentum = 0! return +/- 10e10
StJetMaker2012:INFO  - TVector3::PseudoRapidity : transvers momentum = 0! return +/- 10e10
StJetMaker2012:INFO  - TVector3::PseudoRapidity : transvers momentum = 0! return +/- 10e10
StJetMaker2012:INFO  - TVector3::PseudoRapidity : transvers momentum = 0! return +/- 10e10
StJetMaker2012:INFO  - TVector3::PseudoRapidity : transvers momentum = 0! return +/- 10e10
StJetMaker2012:INFO  - TVector3::PseudoRapidity : transvers momentum = 0! return +/- 10e10
StJetMaker2012:INFO  - TVector3::PseudoRapidity : transvers momentum = 0! return +/- 10e10
StJetMaker2012:INFO  - TVector3::PseudoRapidity : transvers momentum = 0! return +/- 10e10
StJetMaker2012:INFO  - TVector3::PseudoRapidity : transvers momentum = 0! return +/- 10e10
StJetMaker2012:INFO  - TVector3::PseudoRapidity : transvers momentum = 0! return +/- 10e10
StJetMaker2012:INFO  - TVector3::PseudoRapidity : transvers momentum = 0! return +/- 10e10
StJetMaker2012:INFO  - TVector3::PseudoRapidity : transvers momentum = 0! return +/- 10e10
StJetMaker2012:INFO  - TVector3::PseudoRapidity : transvers momentum = 0! return +/- 10e10
StJetMaker2012:INFO  - TVector3::PseudoRapidity : transvers momentum = 0! return +/- 10e10
StJetMaker2012:INFO  - TVector3::PseudoRapidity : transvers momentum = 0! return +/- 10e10
StJetMaker2012:INFO  - TVector3::PseudoRapidity : transvers momentum = 0! return +/- 10e10
StJetMaker2012:INFO  - TVector3::PseudoRapidity : transvers momentum = 0! return +/- 10e10
StJetMaker2012:INFO  - TVector3::PseudoRapidity : transvers momentum = 0! return +/- 10e10
StJetMaker2012:INFO  - TVector3::PseudoRapidity : transvers momentum = 0! return +/- 10e10
QA :INFO  - QAInfo: Done with Event [no. 26/run 0/evt. 26/Date.Time 20090628.53220/sta 0] Real Time =       0.02 seconds Cpu Time =        0.02 seconds
QA :INFO  - QAInfo: Cpu Times: user / system / user children / system children =     0.02 /     0.00 /     0.00 /     0.00 seconds (tick =   100.00, cps = 1000000)
QA :INFO  - QAInfo: Cpu Times: all threads =     0.016281710 seconds
StPythiaFourPMaker:INFO  - TVector3::PseudoRapidity : transvers momentum = 0! return +/- 10e10
StPythiaFourPMaker:INFO  - TVector3::PseudoRapidity : transvers momentum = 0! return +/- 10e10
StMCAsymMaker:WARN  - No StMcEvent
StMCAsymMaker:INFO  - *** StMCAsymMaker::Make() == StWarn(1) ***
StJetMaker2012:INFO  - TVector3::PseudoRapidity : transvers momentum = 0! return +/- 10e10
StJetMaker2012:INFO  - TVector3::PseudoRapidity : transvers momentum = 0! return +/- 10e10
StJetMaker2012:INFO  - TVector3::PseudoRapidity : transvers momentum = 0! return +/- 10e10
StJetMaker2012:INFO  - TVector3::PseudoRapidity : transvers momentum = 0! return +/- 10e10
StJetMaker2012:INFO  - TVector3::PseudoRapidity : transvers momentum = 0! return +/- 10e10
StJetMaker2012:INFO  - TVector3::PseudoRapidity : transvers momentum = 0! return +/- 10e10
StJetMaker2012:INFO  - TVector3::PseudoRapidity : transvers momentum = 0! return +/- 10e10
StJetMaker2012:INFO  - TVector3::PseudoRapidity : transvers momentum = 0! return +/- 10e10
StJetMaker2012:INFO  - TVector3::PseudoRapidity : transvers momentum = 0! return +/- 10e10
StJetMaker2012:INFO  - TVector3::PseudoRapidity : transvers momentum = 0! return +/- 10e10
StJetMaker2012:INFO  - TVector3::PseudoRapidity : transvers momentum = 0! return +/- 10e10
StJetMaker2012:INFO  - TVector3::PseudoRapidity : transvers momentum = 0! return +/- 10e10
StJetMaker2012:INFO  - TVector3::PseudoRapidity : transvers momentum = 0! return +/- 10e10
StJetMaker2012:INFO  - TVector3::PseudoRapidity : transvers momentum = 0! return +/- 10e10
StJetMaker2012:INFO  - TVector3::PseudoRapidity : transvers momentum = 0! return +/- 10e10
StJetMaker2012:INFO  - TVector3::PseudoRapidity : transvers momentum = 0! return +/- 10e10
StJetMaker2012:INFO  - TVector3::PseudoRapidity : transvers momentum = 0! return +/- 10e10
StJetMaker2012:INFO  - TVector3::PseudoRapidity : transvers momentum = 0! return +/- 10e10
StJetMaker2012:INFO  - TVector3::PseudoRapidity : transvers momentum = 0! return +/- 10e10
StJetMaker2012:INFO  - TVector3::PseudoRapidity : transvers momentum = 0! return +/- 10e10
QA :INFO  - QAInfo: Done with Event [no. 27/run 0/evt. 27/Date.Time 20090628.53220/sta 0] Real Time =       0.02 seconds Cpu Time =        0.01 seconds
QA :INFO  - QAInfo: Cpu Times: user / system / user children / system children =     0.01 /     0.00 /     0.00 /     0.00 seconds (tick =   100.00, cps = 1000000)
QA :INFO  - QAInfo: Cpu Times: all threads =     0.016753260 seconds
StPythiaFourPMaker:INFO  - TVector3::PseudoRapidity : transvers momentum = 0! return +/- 10e10
StPythiaFourPMaker:INFO  - TVector3::PseudoRapidity : transvers momentum = 0! return +/- 10e10
StMCAsymMaker:WARN  - No StMcEvent
StMCAsymMaker:INFO  - *** StMCAsymMaker::Make() == StWarn(1) ***
StJetMaker2012:INFO  - TVector3::PseudoRapidity : transvers momentum = 0! return +/- 10e10
StJetMaker2012:INFO  - TVector3::PseudoRapidity : transvers momentum = 0! return +/- 10e10
StJetMaker2012:INFO  - TVector3::PseudoRapidity : transvers momentum = 0! return +/- 10e10
StJetMaker2012:INFO  - TVector3::PseudoRapidity : transvers momentum = 0! return +/- 10e10
StJetMaker2012:INFO  - TVector3::PseudoRapidity : transvers momentum = 0! return +/- 10e10
StJetMaker2012:INFO  - TVector3::PseudoRapidity : transvers momentum = 0! return +/- 10e10
StJetMaker2012:INFO  - TVector3::PseudoRapidity : transvers momentum = 0! return +/- 10e10
StJetMaker2012:INFO  - TVector3::PseudoRapidity : transvers momentum = 0! return +/- 10e10
StJetMaker2012:INFO  - TVector3::PseudoRapidity : transvers momentum = 0! return +/- 10e10
StJetMaker2012:INFO  - TVector3::PseudoRapidity : transvers momentum = 0! return +/- 10e10
StJetMaker2012:INFO  - TVector3::PseudoRapidity : transvers momentum = 0! return +/- 10e10
StJetMaker2012:INFO  - TVector3::PseudoRapidity : transvers momentum = 0! return +/- 10e10
StJetMaker2012:INFO  - TVector3::PseudoRapidity : transvers momentum = 0! return +/- 10e10
StJetMaker2012:INFO  - TVector3::PseudoRapidity : transvers momentum = 0! return +/- 10e10
StJetMaker2012:INFO  - TVector3::PseudoRapidity : transvers momentum = 0! return +/- 10e10
StJetMaker2012:INFO  - TVector3::PseudoRapidity : transvers momentum = 0! return +/- 10e10
StJetMaker2012:INFO  - TVector3::PseudoRapidity : transvers momentum = 0! return +/- 10e10
StJetMaker2012:INFO  - TVector3::PseudoRapidity : transvers momentum = 0! return +/- 10e10
StJetMaker2012:INFO  - TVector3::PseudoRapidity : transvers momentum = 0! return +/- 10e10
StJetMaker2012:INFO  - TVector3::PseudoRapidity : transvers momentum = 0! return +/- 10e10
QA :INFO  - QAInfo: Done with Event [no. 28/run 0/evt. 28/Date.Time 20090628.53220/sta 0] Real Time =       0.03 seconds Cpu Time =        0.03 seconds
QA :INFO  - QAInfo: Cpu Times: user / system / user children / system children =     0.03 /     0.00 /     0.00 /     0.00 seconds (tick =   100.00, cps = 1000000)
QA :INFO  - QAInfo: Cpu Times: all threads =     0.025526370 seconds
StPythiaFourPMaker:INFO  - TVector3::PseudoRapidity : transvers momentum = 0! return +/- 10e10
StPythiaFourPMaker:INFO  - TVector3::PseudoRapidity : transvers momentum = 0! return +/- 10e10
StMCAsymMaker:WARN  - No StMcEvent
StMCAsymMaker:INFO  - *** StMCAsymMaker::Make() == StWarn(1) ***
StJetMaker2012:INFO  - TVector3::PseudoRapidity : transvers momentum = 0! return +/- 10e10
StJetMaker2012:INFO  - TVector3::PseudoRapidity : transvers momentum = 0! return +/- 10e10
StJetMaker2012:INFO  - TVector3::PseudoRapidity : transvers momentum = 0! return +/- 10e10
StJetMaker2012:INFO  - TVector3::PseudoRapidity : transvers momentum = 0! return +/- 10e10
StJetMaker2012:INFO  - TVector3::PseudoRapidity : transvers momentum = 0! return +/- 10e10
StJetMaker2012:INFO  - TVector3::PseudoRapidity : transvers momentum = 0! return +/- 10e10
StJetMaker2012:INFO  - TVector3::PseudoRapidity : transvers momentum = 0! return +/- 10e10
StJetMaker2012:INFO  - TVector3::PseudoRapidity : transvers momentum = 0! return +/- 10e10
StJetMaker2012:INFO  - TVector3::PseudoRapidity : transvers momentum = 0! return +/- 10e10
StJetMaker2012:INFO  - TVector3::PseudoRapidity : transvers momentum = 0! return +/- 10e10
StJetMaker2012:INFO  - TVector3::PseudoRapidity : transvers momentum = 0! return +/- 10e10
StJetMaker2012:INFO  - TVector3::PseudoRapidity : transvers momentum = 0! return +/- 10e10
StJetMaker2012:INFO  - TVector3::PseudoRapidity : transvers momentum = 0! return +/- 10e10
StJetMaker2012:INFO  - TVector3::PseudoRapidity : transvers momentum = 0! return +/- 10e10
StJetMaker2012:INFO  - TVector3::PseudoRapidity : transvers momentum = 0! return +/- 10e10
StJetMaker2012:INFO  - TVector3::PseudoRapidity : transvers momentum = 0! return +/- 10e10
StJetMaker2012:INFO  - TVector3::PseudoRapidity : transvers momentum = 0! return +/- 10e10
StJetMaker2012:INFO  - TVector3::PseudoRapidity : transvers momentum = 0! return +/- 10e10
StJetMaker2012:INFO  - TVector3::PseudoRapidity : transvers momentum = 0! return +/- 10e10
StJetMaker2012:INFO  - TVector3::PseudoRapidity : transvers momentum = 0! return +/- 10e10
QA :INFO  - QAInfo: Done with Event [no. 29/run 0/evt. 29/Date.Time 20090628.53220/sta 0] Real Time =       0.02 seconds Cpu Time =        0.02 seconds
QA :INFO  - QAInfo: Cpu Times: user / system / user children / system children =     0.02 /     0.00 /     0.00 /     0.00 seconds (tick =   100.00, cps = 1000000)
QA :INFO  - QAInfo: Cpu Times: all threads =     0.021315790 seconds
StPythiaFourPMaker:INFO  - TVector3::PseudoRapidity : transvers momentum = 0! return +/- 10e10
StPythiaFourPMaker:INFO  - TVector3::PseudoRapidity : transvers momentum = 0! return +/- 10e10
StMCAsymMaker:WARN  - No StMcEvent
StMCAsymMaker:INFO  - *** StMCAsymMaker::Make() == StWarn(1) ***
StJetMaker2012:INFO  - TVector3::PseudoRapidity : transvers momentum = 0! return +/- 10e10
StJetMaker2012:INFO  - TVector3::PseudoRapidity : transvers momentum = 0! return +/- 10e10
StJetMaker2012:INFO  - TVector3::PseudoRapidity : transvers momentum = 0! return +/- 10e10
StJetMaker2012:INFO  - TVector3::PseudoRapidity : transvers momentum = 0! return +/- 10e10
StJetMaker2012:INFO  - TVector3::PseudoRapidity : transvers momentum = 0! return +/- 10e10
StJetMaker2012:INFO  - TVector3::PseudoRapidity : transvers momentum = 0! return +/- 10e10
StJetMaker2012:INFO  - TVector3::PseudoRapidity : transvers momentum = 0! return +/- 10e10
StJetMaker2012:INFO  - TVector3::PseudoRapidity : transvers momentum = 0! return +/- 10e10
StJetMaker2012:INFO  - TVector3::PseudoRapidity : transvers momentum = 0! return +/- 10e10
StJetMaker2012:INFO  - TVector3::PseudoRapidity : transvers momentum = 0! return +/- 10e10
StJetMaker2012:INFO  - TVector3::PseudoRapidity : transvers momentum = 0! return +/- 10e10
StJetMaker2012:INFO  - TVector3::PseudoRapidity : transvers momentum = 0! return +/- 10e10
StJetMaker2012:INFO  - TVector3::PseudoRapidity : transvers momentum = 0! return +/- 10e10
StJetMaker2012:INFO  - TVector3::PseudoRapidity : transvers momentum = 0! return +/- 10e10
StJetMaker2012:INFO  - TVector3::PseudoRapidity : transvers momentum = 0! return +/- 10e10
StJetMaker2012:INFO  - TVector3::PseudoRapidity : transvers momentum = 0! return +/- 10e10
StJetMaker2012:INFO  - TVector3::PseudoRapidity : transvers momentum = 0! return +/- 10e10
StJetMaker2012:INFO  - TVector3::PseudoRapidity : transvers momentum = 0! return +/- 10e10
StJetMaker2012:INFO  - TVector3::PseudoRapidity : transvers momentum = 0! return +/- 10e10
StJetMaker2012:INFO  - TVector3::PseudoRapidity : transvers momentum = 0! return +/- 10e10
QA :INFO  - QAInfo: Done with Event [no. 30/run 0/evt. 30/Date.Time 20090628.53220/sta 0] Real Time =       0.02 seconds Cpu Time =        0.02 seconds
QA :INFO  - QAInfo: Cpu Times: user / system / user children / system children =     0.02 /     0.00 /     0.00 /     0.00 seconds (tick =   100.00, cps = 1000000)
QA :INFO  - QAInfo: Cpu Times: all threads =     0.023380010 seconds
StPythiaFourPMaker:INFO  - TVector3::PseudoRapidity : transvers momentum = 0! return +/- 10e10
StPythiaFourPMaker:INFO  - TVector3::PseudoRapidity : transvers momentum = 0! return +/- 10e10
StMCAsymMaker:WARN  - No StMcEvent
StMCAsymMaker:INFO  - *** StMCAsymMaker::Make() == StWarn(1) ***
StJetMaker2012:INFO  - TVector3::PseudoRapidity : transvers momentum = 0! return +/- 10e10
StJetMaker2012:INFO  - TVector3::PseudoRapidity : transvers momentum = 0! return +/- 10e10
StJetMaker2012:INFO  - TVector3::PseudoRapidity : transvers momentum = 0! return +/- 10e10
StJetMaker2012:INFO  - TVector3::PseudoRapidity : transvers momentum = 0! return +/- 10e10
StJetMaker2012:INFO  - TVector3::PseudoRapidity : transvers momentum = 0! return +/- 10e10
StJetMaker2012:INFO  - TVector3::PseudoRapidity : transvers momentum = 0! return +/- 10e10
StJetMaker2012:INFO  - TVector3::PseudoRapidity : transvers momentum = 0! return +/- 10e10
StJetMaker2012:INFO  - TVector3::PseudoRapidity : transvers momentum = 0! return +/- 10e10
StJetMaker2012:INFO  - TVector3::PseudoRapidity : transvers momentum = 0! return +/- 10e10
StJetMaker2012:INFO  - TVector3::PseudoRapidity : transvers momentum = 0! return +/- 10e10
StJetMaker2012:INFO  - TVector3::PseudoRapidity : transvers momentum = 0! return +/- 10e10
StJetMaker2012:INFO  - TVector3::PseudoRapidity : transvers momentum = 0! return +/- 10e10
StJetMaker2012:INFO  - TVector3::PseudoRapidity : transvers momentum = 0! return +/- 10e10
StJetMaker2012:INFO  - TVector3::PseudoRapidity : transvers momentum = 0! return +/- 10e10
StJetMaker2012:INFO  - TVector3::PseudoRapidity : transvers momentum = 0! return +/- 10e10
StJetMaker2012:INFO  - TVector3::PseudoRapidity : transvers momentum = 0! return +/- 10e10
StJetMaker2012:INFO  - TVector3::PseudoRapidity : transvers momentum = 0! return +/- 10e10
StJetMaker2012:INFO  - TVector3::PseudoRapidity : transvers momentum = 0! return +/- 10e10
StJetMaker2012:INFO  - TVector3::PseudoRapidity : transvers momentum = 0! return +/- 10e10
StJetMaker2012:INFO  - TVector3::PseudoRapidity : transvers momentum = 0! return +/- 10e10
QA :INFO  - QAInfo: Done with Event [no. 31/run 0/evt. 31/Date.Time 20090628.53220/sta 0] Real Time =       0.02 seconds Cpu Time =        0.03 seconds
QA :INFO  - QAInfo: Cpu Times: user / system / user children / system children =     0.03 /     0.00 /     0.00 /     0.00 seconds (tick =   100.00, cps = 1000000)
QA :INFO  - QAInfo: Cpu Times: all threads =     0.021417590 seconds
StPythiaFourPMaker:INFO  - TVector3::PseudoRapidity : transvers momentum = 0! return +/- 10e10
StPythiaFourPMaker:INFO  - TVector3::PseudoRapidity : transvers momentum = 0! return +/- 10e10
StMCAsymMaker:WARN  - No StMcEvent
StMCAsymMaker:INFO  - *** StMCAsymMaker::Make() == StWarn(1) ***
StJetMaker2012:INFO  - TVector3::PseudoRapidity : transvers momentum = 0! return +/- 10e10
StJetMaker2012:INFO  - TVector3::PseudoRapidity : transvers momentum = 0! return +/- 10e10
StJetMaker2012:INFO  - TVector3::PseudoRapidity : transvers momentum = 0! return +/- 10e10
StJetMaker2012:INFO  - TVector3::PseudoRapidity : transvers momentum = 0! return +/- 10e10
StJetMaker2012:INFO  - TVector3::PseudoRapidity : transvers momentum = 0! return +/- 10e10
StJetMaker2012:INFO  - TVector3::PseudoRapidity : transvers momentum = 0! return +/- 10e10
StJetMaker2012:INFO  - TVector3::PseudoRapidity : transvers momentum = 0! return +/- 10e10
StJetMaker2012:INFO  - TVector3::PseudoRapidity : transvers momentum = 0! return +/- 10e10
StJetMaker2012:INFO  - TVector3::PseudoRapidity : transvers momentum = 0! return +/- 10e10
StJetMaker2012:INFO  - TVector3::PseudoRapidity : transvers momentum = 0! return +/- 10e10
StJetMaker2012:INFO  - TVector3::PseudoRapidity : transvers momentum = 0! return +/- 10e10
StJetMaker2012:INFO  - TVector3::PseudoRapidity : transvers momentum = 0! return +/- 10e10
StJetMaker2012:INFO  - TVector3::PseudoRapidity : transvers momentum = 0! return +/- 10e10
StJetMaker2012:INFO  - TVector3::PseudoRapidity : transvers momentum = 0! return +/- 10e10
StJetMaker2012:INFO  - TVector3::PseudoRapidity : transvers momentum = 0! return +/- 10e10
StJetMaker2012:INFO  - TVector3::PseudoRapidity : transvers momentum = 0! return +/- 10e10
StJetMaker2012:INFO  - TVector3::PseudoRapidity : transvers momentum = 0! return +/- 10e10
StJetMaker2012:INFO  - TVector3::PseudoRapidity : transvers momentum = 0! return +/- 10e10
StJetMaker2012:INFO  - TVector3::PseudoRapidity : transvers momentum = 0! return +/- 10e10
StJetMaker2012:INFO  - TVector3::PseudoRapidity : transvers momentum = 0! return +/- 10e10
QA :INFO  - QAInfo: Done with Event [no. 32/run 0/evt. 32/Date.Time 20090628.53220/sta 0] Real Time =       0.02 seconds Cpu Time =        0.02 seconds
QA :INFO  - QAInfo: Cpu Times: user / system / user children / system children =     0.02 /     0.00 /     0.00 /     0.00 seconds (tick =   100.00, cps = 1000000)
QA :INFO  - QAInfo: Cpu Times: all threads =     0.023358170 seconds
StPythiaFourPMaker:INFO  - TVector3::PseudoRapidity : transvers momentum = 0! return +/- 10e10
StPythiaFourPMaker:INFO  - TVector3::PseudoRapidity : transvers momentum = 0! return +/- 10e10
StMCAsymMaker:WARN  - No StMcEvent
StMCAsymMaker:INFO  - *** StMCAsymMaker::Make() == StWarn(1) ***
StJetMaker2012:INFO  - TVector3::PseudoRapidity : transvers momentum = 0! return +/- 10e10
StJetMaker2012:INFO  - TVector3::PseudoRapidity : transvers momentum = 0! return +/- 10e10
StJetMaker2012:INFO  - TVector3::PseudoRapidity : transvers momentum = 0! return +/- 10e10
StJetMaker2012:INFO  - TVector3::PseudoRapidity : transvers momentum = 0! return +/- 10e10
StJetMaker2012:INFO  - TVector3::PseudoRapidity : transvers momentum = 0! return +/- 10e10
StJetMaker2012:INFO  - TVector3::PseudoRapidity : transvers momentum = 0! return +/- 10e10
StJetMaker2012:INFO  - TVector3::PseudoRapidity : transvers momentum = 0! return +/- 10e10
StJetMaker2012:INFO  - TVector3::PseudoRapidity : transvers momentum = 0! return +/- 10e10
StJetMaker2012:INFO  - TVector3::PseudoRapidity : transvers momentum = 0! return +/- 10e10
StJetMaker2012:INFO  - TVector3::PseudoRapidity : transvers momentum = 0! return +/- 10e10
StJetMaker2012:INFO  - TVector3::PseudoRapidity : transvers momentum = 0! return +/- 10e10
StJetMaker2012:INFO  - TVector3::PseudoRapidity : transvers momentum = 0! return +/- 10e10
StJetMaker2012:INFO  - TVector3::PseudoRapidity : transvers momentum = 0! return +/- 10e10
StJetMaker2012:INFO  - TVector3::PseudoRapidity : transvers momentum = 0! return +/- 10e10
StJetMaker2012:INFO  - TVector3::PseudoRapidity : transvers momentum = 0! return +/- 10e10
StJetMaker2012:INFO  - TVector3::PseudoRapidity : transvers momentum = 0! return +/- 10e10
StJetMaker2012:INFO  - TVector3::PseudoRapidity : transvers momentum = 0! return +/- 10e10
StJetMaker2012:INFO  - TVector3::PseudoRapidity : transvers momentum = 0! return +/- 10e10
StJetMaker2012:INFO  - TVector3::PseudoRapidity : transvers momentum = 0! return +/- 10e10
StJetMaker2012:INFO  - TVector3::PseudoRapidity : transvers momentum = 0! return +/- 10e10
QA :INFO  - QAInfo: Done with Event [no. 33/run 0/evt. 33/Date.Time 20090628.53220/sta 0] Real Time =       0.02 seconds Cpu Time =        0.02 seconds
QA :INFO  - QAInfo: Cpu Times: user / system / user children / system children =     0.02 /     0.00 /     0.00 /     0.00 seconds (tick =   100.00, cps = 1000000)
QA :INFO  - QAInfo: Cpu Times: all threads =     0.023781150 seconds
StPythiaFourPMaker:INFO  - TVector3::PseudoRapidity : transvers momentum = 0! return +/- 10e10
StPythiaFourPMaker:INFO  - TVector3::PseudoRapidity : transvers momentum = 0! return +/- 10e10
StMCAsymMaker:WARN  - No StMcEvent
StMCAsymMaker:INFO  - *** StMCAsymMaker::Make() == StWarn(1) ***
StJetMaker2012:INFO  - TVector3::PseudoRapidity : transvers momentum = 0! return +/- 10e10
StJetMaker2012:INFO  - TVector3::PseudoRapidity : transvers momentum = 0! return +/- 10e10
StJetMaker2012:INFO  - TVector3::PseudoRapidity : transvers momentum = 0! return +/- 10e10
StJetMaker2012:INFO  - TVector3::PseudoRapidity : transvers momentum = 0! return +/- 10e10
StJetMaker2012:INFO  - TVector3::PseudoRapidity : transvers momentum = 0! return +/- 10e10
StJetMaker2012:INFO  - TVector3::PseudoRapidity : transvers momentum = 0! return +/- 10e10
StJetMaker2012:INFO  - TVector3::PseudoRapidity : transvers momentum = 0! return +/- 10e10
StJetMaker2012:INFO  - TVector3::PseudoRapidity : transvers momentum = 0! return +/- 10e10
StJetMaker2012:INFO  - TVector3::PseudoRapidity : transvers momentum = 0! return +/- 10e10
StJetMaker2012:INFO  - TVector3::PseudoRapidity : transvers momentum = 0! return +/- 10e10
StJetMaker2012:INFO  - TVector3::PseudoRapidity : transvers momentum = 0! return +/- 10e10
StJetMaker2012:INFO  - TVector3::PseudoRapidity : transvers momentum = 0! return +/- 10e10
StJetMaker2012:INFO  - TVector3::PseudoRapidity : transvers momentum = 0! return +/- 10e10
StJetMaker2012:INFO  - TVector3::PseudoRapidity : transvers momentum = 0! return +/- 10e10
StJetMaker2012:INFO  - TVector3::PseudoRapidity : transvers momentum = 0! return +/- 10e10
StJetMaker2012:INFO  - TVector3::PseudoRapidity : transvers momentum = 0! return +/- 10e10
StJetMaker2012:INFO  - TVector3::PseudoRapidity : transvers momentum = 0! return +/- 10e10
StJetMaker2012:INFO  - TVector3::PseudoRapidity : transvers momentum = 0! return +/- 10e10
StJetMaker2012:INFO  - TVector3::PseudoRapidity : transvers momentum = 0! return +/- 10e10
StJetMaker2012:INFO  - TVector3::PseudoRapidity : transvers momentum = 0! return +/- 10e10
QA :INFO  - QAInfo: Done with Event [no. 34/run 0/evt. 34/Date.Time 20090628.53220/sta 0] Real Time =       0.02 seconds Cpu Time =        0.02 seconds
QA :INFO  - QAInfo: Cpu Times: user / system / user children / system children =     0.02 /     0.00 /     0.00 /     0.00 seconds (tick =   100.00, cps = 1000000)
QA :INFO  - QAInfo: Cpu Times: all threads =     0.021765710 seconds
StPythiaFourPMaker:INFO  - TVector3::PseudoRapidity : transvers momentum = 0! return +/- 10e10
StPythiaFourPMaker:INFO  - TVector3::PseudoRapidity : transvers momentum = 0! return +/- 10e10
StMCAsymMaker:WARN  - No StMcEvent
StMCAsymMaker:INFO  - *** StMCAsymMaker::Make() == StWarn(1) ***
StJetMaker2012:INFO  - TVector3::PseudoRapidity : transvers momentum = 0! return +/- 10e10
StJetMaker2012:INFO  - TVector3::PseudoRapidity : transvers momentum = 0! return +/- 10e10
StJetMaker2012:INFO  - TVector3::PseudoRapidity : transvers momentum = 0! return +/- 10e10
StJetMaker2012:INFO  - TVector3::PseudoRapidity : transvers momentum = 0! return +/- 10e10
StJetMaker2012:INFO  - TVector3::PseudoRapidity : transvers momentum = 0! return +/- 10e10
StJetMaker2012:INFO  - TVector3::PseudoRapidity : transvers momentum = 0! return +/- 10e10
StJetMaker2012:INFO  - TVector3::PseudoRapidity : transvers momentum = 0! return +/- 10e10
StJetMaker2012:INFO  - TVector3::PseudoRapidity : transvers momentum = 0! return +/- 10e10
StJetMaker2012:INFO  - TVector3::PseudoRapidity : transvers momentum = 0! return +/- 10e10
StJetMaker2012:INFO  - TVector3::PseudoRapidity : transvers momentum = 0! return +/- 10e10
StJetMaker2012:INFO  - TVector3::PseudoRapidity : transvers momentum = 0! return +/- 10e10
StJetMaker2012:INFO  - TVector3::PseudoRapidity : transvers momentum = 0! return +/- 10e10
StJetMaker2012:INFO  - TVector3::PseudoRapidity : transvers momentum = 0! return +/- 10e10
StJetMaker2012:INFO  - TVector3::PseudoRapidity : transvers momentum = 0! return +/- 10e10
StJetMaker2012:INFO  - TVector3::PseudoRapidity : transvers momentum = 0! return +/- 10e10
StJetMaker2012:INFO  - TVector3::PseudoRapidity : transvers momentum = 0! return +/- 10e10
StJetMaker2012:INFO  - TVector3::PseudoRapidity : transvers momentum = 0! return +/- 10e10
StJetMaker2012:INFO  - TVector3::PseudoRapidity : transvers momentum = 0! return +/- 10e10
StJetMaker2012:INFO  - TVector3::PseudoRapidity : transvers momentum = 0! return +/- 10e10
StJetMaker2012:INFO  - TVector3::PseudoRapidity : transvers momentum = 0! return +/- 10e10
QA :INFO  - QAInfo: Done with Event [no. 35/run 0/evt. 35/Date.Time 20090628.53220/sta 0] Real Time =       0.02 seconds Cpu Time =        0.03 seconds
QA :INFO  - QAInfo: Cpu Times: user / system / user children / system children =     0.03 /     0.00 /     0.00 /     0.00 seconds (tick =   100.00, cps = 1000000)
QA :INFO  - QAInfo: Cpu Times: all threads =     0.021550450 seconds
StPythiaFourPMaker:INFO  - TVector3::PseudoRapidity : transvers momentum = 0! return +/- 10e10
StPythiaFourPMaker:INFO  - TVector3::PseudoRapidity : transvers momentum = 0! return +/- 10e10
StMCAsymMaker:WARN  - No StMcEvent
StMCAsymMaker:INFO  - *** StMCAsymMaker::Make() == StWarn(1) ***
StJetMaker2012:INFO  - TVector3::PseudoRapidity : transvers momentum = 0! return +/- 10e10
StJetMaker2012:INFO  - TVector3::PseudoRapidity : transvers momentum = 0! return +/- 10e10
StJetMaker2012:INFO  - TVector3::PseudoRapidity : transvers momentum = 0! return +/- 10e10
StJetMaker2012:INFO  - TVector3::PseudoRapidity : transvers momentum = 0! return +/- 10e10
StJetMaker2012:INFO  - TVector3::PseudoRapidity : transvers momentum = 0! return +/- 10e10
StJetMaker2012:INFO  - TVector3::PseudoRapidity : transvers momentum = 0! return +/- 10e10
StJetMaker2012:INFO  - TVector3::PseudoRapidity : transvers momentum = 0! return +/- 10e10
StJetMaker2012:INFO  - TVector3::PseudoRapidity : transvers momentum = 0! return +/- 10e10
StJetMaker2012:INFO  - TVector3::PseudoRapidity : transvers momentum = 0! return +/- 10e10
StJetMaker2012:INFO  - TVector3::PseudoRapidity : transvers momentum = 0! return +/- 10e10
StJetMaker2012:INFO  - TVector3::PseudoRapidity : transvers momentum = 0! return +/- 10e10
StJetMaker2012:INFO  - TVector3::PseudoRapidity : transvers momentum = 0! return +/- 10e10
StJetMaker2012:INFO  - TVector3::PseudoRapidity : transvers momentum = 0! return +/- 10e10
StJetMaker2012:INFO  - TVector3::PseudoRapidity : transvers momentum = 0! return +/- 10e10
StJetMaker2012:INFO  - TVector3::PseudoRapidity : transvers momentum = 0! return +/- 10e10
StJetMaker2012:INFO  - TVector3::PseudoRapidity : transvers momentum = 0! return +/- 10e10
StJetMaker2012:INFO  - TVector3::PseudoRapidity : transvers momentum = 0! return +/- 10e10
StJetMaker2012:INFO  - TVector3::PseudoRapidity : transvers momentum = 0! return +/- 10e10
StJetMaker2012:INFO  - TVector3::PseudoRapidity : transvers momentum = 0! return +/- 10e10
StJetMaker2012:INFO  - TVector3::PseudoRapidity : transvers momentum = 0! return +/- 10e10
QA :INFO  - QAInfo: Done with Event [no. 36/run 0/evt. 36/Date.Time 20090628.53220/sta 0] Real Time =       0.02 seconds Cpu Time =        0.02 seconds
QA :INFO  - QAInfo: Cpu Times: user / system / user children / system children =     0.02 /     0.00 /     0.00 /     0.00 seconds (tick =   100.00, cps = 1000000)
QA :INFO  - QAInfo: Cpu Times: all threads =     0.020234670 seconds
StPythiaFourPMaker:INFO  - TVector3::PseudoRapidity : transvers momentum = 0! return +/- 10e10
StPythiaFourPMaker:INFO  - TVector3::PseudoRapidity : transvers momentum = 0! return +/- 10e10
StMCAsymMaker:WARN  - No StMcEvent
StMCAsymMaker:INFO  - *** StMCAsymMaker::Make() == StWarn(1) ***
StJetMaker2012:INFO  - TVector3::PseudoRapidity : transvers momentum = 0! return +/- 10e10
StJetMaker2012:INFO  - TVector3::PseudoRapidity : transvers momentum = 0! return +/- 10e10
StJetMaker2012:INFO  - TVector3::PseudoRapidity : transvers momentum = 0! return +/- 10e10
StJetMaker2012:INFO  - TVector3::PseudoRapidity : transvers momentum = 0! return +/- 10e10
StJetMaker2012:INFO  - TVector3::PseudoRapidity : transvers momentum = 0! return +/- 10e10
StJetMaker2012:INFO  - TVector3::PseudoRapidity : transvers momentum = 0! return +/- 10e10
StJetMaker2012:INFO  - TVector3::PseudoRapidity : transvers momentum = 0! return +/- 10e10
StJetMaker2012:INFO  - TVector3::PseudoRapidity : transvers momentum = 0! return +/- 10e10
StJetMaker2012:INFO  - TVector3::PseudoRapidity : transvers momentum = 0! return +/- 10e10
StJetMaker2012:INFO  - TVector3::PseudoRapidity : transvers momentum = 0! return +/- 10e10
StJetMaker2012:INFO  - TVector3::PseudoRapidity : transvers momentum = 0! return +/- 10e10
StJetMaker2012:INFO  - TVector3::PseudoRapidity : transvers momentum = 0! return +/- 10e10
StJetMaker2012:INFO  - TVector3::PseudoRapidity : transvers momentum = 0! return +/- 10e10
StJetMaker2012:INFO  - TVector3::PseudoRapidity : transvers momentum = 0! return +/- 10e10
StJetMaker2012:INFO  - TVector3::PseudoRapidity : transvers momentum = 0! return +/- 10e10
StJetMaker2012:INFO  - TVector3::PseudoRapidity : transvers momentum = 0! return +/- 10e10
StJetMaker2012:INFO  - TVector3::PseudoRapidity : transvers momentum = 0! return +/- 10e10
StJetMaker2012:INFO  - TVector3::PseudoRapidity : transvers momentum = 0! return +/- 10e10
StJetMaker2012:INFO  - TVector3::PseudoRapidity : transvers momentum = 0! return +/- 10e10
StJetMaker2012:INFO  - TVector3::PseudoRapidity : transvers momentum = 0! return +/- 10e10
QA :INFO  - QAInfo: Done with Event [no. 37/run 0/evt. 37/Date.Time 20090628.53220/sta 0] Real Time =       0.02 seconds Cpu Time =        0.02 seconds
QA :INFO  - QAInfo: Cpu Times: user / system / user children / system children =     0.02 /     0.00 /     0.00 /     0.00 seconds (tick =   100.00, cps = 1000000)
QA :INFO  - QAInfo: Cpu Times: all threads =     0.019257950 seconds
StPythiaFourPMaker:INFO  - TVector3::PseudoRapidity : transvers momentum = 0! return +/- 10e10
StPythiaFourPMaker:INFO  - TVector3::PseudoRapidity : transvers momentum = 0! return +/- 10e10
StMCAsymMaker:WARN  - No StMcEvent
StMCAsymMaker:INFO  - *** StMCAsymMaker::Make() == StWarn(1) ***
StJetMaker2012:INFO  - TVector3::PseudoRapidity : transvers momentum = 0! return +/- 10e10
StJetMaker2012:INFO  - TVector3::PseudoRapidity : transvers momentum = 0! return +/- 10e10
StJetMaker2012:INFO  - TVector3::PseudoRapidity : transvers momentum = 0! return +/- 10e10
StJetMaker2012:INFO  - TVector3::PseudoRapidity : transvers momentum = 0! return +/- 10e10
StJetMaker2012:INFO  - TVector3::PseudoRapidity : transvers momentum = 0! return +/- 10e10
StJetMaker2012:INFO  - TVector3::PseudoRapidity : transvers momentum = 0! return +/- 10e10
StJetMaker2012:INFO  - TVector3::PseudoRapidity : transvers momentum = 0! return +/- 10e10
StJetMaker2012:INFO  - TVector3::PseudoRapidity : transvers momentum = 0! return +/- 10e10
StJetMaker2012:INFO  - TVector3::PseudoRapidity : transvers momentum = 0! return +/- 10e10
StJetMaker2012:INFO  - TVector3::PseudoRapidity : transvers momentum = 0! return +/- 10e10
StJetMaker2012:INFO  - TVector3::PseudoRapidity : transvers momentum = 0! return +/- 10e10
StJetMaker2012:INFO  - TVector3::PseudoRapidity : transvers momentum = 0! return +/- 10e10
StJetMaker2012:INFO  - TVector3::PseudoRapidity : transvers momentum = 0! return +/- 10e10
StJetMaker2012:INFO  - TVector3::PseudoRapidity : transvers momentum = 0! return +/- 10e10
StJetMaker2012:INFO  - TVector3::PseudoRapidity : transvers momentum = 0! return +/- 10e10
StJetMaker2012:INFO  - TVector3::PseudoRapidity : transvers momentum = 0! return +/- 10e10
StJetMaker2012:INFO  - TVector3::PseudoRapidity : transvers momentum = 0! return +/- 10e10
StJetMaker2012:INFO  - TVector3::PseudoRapidity : transvers momentum = 0! return +/- 10e10
StJetMaker2012:INFO  - TVector3::PseudoRapidity : transvers momentum = 0! return +/- 10e10
StJetMaker2012:INFO  - TVector3::PseudoRapidity : transvers momentum = 0! return +/- 10e10
QA :INFO  - QAInfo: Done with Event [no. 38/run 0/evt. 38/Date.Time 20090628.53220/sta 0] Real Time =       0.02 seconds Cpu Time =        0.01 seconds
QA :INFO  - QAInfo: Cpu Times: user / system / user children / system children =     0.01 /     0.00 /     0.00 /     0.00 seconds (tick =   100.00, cps = 1000000)
QA :INFO  - QAInfo: Cpu Times: all threads =     0.019127460 seconds
StPythiaFourPMaker:INFO  - TVector3::PseudoRapidity : transvers momentum = 0! return +/- 10e10
StPythiaFourPMaker:INFO  - TVector3::PseudoRapidity : transvers momentum = 0! return +/- 10e10
StMCAsymMaker:WARN  - No StMcEvent
StMCAsymMaker:INFO  - *** StMCAsymMaker::Make() == StWarn(1) ***
StJetMaker2012:INFO  - TVector3::PseudoRapidity : transvers momentum = 0! return +/- 10e10
StJetMaker2012:INFO  - TVector3::PseudoRapidity : transvers momentum = 0! return +/- 10e10
StJetMaker2012:INFO  - TVector3::PseudoRapidity : transvers momentum = 0! return +/- 10e10
StJetMaker2012:INFO  - TVector3::PseudoRapidity : transvers momentum = 0! return +/- 10e10
StJetMaker2012:INFO  - TVector3::PseudoRapidity : transvers momentum = 0! return +/- 10e10
StJetMaker2012:INFO  - TVector3::PseudoRapidity : transvers momentum = 0! return +/- 10e10
StJetMaker2012:INFO  - TVector3::PseudoRapidity : transvers momentum = 0! return +/- 10e10
StJetMaker2012:INFO  - TVector3::PseudoRapidity : transvers momentum = 0! return +/- 10e10
StJetMaker2012:INFO  - TVector3::PseudoRapidity : transvers momentum = 0! return +/- 10e10
StJetMaker2012:INFO  - TVector3::PseudoRapidity : transvers momentum = 0! return +/- 10e10
StJetMaker2012:INFO  - TVector3::PseudoRapidity : transvers momentum = 0! return +/- 10e10
StJetMaker2012:INFO  - TVector3::PseudoRapidity : transvers momentum = 0! return +/- 10e10
StJetMaker2012:INFO  - TVector3::PseudoRapidity : transvers momentum = 0! return +/- 10e10
StJetMaker2012:INFO  - TVector3::PseudoRapidity : transvers momentum = 0! return +/- 10e10
StJetMaker2012:INFO  - TVector3::PseudoRapidity : transvers momentum = 0! return +/- 10e10
StJetMaker2012:INFO  - TVector3::PseudoRapidity : transvers momentum = 0! return +/- 10e10
StJetMaker2012:INFO  - TVector3::PseudoRapidity : transvers momentum = 0! return +/- 10e10
StJetMaker2012:INFO  - TVector3::PseudoRapidity : transvers momentum = 0! return +/- 10e10
StJetMaker2012:INFO  - TVector3::PseudoRapidity : transvers momentum = 0! return +/- 10e10
StJetMaker2012:INFO  - TVector3::PseudoRapidity : transvers momentum = 0! return +/- 10e10
QA :INFO  - QAInfo: Done with Event [no. 39/run 0/evt. 39/Date.Time 20090628.53220/sta 0] Real Time =       0.02 seconds Cpu Time =        0.02 seconds
QA :INFO  - QAInfo: Cpu Times: user / system / user children / system children =     0.02 /     0.00 /     0.00 /     0.00 seconds (tick =   100.00, cps = 1000000)
QA :INFO  - QAInfo: Cpu Times: all threads =     0.018900260 seconds
StPythiaFourPMaker:INFO  - TVector3::PseudoRapidity : transvers momentum = 0! return +/- 10e10
StPythiaFourPMaker:INFO  - TVector3::PseudoRapidity : transvers momentum = 0! return +/- 10e10
StMCAsymMaker:WARN  - No StMcEvent
StMCAsymMaker:INFO  - *** StMCAsymMaker::Make() == StWarn(1) ***
StJetMaker2012:INFO  - TVector3::PseudoRapidity : transvers momentum = 0! return +/- 10e10
StJetMaker2012:INFO  - TVector3::PseudoRapidity : transvers momentum = 0! return +/- 10e10
StJetMaker2012:INFO  - TVector3::PseudoRapidity : transvers momentum = 0! return +/- 10e10
StJetMaker2012:INFO  - TVector3::PseudoRapidity : transvers momentum = 0! return +/- 10e10
StJetMaker2012:INFO  - TVector3::PseudoRapidity : transvers momentum = 0! return +/- 10e10
StJetMaker2012:INFO  - TVector3::PseudoRapidity : transvers momentum = 0! return +/- 10e10
StJetMaker2012:INFO  - TVector3::PseudoRapidity : transvers momentum = 0! return +/- 10e10
StJetMaker2012:INFO  - TVector3::PseudoRapidity : transvers momentum = 0! return +/- 10e10
StJetMaker2012:INFO  - TVector3::PseudoRapidity : transvers momentum = 0! return +/- 10e10
StJetMaker2012:INFO  - TVector3::PseudoRapidity : transvers momentum = 0! return +/- 10e10
StJetMaker2012:INFO  - TVector3::PseudoRapidity : transvers momentum = 0! return +/- 10e10
StJetMaker2012:INFO  - TVector3::PseudoRapidity : transvers momentum = 0! return +/- 10e10
StJetMaker2012:INFO  - TVector3::PseudoRapidity : transvers momentum = 0! return +/- 10e10
StJetMaker2012:INFO  - TVector3::PseudoRapidity : transvers momentum = 0! return +/- 10e10
StJetMaker2012:INFO  - TVector3::PseudoRapidity : transvers momentum = 0! return +/- 10e10
StJetMaker2012:INFO  - TVector3::PseudoRapidity : transvers momentum = 0! return +/- 10e10
StJetMaker2012:INFO  - TVector3::PseudoRapidity : transvers momentum = 0! return +/- 10e10
StJetMaker2012:INFO  - TVector3::PseudoRapidity : transvers momentum = 0! return +/- 10e10
StJetMaker2012:INFO  - TVector3::PseudoRapidity : transvers momentum = 0! return +/- 10e10
StJetMaker2012:INFO  - TVector3::PseudoRapidity : transvers momentum = 0! return +/- 10e10
QA :INFO  - QAInfo: Done with Event [no. 40/run 0/evt. 40/Date.Time 20090628.53220/sta 0] Real Time =       0.02 seconds Cpu Time =        0.03 seconds
QA :INFO  - QAInfo: Cpu Times: user / system / user children / system children =     0.03 /     0.00 /     0.00 /     0.00 seconds (tick =   100.00, cps = 1000000)
QA :INFO  - QAInfo: Cpu Times: all threads =     0.024016900 seconds
StPythiaFourPMaker:INFO  - TVector3::PseudoRapidity : transvers momentum = 0! return +/- 10e10
StPythiaFourPMaker:INFO  - TVector3::PseudoRapidity : transvers momentum = 0! return +/- 10e10
StMCAsymMaker:WARN  - No StMcEvent
StMCAsymMaker:INFO  - *** StMCAsymMaker::Make() == StWarn(1) ***
StJetMaker2012:INFO  - TVector3::PseudoRapidity : transvers momentum = 0! return +/- 10e10
StJetMaker2012:INFO  - TVector3::PseudoRapidity : transvers momentum = 0! return +/- 10e10
StJetMaker2012:INFO  - TVector3::PseudoRapidity : transvers momentum = 0! return +/- 10e10
StJetMaker2012:INFO  - TVector3::PseudoRapidity : transvers momentum = 0! return +/- 10e10
StJetMaker2012:INFO  - TVector3::PseudoRapidity : transvers momentum = 0! return +/- 10e10
StJetMaker2012:INFO  - TVector3::PseudoRapidity : transvers momentum = 0! return +/- 10e10
StJetMaker2012:INFO  - TVector3::PseudoRapidity : transvers momentum = 0! return +/- 10e10
StJetMaker2012:INFO  - TVector3::PseudoRapidity : transvers momentum = 0! return +/- 10e10
StJetMaker2012:INFO  - TVector3::PseudoRapidity : transvers momentum = 0! return +/- 10e10
StJetMaker2012:INFO  - TVector3::PseudoRapidity : transvers momentum = 0! return +/- 10e10
StJetMaker2012:INFO  - TVector3::PseudoRapidity : transvers momentum = 0! return +/- 10e10
StJetMaker2012:INFO  - TVector3::PseudoRapidity : transvers momentum = 0! return +/- 10e10
StJetMaker2012:INFO  - TVector3::PseudoRapidity : transvers momentum = 0! return +/- 10e10
StJetMaker2012:INFO  - TVector3::PseudoRapidity : transvers momentum = 0! return +/- 10e10
StJetMaker2012:INFO  - TVector3::PseudoRapidity : transvers momentum = 0! return +/- 10e10
StJetMaker2012:INFO  - TVector3::PseudoRapidity : transvers momentum = 0! return +/- 10e10
StJetMaker2012:INFO  - TVector3::PseudoRapidity : transvers momentum = 0! return +/- 10e10
StJetMaker2012:INFO  - TVector3::PseudoRapidity : transvers momentum = 0! return +/- 10e10
StJetMaker2012:INFO  - TVector3::PseudoRapidity : transvers momentum = 0! return +/- 10e10
StJetMaker2012:INFO  - TVector3::PseudoRapidity : transvers momentum = 0! return +/- 10e10
QA :INFO  - QAInfo: Done with Event [no. 41/run 0/evt. 41/Date.Time 20090628.53220/sta 0] Real Time =       0.03 seconds Cpu Time =        0.02 seconds
QA :INFO  - QAInfo: Cpu Times: user / system / user children / system children =     0.02 /     0.00 /     0.00 /     0.00 seconds (tick =   100.00, cps = 1000000)
QA :INFO  - QAInfo: Cpu Times: all threads =     0.025308840 seconds
StPythiaFourPMaker:INFO  - TVector3::PseudoRapidity : transvers momentum = 0! return +/- 10e10
StPythiaFourPMaker:INFO  - TVector3::PseudoRapidity : transvers momentum = 0! return +/- 10e10
StMCAsymMaker:WARN  - No StMcEvent
StMCAsymMaker:INFO  - *** StMCAsymMaker::Make() == StWarn(1) ***
StJetMaker2012:INFO  - TVector3::PseudoRapidity : transvers momentum = 0! return +/- 10e10
StJetMaker2012:INFO  - TVector3::PseudoRapidity : transvers momentum = 0! return +/- 10e10
StJetMaker2012:INFO  - TVector3::PseudoRapidity : transvers momentum = 0! return +/- 10e10
StJetMaker2012:INFO  - TVector3::PseudoRapidity : transvers momentum = 0! return +/- 10e10
StJetMaker2012:INFO  - TVector3::PseudoRapidity : transvers momentum = 0! return +/- 10e10
StJetMaker2012:INFO  - TVector3::PseudoRapidity : transvers momentum = 0! return +/- 10e10
StJetMaker2012:INFO  - TVector3::PseudoRapidity : transvers momentum = 0! return +/- 10e10
StJetMaker2012:INFO  - TVector3::PseudoRapidity : transvers momentum = 0! return +/- 10e10
StJetMaker2012:INFO  - TVector3::PseudoRapidity : transvers momentum = 0! return +/- 10e10
StJetMaker2012:INFO  - TVector3::PseudoRapidity : transvers momentum = 0! return +/- 10e10
StJetMaker2012:INFO  - TVector3::PseudoRapidity : transvers momentum = 0! return +/- 10e10
StJetMaker2012:INFO  - TVector3::PseudoRapidity : transvers momentum = 0! return +/- 10e10
StJetMaker2012:INFO  - TVector3::PseudoRapidity : transvers momentum = 0! return +/- 10e10
StJetMaker2012:INFO  - TVector3::PseudoRapidity : transvers momentum = 0! return +/- 10e10
StJetMaker2012:INFO  - TVector3::PseudoRapidity : transvers momentum = 0! return +/- 10e10
StJetMaker2012:INFO  - TVector3::PseudoRapidity : transvers momentum = 0! return +/- 10e10
StJetMaker2012:INFO  - TVector3::PseudoRapidity : transvers momentum = 0! return +/- 10e10
StJetMaker2012:INFO  - TVector3::PseudoRapidity : transvers momentum = 0! return +/- 10e10
StJetMaker2012:INFO  - TVector3::PseudoRapidity : transvers momentum = 0! return +/- 10e10
StJetMaker2012:INFO  - TVector3::PseudoRapidity : transvers momentum = 0! return +/- 10e10
QA :INFO  - QAInfo: Done with Event [no. 42/run 0/evt. 42/Date.Time 20090628.53220/sta 0] Real Time =       0.02 seconds Cpu Time =        0.02 seconds
QA :INFO  - QAInfo: Cpu Times: user / system / user children / system children =     0.02 /     0.00 /     0.00 /     0.00 seconds (tick =   100.00, cps = 1000000)
QA :INFO  - QAInfo: Cpu Times: all threads =     0.023353539 seconds
StPythiaFourPMaker:INFO  - TVector3::PseudoRapidity : transvers momentum = 0! return +/- 10e10
StPythiaFourPMaker:INFO  - TVector3::PseudoRapidity : transvers momentum = 0! return +/- 10e10
StMCAsymMaker:WARN  - No StMcEvent
StMCAsymMaker:INFO  - *** StMCAsymMaker::Make() == StWarn(1) ***
StJetMaker2012:INFO  - TVector3::PseudoRapidity : transvers momentum = 0! return +/- 10e10
StJetMaker2012:INFO  - TVector3::PseudoRapidity : transvers momentum = 0! return +/- 10e10
StJetMaker2012:INFO  - TVector3::PseudoRapidity : transvers momentum = 0! return +/- 10e10
StJetMaker2012:INFO  - TVector3::PseudoRapidity : transvers momentum = 0! return +/- 10e10
StJetMaker2012:INFO  - TVector3::PseudoRapidity : transvers momentum = 0! return +/- 10e10
StJetMaker2012:INFO  - TVector3::PseudoRapidity : transvers momentum = 0! return +/- 10e10
StJetMaker2012:INFO  - TVector3::PseudoRapidity : transvers momentum = 0! return +/- 10e10
StJetMaker2012:INFO  - TVector3::PseudoRapidity : transvers momentum = 0! return +/- 10e10
StJetMaker2012:INFO  - TVector3::PseudoRapidity : transvers momentum = 0! return +/- 10e10
StJetMaker2012:INFO  - TVector3::PseudoRapidity : transvers momentum = 0! return +/- 10e10
StJetMaker2012:INFO  - TVector3::PseudoRapidity : transvers momentum = 0! return +/- 10e10
StJetMaker2012:INFO  - TVector3::PseudoRapidity : transvers momentum = 0! return +/- 10e10
StJetMaker2012:INFO  - TVector3::PseudoRapidity : transvers momentum = 0! return +/- 10e10
StJetMaker2012:INFO  - TVector3::PseudoRapidity : transvers momentum = 0! return +/- 10e10
StJetMaker2012:INFO  - TVector3::PseudoRapidity : transvers momentum = 0! return +/- 10e10
StJetMaker2012:INFO  - TVector3::PseudoRapidity : transvers momentum = 0! return +/- 10e10
StJetMaker2012:INFO  - TVector3::PseudoRapidity : transvers momentum = 0! return +/- 10e10
StJetMaker2012:INFO  - TVector3::PseudoRapidity : transvers momentum = 0! return +/- 10e10
StJetMaker2012:INFO  - TVector3::PseudoRapidity : transvers momentum = 0! return +/- 10e10
StJetMaker2012:INFO  - TVector3::PseudoRapidity : transvers momentum = 0! return +/- 10e10
QA :INFO  - QAInfo: Done with Event [no. 43/run 0/evt. 43/Date.Time 20090628.53220/sta 0] Real Time =       0.02 seconds Cpu Time =        0.03 seconds
QA :INFO  - QAInfo: Cpu Times: user / system / user children / system children =     0.03 /     0.00 /     0.00 /     0.00 seconds (tick =   100.00, cps = 1000000)
QA :INFO  - QAInfo: Cpu Times: all threads =     0.022935960 seconds
StPythiaFourPMaker:INFO  - TVector3::PseudoRapidity : transvers momentum = 0! return +/- 10e10
StPythiaFourPMaker:INFO  - TVector3::PseudoRapidity : transvers momentum = 0! return +/- 10e10
StMCAsymMaker:WARN  - No StMcEvent
StMCAsymMaker:INFO  - *** StMCAsymMaker::Make() == StWarn(1) ***
StJetMaker2012:INFO  - TVector3::PseudoRapidity : transvers momentum = 0! return +/- 10e10
StJetMaker2012:INFO  - TVector3::PseudoRapidity : transvers momentum = 0! return +/- 10e10
StJetMaker2012:INFO  - TVector3::PseudoRapidity : transvers momentum = 0! return +/- 10e10
StJetMaker2012:INFO  - TVector3::PseudoRapidity : transvers momentum = 0! return +/- 10e10
StJetMaker2012:INFO  - TVector3::PseudoRapidity : transvers momentum = 0! return +/- 10e10
StJetMaker2012:INFO  - TVector3::PseudoRapidity : transvers momentum = 0! return +/- 10e10
StJetMaker2012:INFO  - TVector3::PseudoRapidity : transvers momentum = 0! return +/- 10e10
StJetMaker2012:INFO  - TVector3::PseudoRapidity : transvers momentum = 0! return +/- 10e10
StJetMaker2012:INFO  - TVector3::PseudoRapidity : transvers momentum = 0! return +/- 10e10
StJetMaker2012:INFO  - TVector3::PseudoRapidity : transvers momentum = 0! return +/- 10e10
StJetMaker2012:INFO  - TVector3::PseudoRapidity : transvers momentum = 0! return +/- 10e10
StJetMaker2012:INFO  - TVector3::PseudoRapidity : transvers momentum = 0! return +/- 10e10
StJetMaker2012:INFO  - TVector3::PseudoRapidity : transvers momentum = 0! return +/- 10e10
StJetMaker2012:INFO  - TVector3::PseudoRapidity : transvers momentum = 0! return +/- 10e10
StJetMaker2012:INFO  - TVector3::PseudoRapidity : transvers momentum = 0! return +/- 10e10
StJetMaker2012:INFO  - TVector3::PseudoRapidity : transvers momentum = 0! return +/- 10e10
StJetMaker2012:INFO  - TVector3::PseudoRapidity : transvers momentum = 0! return +/- 10e10
StJetMaker2012:INFO  - TVector3::PseudoRapidity : transvers momentum = 0! return +/- 10e10
StJetMaker2012:INFO  - TVector3::PseudoRapidity : transvers momentum = 0! return +/- 10e10
StJetMaker2012:INFO  - TVector3::PseudoRapidity : transvers momentum = 0! return +/- 10e10
QA :INFO  - QAInfo: Done with Event [no. 44/run 0/evt. 44/Date.Time 20090628.53220/sta 0] Real Time =       0.02 seconds Cpu Time =        0.02 seconds
QA :INFO  - QAInfo: Cpu Times: user / system / user children / system children =     0.02 /     0.00 /     0.00 /     0.00 seconds (tick =   100.00, cps = 1000000)
QA :INFO  - QAInfo: Cpu Times: all threads =     0.023310750 seconds
StPythiaFourPMaker:INFO  - TVector3::PseudoRapidity : transvers momentum = 0! return +/- 10e10
StPythiaFourPMaker:INFO  - TVector3::PseudoRapidity : transvers momentum = 0! return +/- 10e10
StMCAsymMaker:WARN  - No StMcEvent
StMCAsymMaker:INFO  - *** StMCAsymMaker::Make() == StWarn(1) ***
StJetMaker2012:INFO  - TVector3::PseudoRapidity : transvers momentum = 0! return +/- 10e10
StJetMaker2012:INFO  - TVector3::PseudoRapidity : transvers momentum = 0! return +/- 10e10
StJetMaker2012:INFO  - TVector3::PseudoRapidity : transvers momentum = 0! return +/- 10e10
StJetMaker2012:INFO  - TVector3::PseudoRapidity : transvers momentum = 0! return +/- 10e10
StJetMaker2012:INFO  - TVector3::PseudoRapidity : transvers momentum = 0! return +/- 10e10
StJetMaker2012:INFO  - TVector3::PseudoRapidity : transvers momentum = 0! return +/- 10e10
StJetMaker2012:INFO  - TVector3::PseudoRapidity : transvers momentum = 0! return +/- 10e10
StJetMaker2012:INFO  - TVector3::PseudoRapidity : transvers momentum = 0! return +/- 10e10
StJetMaker2012:INFO  - TVector3::PseudoRapidity : transvers momentum = 0! return +/- 10e10
StJetMaker2012:INFO  - TVector3::PseudoRapidity : transvers momentum = 0! return +/- 10e10
StJetMaker2012:INFO  - TVector3::PseudoRapidity : transvers momentum = 0! return +/- 10e10
StJetMaker2012:INFO  - TVector3::PseudoRapidity : transvers momentum = 0! return +/- 10e10
StJetMaker2012:INFO  - TVector3::PseudoRapidity : transvers momentum = 0! return +/- 10e10
StJetMaker2012:INFO  - TVector3::PseudoRapidity : transvers momentum = 0! return +/- 10e10
StJetMaker2012:INFO  - TVector3::PseudoRapidity : transvers momentum = 0! return +/- 10e10
StJetMaker2012:INFO  - TVector3::PseudoRapidity : transvers momentum = 0! return +/- 10e10
StJetMaker2012:INFO  - TVector3::PseudoRapidity : transvers momentum = 0! return +/- 10e10
StJetMaker2012:INFO  - TVector3::PseudoRapidity : transvers momentum = 0! return +/- 10e10
StJetMaker2012:INFO  - TVector3::PseudoRapidity : transvers momentum = 0! return +/- 10e10
StJetMaker2012:INFO  - TVector3::PseudoRapidity : transvers momentum = 0! return +/- 10e10
QA :INFO  - QAInfo: Done with Event [no. 45/run 0/evt. 45/Date.Time 20090628.53220/sta 0] Real Time =       0.02 seconds Cpu Time =        0.02 seconds
QA :INFO  - QAInfo: Cpu Times: user / system / user children / system children =     0.02 /     0.00 /     0.00 /     0.00 seconds (tick =   100.00, cps = 1000000)
QA :INFO  - QAInfo: Cpu Times: all threads =     0.022211170 seconds
StPythiaFourPMaker:INFO  - TVector3::PseudoRapidity : transvers momentum = 0! return +/- 10e10
StPythiaFourPMaker:INFO  - TVector3::PseudoRapidity : transvers momentum = 0! return +/- 10e10
StMCAsymMaker:WARN  - No StMcEvent
StMCAsymMaker:INFO  - *** StMCAsymMaker::Make() == StWarn(1) ***
StJetMaker2012:INFO  - TVector3::PseudoRapidity : transvers momentum = 0! return +/- 10e10
StJetMaker2012:INFO  - TVector3::PseudoRapidity : transvers momentum = 0! return +/- 10e10
StJetMaker2012:INFO  - TVector3::PseudoRapidity : transvers momentum = 0! return +/- 10e10
StJetMaker2012:INFO  - TVector3::PseudoRapidity : transvers momentum = 0! return +/- 10e10
StJetMaker2012:INFO  - TVector3::PseudoRapidity : transvers momentum = 0! return +/- 10e10
StJetMaker2012:INFO  - TVector3::PseudoRapidity : transvers momentum = 0! return +/- 10e10
StJetMaker2012:INFO  - TVector3::PseudoRapidity : transvers momentum = 0! return +/- 10e10
StJetMaker2012:INFO  - TVector3::PseudoRapidity : transvers momentum = 0! return +/- 10e10
StJetMaker2012:INFO  - TVector3::PseudoRapidity : transvers momentum = 0! return +/- 10e10
StJetMaker2012:INFO  - TVector3::PseudoRapidity : transvers momentum = 0! return +/- 10e10
StJetMaker2012:INFO  - TVector3::PseudoRapidity : transvers momentum = 0! return +/- 10e10
StJetMaker2012:INFO  - TVector3::PseudoRapidity : transvers momentum = 0! return +/- 10e10
StJetMaker2012:INFO  - TVector3::PseudoRapidity : transvers momentum = 0! return +/- 10e10
StJetMaker2012:INFO  - TVector3::PseudoRapidity : transvers momentum = 0! return +/- 10e10
StJetMaker2012:INFO  - TVector3::PseudoRapidity : transvers momentum = 0! return +/- 10e10
StJetMaker2012:INFO  - TVector3::PseudoRapidity : transvers momentum = 0! return +/- 10e10
StJetMaker2012:INFO  - TVector3::PseudoRapidity : transvers momentum = 0! return +/- 10e10
StJetMaker2012:INFO  - TVector3::PseudoRapidity : transvers momentum = 0! return +/- 10e10
StJetMaker2012:INFO  - TVector3::PseudoRapidity : transvers momentum = 0! return +/- 10e10
StJetMaker2012:INFO  - TVector3::PseudoRapidity : transvers momentum = 0! return +/- 10e10
QA :INFO  - QAInfo: Done with Event [no. 46/run 0/evt. 46/Date.Time 20090628.53220/sta 0] Real Time =       0.03 seconds Cpu Time =        0.03 seconds
QA :INFO  - QAInfo: Cpu Times: user / system / user children / system children =     0.03 /     0.00 /     0.00 /     0.00 seconds (tick =   100.00, cps = 1000000)
QA :INFO  - QAInfo: Cpu Times: all threads =     0.026097560 seconds
StPythiaFourPMaker:INFO  - TVector3::PseudoRapidity : transvers momentum = 0! return +/- 10e10
StPythiaFourPMaker:INFO  - TVector3::PseudoRapidity : transvers momentum = 0! return +/- 10e10
StMCAsymMaker:WARN  - No StMcEvent
StMCAsymMaker:INFO  - *** StMCAsymMaker::Make() == StWarn(1) ***
StJetMaker2012:INFO  - TVector3::PseudoRapidity : transvers momentum = 0! return +/- 10e10
StJetMaker2012:INFO  - TVector3::PseudoRapidity : transvers momentum = 0! return +/- 10e10
StJetMaker2012:INFO  - TVector3::PseudoRapidity : transvers momentum = 0! return +/- 10e10
StJetMaker2012:INFO  - TVector3::PseudoRapidity : transvers momentum = 0! return +/- 10e10
StJetMaker2012:INFO  - TVector3::PseudoRapidity : transvers momentum = 0! return +/- 10e10
StJetMaker2012:INFO  - TVector3::PseudoRapidity : transvers momentum = 0! return +/- 10e10
StJetMaker2012:INFO  - TVector3::PseudoRapidity : transvers momentum = 0! return +/- 10e10
StJetMaker2012:INFO  - TVector3::PseudoRapidity : transvers momentum = 0! return +/- 10e10
StJetMaker2012:INFO  - TVector3::PseudoRapidity : transvers momentum = 0! return +/- 10e10
StJetMaker2012:INFO  - TVector3::PseudoRapidity : transvers momentum = 0! return +/- 10e10
StJetMaker2012:INFO  - TVector3::PseudoRapidity : transvers momentum = 0! return +/- 10e10
StJetMaker2012:INFO  - TVector3::PseudoRapidity : transvers momentum = 0! return +/- 10e10
StJetMaker2012:INFO  - TVector3::PseudoRapidity : transvers momentum = 0! return +/- 10e10
StJetMaker2012:INFO  - TVector3::PseudoRapidity : transvers momentum = 0! return +/- 10e10
StJetMaker2012:INFO  - TVector3::PseudoRapidity : transvers momentum = 0! return +/- 10e10
StJetMaker2012:INFO  - TVector3::PseudoRapidity : transvers momentum = 0! return +/- 10e10
StJetMaker2012:INFO  - TVector3::PseudoRapidity : transvers momentum = 0! return +/- 10e10
StJetMaker2012:INFO  - TVector3::PseudoRapidity : transvers momentum = 0! return +/- 10e10
StJetMaker2012:INFO  - TVector3::PseudoRapidity : transvers momentum = 0! return +/- 10e10
StJetMaker2012:INFO  - TVector3::PseudoRapidity : transvers momentum = 0! return +/- 10e10
QA :INFO  - QAInfo: Done with Event [no. 47/run 0/evt. 47/Date.Time 20090628.53220/sta 0] Real Time =       0.02 seconds Cpu Time =        0.02 seconds
QA :INFO  - QAInfo: Cpu Times: user / system / user children / system children =     0.02 /     0.00 /     0.00 /     0.00 seconds (tick =   100.00, cps = 1000000)
QA :INFO  - QAInfo: Cpu Times: all threads =     0.018363330 seconds
StPythiaFourPMaker:INFO  - TVector3::PseudoRapidity : transvers momentum = 0! return +/- 10e10
StPythiaFourPMaker:INFO  - TVector3::PseudoRapidity : transvers momentum = 0! return +/- 10e10
StMCAsymMaker:WARN  - No StMcEvent
StMCAsymMaker:INFO  - *** StMCAsymMaker::Make() == StWarn(1) ***
StJetMaker2012:INFO  - TVector3::PseudoRapidity : transvers momentum = 0! return +/- 10e10
StJetMaker2012:INFO  - TVector3::PseudoRapidity : transvers momentum = 0! return +/- 10e10
StJetMaker2012:INFO  - TVector3::PseudoRapidity : transvers momentum = 0! return +/- 10e10
StJetMaker2012:INFO  - TVector3::PseudoRapidity : transvers momentum = 0! return +/- 10e10
StJetMaker2012:INFO  - TVector3::PseudoRapidity : transvers momentum = 0! return +/- 10e10
StJetMaker2012:INFO  - TVector3::PseudoRapidity : transvers momentum = 0! return +/- 10e10
StJetMaker2012:INFO  - TVector3::PseudoRapidity : transvers momentum = 0! return +/- 10e10
StJetMaker2012:INFO  - TVector3::PseudoRapidity : transvers momentum = 0! return +/- 10e10
StJetMaker2012:INFO  - TVector3::PseudoRapidity : transvers momentum = 0! return +/- 10e10
StJetMaker2012:INFO  - TVector3::PseudoRapidity : transvers momentum = 0! return +/- 10e10
StJetMaker2012:INFO  - TVector3::PseudoRapidity : transvers momentum = 0! return +/- 10e10
StJetMaker2012:INFO  - TVector3::PseudoRapidity : transvers momentum = 0! return +/- 10e10
StJetMaker2012:INFO  - TVector3::PseudoRapidity : transvers momentum = 0! return +/- 10e10
StJetMaker2012:INFO  - TVector3::PseudoRapidity : transvers momentum = 0! return +/- 10e10
StJetMaker2012:INFO  - TVector3::PseudoRapidity : transvers momentum = 0! return +/- 10e10
StJetMaker2012:INFO  - TVector3::PseudoRapidity : transvers momentum = 0! return +/- 10e10
StJetMaker2012:INFO  - TVector3::PseudoRapidity : transvers momentum = 0! return +/- 10e10
StJetMaker2012:INFO  - TVector3::PseudoRapidity : transvers momentum = 0! return +/- 10e10
StJetMaker2012:INFO  - TVector3::PseudoRapidity : transvers momentum = 0! return +/- 10e10
StJetMaker2012:INFO  - TVector3::PseudoRapidity : transvers momentum = 0! return +/- 10e10
QA :INFO  - QAInfo: Done with Event [no. 48/run 0/evt. 48/Date.Time 20090628.53220/sta 0] Real Time =       0.02 seconds Cpu Time =        0.01 seconds
QA :INFO  - QAInfo: Cpu Times: user / system / user children / system children =     0.01 /     0.00 /     0.00 /     0.00 seconds (tick =   100.00, cps = 1000000)
QA :INFO  - QAInfo: Cpu Times: all threads =     0.017972010 seconds
StPythiaFourPMaker:INFO  - TVector3::PseudoRapidity : transvers momentum = 0! return +/- 10e10
StPythiaFourPMaker:INFO  - TVector3::PseudoRapidity : transvers momentum = 0! return +/- 10e10
StMCAsymMaker:WARN  - No StMcEvent
StMCAsymMaker:INFO  - *** StMCAsymMaker::Make() == StWarn(1) ***
StJetMaker2012:INFO  - TVector3::PseudoRapidity : transvers momentum = 0! return +/- 10e10
StJetMaker2012:INFO  - TVector3::PseudoRapidity : transvers momentum = 0! return +/- 10e10
StJetMaker2012:INFO  - TVector3::PseudoRapidity : transvers momentum = 0! return +/- 10e10
StJetMaker2012:INFO  - TVector3::PseudoRapidity : transvers momentum = 0! return +/- 10e10
StJetMaker2012:INFO  - TVector3::PseudoRapidity : transvers momentum = 0! return +/- 10e10
StJetMaker2012:INFO  - TVector3::PseudoRapidity : transvers momentum = 0! return +/- 10e10
StJetMaker2012:INFO  - TVector3::PseudoRapidity : transvers momentum = 0! return +/- 10e10
StJetMaker2012:INFO  - TVector3::PseudoRapidity : transvers momentum = 0! return +/- 10e10
StJetMaker2012:INFO  - TVector3::PseudoRapidity : transvers momentum = 0! return +/- 10e10
StJetMaker2012:INFO  - TVector3::PseudoRapidity : transvers momentum = 0! return +/- 10e10
StJetMaker2012:INFO  - TVector3::PseudoRapidity : transvers momentum = 0! return +/- 10e10
StJetMaker2012:INFO  - TVector3::PseudoRapidity : transvers momentum = 0! return +/- 10e10
StJetMaker2012:INFO  - TVector3::PseudoRapidity : transvers momentum = 0! return +/- 10e10
StJetMaker2012:INFO  - TVector3::PseudoRapidity : transvers momentum = 0! return +/- 10e10
StJetMaker2012:INFO  - TVector3::PseudoRapidity : transvers momentum = 0! return +/- 10e10
StJetMaker2012:INFO  - TVector3::PseudoRapidity : transvers momentum = 0! return +/- 10e10
StJetMaker2012:INFO  - TVector3::PseudoRapidity : transvers momentum = 0! return +/- 10e10
StJetMaker2012:INFO  - TVector3::PseudoRapidity : transvers momentum = 0! return +/- 10e10
StJetMaker2012:INFO  - TVector3::PseudoRapidity : transvers momentum = 0! return +/- 10e10
StJetMaker2012:INFO  - TVector3::PseudoRapidity : transvers momentum = 0! return +/- 10e10
QA :INFO  - QAInfo: Done with Event [no. 49/run 0/evt. 49/Date.Time 20090628.53220/sta 0] Real Time =       0.02 seconds Cpu Time =        0.02 seconds
QA :INFO  - QAInfo: Cpu Times: user / system / user children / system children =     0.02 /     0.00 /     0.00 /     0.00 seconds (tick =   100.00, cps = 1000000)
QA :INFO  - QAInfo: Cpu Times: all threads =     0.016752020 seconds
StPythiaFourPMaker:INFO  - TVector3::PseudoRapidity : transvers momentum = 0! return +/- 10e10
StPythiaFourPMaker:INFO  - TVector3::PseudoRapidity : transvers momentum = 0! return +/- 10e10
StMCAsymMaker:WARN  - No StMcEvent
StMCAsymMaker:INFO  - *** StMCAsymMaker::Make() == StWarn(1) ***
StJetMaker2012:INFO  - TVector3::PseudoRapidity : transvers momentum = 0! return +/- 10e10
StJetMaker2012:INFO  - TVector3::PseudoRapidity : transvers momentum = 0! return +/- 10e10
StJetMaker2012:INFO  - TVector3::PseudoRapidity : transvers momentum = 0! return +/- 10e10
StJetMaker2012:INFO  - TVector3::PseudoRapidity : transvers momentum = 0! return +/- 10e10
StJetMaker2012:INFO  - TVector3::PseudoRapidity : transvers momentum = 0! return +/- 10e10
StJetMaker2012:INFO  - TVector3::PseudoRapidity : transvers momentum = 0! return +/- 10e10
StJetMaker2012:INFO  - TVector3::PseudoRapidity : transvers momentum = 0! return +/- 10e10
StJetMaker2012:INFO  - TVector3::PseudoRapidity : transvers momentum = 0! return +/- 10e10
StJetMaker2012:INFO  - TVector3::PseudoRapidity : transvers momentum = 0! return +/- 10e10
StJetMaker2012:INFO  - TVector3::PseudoRapidity : transvers momentum = 0! return +/- 10e10
StJetMaker2012:INFO  - TVector3::PseudoRapidity : transvers momentum = 0! return +/- 10e10
StJetMaker2012:INFO  - TVector3::PseudoRapidity : transvers momentum = 0! return +/- 10e10
StJetMaker2012:INFO  - TVector3::PseudoRapidity : transvers momentum = 0! return +/- 10e10
StJetMaker2012:INFO  - TVector3::PseudoRapidity : transvers momentum = 0! return +/- 10e10
StJetMaker2012:INFO  - TVector3::PseudoRapidity : transvers momentum = 0! return +/- 10e10
StJetMaker2012:INFO  - TVector3::PseudoRapidity : transvers momentum = 0! return +/- 10e10
StJetMaker2012:INFO  - TVector3::PseudoRapidity : transvers momentum = 0! return +/- 10e10
StJetMaker2012:INFO  - TVector3::PseudoRapidity : transvers momentum = 0! return +/- 10e10
StJetMaker2012:INFO  - TVector3::PseudoRapidity : transvers momentum = 0! return +/- 10e10
StJetMaker2012:INFO  - TVector3::PseudoRapidity : transvers momentum = 0! return +/- 10e10
QA :INFO  - QAInfo: Done with Event [no. 50/run 0/evt. 50/Date.Time 20090628.53220/sta 0] Real Time =       0.02 seconds Cpu Time =        0.03 seconds
QA :INFO  - QAInfo: Cpu Times: user / system / user children / system children =     0.02 /     0.01 /     0.00 /     0.00 seconds (tick =   100.00, cps = 1000000)
QA :INFO  - QAInfo: Cpu Times: all threads =     0.020201840 seconds
StPythiaFourPMaker:INFO  - TVector3::PseudoRapidity : transvers momentum = 0! return +/- 10e10
StPythiaFourPMaker:INFO  - TVector3::PseudoRapidity : transvers momentum = 0! return +/- 10e10
StMCAsymMaker:WARN  - No StMcEvent
StMCAsymMaker:INFO  - *** StMCAsymMaker::Make() == StWarn(1) ***
StJetMaker2012:INFO  - TVector3::PseudoRapidity : transvers momentum = 0! return +/- 10e10
StJetMaker2012:INFO  - TVector3::PseudoRapidity : transvers momentum = 0! return +/- 10e10
StJetMaker2012:INFO  - TVector3::PseudoRapidity : transvers momentum = 0! return +/- 10e10
StJetMaker2012:INFO  - TVector3::PseudoRapidity : transvers momentum = 0! return +/- 10e10
StJetMaker2012:INFO  - TVector3::PseudoRapidity : transvers momentum = 0! return +/- 10e10
StJetMaker2012:INFO  - TVector3::PseudoRapidity : transvers momentum = 0! return +/- 10e10
StJetMaker2012:INFO  - TVector3::PseudoRapidity : transvers momentum = 0! return +/- 10e10
StJetMaker2012:INFO  - TVector3::PseudoRapidity : transvers momentum = 0! return +/- 10e10
StJetMaker2012:INFO  - TVector3::PseudoRapidity : transvers momentum = 0! return +/- 10e10
StJetMaker2012:INFO  - TVector3::PseudoRapidity : transvers momentum = 0! return +/- 10e10
StJetMaker2012:INFO  - TVector3::PseudoRapidity : transvers momentum = 0! return +/- 10e10
StJetMaker2012:INFO  - TVector3::PseudoRapidity : transvers momentum = 0! return +/- 10e10
StJetMaker2012:INFO  - TVector3::PseudoRapidity : transvers momentum = 0! return +/- 10e10
StJetMaker2012:INFO  - TVector3::PseudoRapidity : transvers momentum = 0! return +/- 10e10
StJetMaker2012:INFO  - TVector3::PseudoRapidity : transvers momentum = 0! return +/- 10e10
StJetMaker2012:INFO  - TVector3::PseudoRapidity : transvers momentum = 0! return +/- 10e10
StJetMaker2012:INFO  - TVector3::PseudoRapidity : transvers momentum = 0! return +/- 10e10
StJetMaker2012:INFO  - TVector3::PseudoRapidity : transvers momentum = 0! return +/- 10e10
StJetMaker2012:INFO  - TVector3::PseudoRapidity : transvers momentum = 0! return +/- 10e10
StJetMaker2012:INFO  - TVector3::PseudoRapidity : transvers momentum = 0! return +/- 10e10
QA :INFO  - QAInfo: Done with Event [no. 51/run 0/evt. 51/Date.Time 20090628.53220/sta 0] Real Time =       0.02 seconds Cpu Time =        0.02 seconds
QA :INFO  - QAInfo: Cpu Times: user / system / user children / system children =     0.02 /     0.00 /     0.00 /     0.00 seconds (tick =   100.00, cps = 1000000)
QA :INFO  - QAInfo: Cpu Times: all threads =     0.021168900 seconds
StPythiaFourPMaker:INFO  - TVector3::PseudoRapidity : transvers momentum = 0! return +/- 10e10
StPythiaFourPMaker:INFO  - TVector3::PseudoRapidity : transvers momentum = 0! return +/- 10e10
StMCAsymMaker:WARN  - No StMcEvent
StMCAsymMaker:INFO  - *** StMCAsymMaker::Make() == StWarn(1) ***
StJetMaker2012:INFO  - TVector3::PseudoRapidity : transvers momentum = 0! return +/- 10e10
StJetMaker2012:INFO  - TVector3::PseudoRapidity : transvers momentum = 0! return +/- 10e10
StJetMaker2012:INFO  - TVector3::PseudoRapidity : transvers momentum = 0! return +/- 10e10
StJetMaker2012:INFO  - TVector3::PseudoRapidity : transvers momentum = 0! return +/- 10e10
StJetMaker2012:INFO  - TVector3::PseudoRapidity : transvers momentum = 0! return +/- 10e10
StJetMaker2012:INFO  - TVector3::PseudoRapidity : transvers momentum = 0! return +/- 10e10
StJetMaker2012:INFO  - TVector3::PseudoRapidity : transvers momentum = 0! return +/- 10e10
StJetMaker2012:INFO  - TVector3::PseudoRapidity : transvers momentum = 0! return +/- 10e10
StJetMaker2012:INFO  - TVector3::PseudoRapidity : transvers momentum = 0! return +/- 10e10
StJetMaker2012:INFO  - TVector3::PseudoRapidity : transvers momentum = 0! return +/- 10e10
StJetMaker2012:INFO  - TVector3::PseudoRapidity : transvers momentum = 0! return +/- 10e10
StJetMaker2012:INFO  - TVector3::PseudoRapidity : transvers momentum = 0! return +/- 10e10
StJetMaker2012:INFO  - TVector3::PseudoRapidity : transvers momentum = 0! return +/- 10e10
StJetMaker2012:INFO  - TVector3::PseudoRapidity : transvers momentum = 0! return +/- 10e10
StJetMaker2012:INFO  - TVector3::PseudoRapidity : transvers momentum = 0! return +/- 10e10
StJetMaker2012:INFO  - TVector3::PseudoRapidity : transvers momentum = 0! return +/- 10e10
StJetMaker2012:INFO  - TVector3::PseudoRapidity : transvers momentum = 0! return +/- 10e10
StJetMaker2012:INFO  - TVector3::PseudoRapidity : transvers momentum = 0! return +/- 10e10
StJetMaker2012:INFO  - TVector3::PseudoRapidity : transvers momentum = 0! return +/- 10e10
StJetMaker2012:INFO  - TVector3::PseudoRapidity : transvers momentum = 0! return +/- 10e10
QA :INFO  - QAInfo: Done with Event [no. 52/run 0/evt. 52/Date.Time 20090628.53220/sta 0] Real Time =       0.03 seconds Cpu Time =        0.03 seconds
QA :INFO  - QAInfo: Cpu Times: user / system / user children / system children =     0.03 /     0.00 /     0.00 /     0.00 seconds (tick =   100.00, cps = 1000000)
QA :INFO  - QAInfo: Cpu Times: all threads =     0.025238440 seconds
StPythiaFourPMaker:INFO  - TVector3::PseudoRapidity : transvers momentum = 0! return +/- 10e10
StPythiaFourPMaker:INFO  - TVector3::PseudoRapidity : transvers momentum = 0! return +/- 10e10
StMCAsymMaker:WARN  - No StMcEvent
StMCAsymMaker:INFO  - *** StMCAsymMaker::Make() == StWarn(1) ***
StJetMaker2012:INFO  - TVector3::PseudoRapidity : transvers momentum = 0! return +/- 10e10
StJetMaker2012:INFO  - TVector3::PseudoRapidity : transvers momentum = 0! return +/- 10e10
StJetMaker2012:INFO  - TVector3::PseudoRapidity : transvers momentum = 0! return +/- 10e10
StJetMaker2012:INFO  - TVector3::PseudoRapidity : transvers momentum = 0! return +/- 10e10
StJetMaker2012:INFO  - TVector3::PseudoRapidity : transvers momentum = 0! return +/- 10e10
StJetMaker2012:INFO  - TVector3::PseudoRapidity : transvers momentum = 0! return +/- 10e10
StJetMaker2012:INFO  - TVector3::PseudoRapidity : transvers momentum = 0! return +/- 10e10
StJetMaker2012:INFO  - TVector3::PseudoRapidity : transvers momentum = 0! return +/- 10e10
StJetMaker2012:INFO  - TVector3::PseudoRapidity : transvers momentum = 0! return +/- 10e10
StJetMaker2012:INFO  - TVector3::PseudoRapidity : transvers momentum = 0! return +/- 10e10
StJetMaker2012:INFO  - TVector3::PseudoRapidity : transvers momentum = 0! return +/- 10e10
StJetMaker2012:INFO  - TVector3::PseudoRapidity : transvers momentum = 0! return +/- 10e10
StJetMaker2012:INFO  - TVector3::PseudoRapidity : transvers momentum = 0! return +/- 10e10
StJetMaker2012:INFO  - TVector3::PseudoRapidity : transvers momentum = 0! return +/- 10e10
StJetMaker2012:INFO  - TVector3::PseudoRapidity : transvers momentum = 0! return +/- 10e10
StJetMaker2012:INFO  - TVector3::PseudoRapidity : transvers momentum = 0! return +/- 10e10
StJetMaker2012:INFO  - TVector3::PseudoRapidity : transvers momentum = 0! return +/- 10e10
StJetMaker2012:INFO  - TVector3::PseudoRapidity : transvers momentum = 0! return +/- 10e10
StJetMaker2012:INFO  - TVector3::PseudoRapidity : transvers momentum = 0! return +/- 10e10
StJetMaker2012:INFO  - TVector3::PseudoRapidity : transvers momentum = 0! return +/- 10e10
QA :INFO  - QAInfo: Done with Event [no. 53/run 0/evt. 53/Date.Time 20090628.53220/sta 0] Real Time =       0.02 seconds Cpu Time =        0.02 seconds
QA :INFO  - QAInfo: Cpu Times: user / system / user children / system children =     0.02 /     0.00 /     0.00 /     0.00 seconds (tick =   100.00, cps = 1000000)
QA :INFO  - QAInfo: Cpu Times: all threads =     0.023343530 seconds
StPythiaFourPMaker:INFO  - TVector3::PseudoRapidity : transvers momentum = 0! return +/- 10e10
StPythiaFourPMaker:INFO  - TVector3::PseudoRapidity : transvers momentum = 0! return +/- 10e10
StMCAsymMaker:WARN  - No StMcEvent
StMCAsymMaker:INFO  - *** StMCAsymMaker::Make() == StWarn(1) ***
StJetMaker2012:INFO  - TVector3::PseudoRapidity : transvers momentum = 0! return +/- 10e10
StJetMaker2012:INFO  - TVector3::PseudoRapidity : transvers momentum = 0! return +/- 10e10
StJetMaker2012:INFO  - TVector3::PseudoRapidity : transvers momentum = 0! return +/- 10e10
StJetMaker2012:INFO  - TVector3::PseudoRapidity : transvers momentum = 0! return +/- 10e10
StJetMaker2012:INFO  - TVector3::PseudoRapidity : transvers momentum = 0! return +/- 10e10
StJetMaker2012:INFO  - TVector3::PseudoRapidity : transvers momentum = 0! return +/- 10e10
StJetMaker2012:INFO  - TVector3::PseudoRapidity : transvers momentum = 0! return +/- 10e10
StJetMaker2012:INFO  - TVector3::PseudoRapidity : transvers momentum = 0! return +/- 10e10
StJetMaker2012:INFO  - TVector3::PseudoRapidity : transvers momentum = 0! return +/- 10e10
StJetMaker2012:INFO  - TVector3::PseudoRapidity : transvers momentum = 0! return +/- 10e10
StJetMaker2012:INFO  - TVector3::PseudoRapidity : transvers momentum = 0! return +/- 10e10
StJetMaker2012:INFO  - TVector3::PseudoRapidity : transvers momentum = 0! return +/- 10e10
StJetMaker2012:INFO  - TVector3::PseudoRapidity : transvers momentum = 0! return +/- 10e10
StJetMaker2012:INFO  - TVector3::PseudoRapidity : transvers momentum = 0! return +/- 10e10
StJetMaker2012:INFO  - TVector3::PseudoRapidity : transvers momentum = 0! return +/- 10e10
StJetMaker2012:INFO  - TVector3::PseudoRapidity : transvers momentum = 0! return +/- 10e10
StJetMaker2012:INFO  - TVector3::PseudoRapidity : transvers momentum = 0! return +/- 10e10
StJetMaker2012:INFO  - TVector3::PseudoRapidity : transvers momentum = 0! return +/- 10e10
StJetMaker2012:INFO  - TVector3::PseudoRapidity : transvers momentum = 0! return +/- 10e10
StJetMaker2012:INFO  - TVector3::PseudoRapidity : transvers momentum = 0! return +/- 10e10
QA :INFO  - QAInfo: Done with Event [no. 54/run 0/evt. 54/Date.Time 20090628.53220/sta 0] Real Time =       0.02 seconds Cpu Time =        0.02 seconds
QA :INFO  - QAInfo: Cpu Times: user / system / user children / system children =     0.02 /     0.00 /     0.00 /     0.00 seconds (tick =   100.00, cps = 1000000)
QA :INFO  - QAInfo: Cpu Times: all threads =     0.022603330 seconds
StPythiaFourPMaker:INFO  - TVector3::PseudoRapidity : transvers momentum = 0! return +/- 10e10
StPythiaFourPMaker:INFO  - TVector3::PseudoRapidity : transvers momentum = 0! return +/- 10e10
StMCAsymMaker:WARN  - No StMcEvent
StMCAsymMaker:INFO  - *** StMCAsymMaker::Make() == StWarn(1) ***
StJetMaker2012:INFO  - TVector3::PseudoRapidity : transvers momentum = 0! return +/- 10e10
StJetMaker2012:INFO  - TVector3::PseudoRapidity : transvers momentum = 0! return +/- 10e10
StJetMaker2012:INFO  - TVector3::PseudoRapidity : transvers momentum = 0! return +/- 10e10
StJetMaker2012:INFO  - TVector3::PseudoRapidity : transvers momentum = 0! return +/- 10e10
StJetMaker2012:INFO  - TVector3::PseudoRapidity : transvers momentum = 0! return +/- 10e10
StJetMaker2012:INFO  - TVector3::PseudoRapidity : transvers momentum = 0! return +/- 10e10
StJetMaker2012:INFO  - TVector3::PseudoRapidity : transvers momentum = 0! return +/- 10e10
StJetMaker2012:INFO  - TVector3::PseudoRapidity : transvers momentum = 0! return +/- 10e10
StJetMaker2012:INFO  - TVector3::PseudoRapidity : transvers momentum = 0! return +/- 10e10
StJetMaker2012:INFO  - TVector3::PseudoRapidity : transvers momentum = 0! return +/- 10e10
StJetMaker2012:INFO  - TVector3::PseudoRapidity : transvers momentum = 0! return +/- 10e10
StJetMaker2012:INFO  - TVector3::PseudoRapidity : transvers momentum = 0! return +/- 10e10
StJetMaker2012:INFO  - TVector3::PseudoRapidity : transvers momentum = 0! return +/- 10e10
StJetMaker2012:INFO  - TVector3::PseudoRapidity : transvers momentum = 0! return +/- 10e10
StJetMaker2012:INFO  - TVector3::PseudoRapidity : transvers momentum = 0! return +/- 10e10
StJetMaker2012:INFO  - TVector3::PseudoRapidity : transvers momentum = 0! return +/- 10e10
StJetMaker2012:INFO  - TVector3::PseudoRapidity : transvers momentum = 0! return +/- 10e10
StJetMaker2012:INFO  - TVector3::PseudoRapidity : transvers momentum = 0! return +/- 10e10
StJetMaker2012:INFO  - TVector3::PseudoRapidity : transvers momentum = 0! return +/- 10e10
StJetMaker2012:INFO  - TVector3::PseudoRapidity : transvers momentum = 0! return +/- 10e10
QA :INFO  - QAInfo: Done with Event [no. 55/run 0/evt. 55/Date.Time 20090628.53220/sta 0] Real Time =       0.03 seconds Cpu Time =        0.03 seconds
QA :INFO  - QAInfo: Cpu Times: user / system / user children / system children =     0.03 /     0.00 /     0.00 /     0.00 seconds (tick =   100.00, cps = 1000000)
QA :INFO  - QAInfo: Cpu Times: all threads =     0.026868450 seconds
StPythiaFourPMaker:INFO  - TVector3::PseudoRapidity : transvers momentum = 0! return +/- 10e10
StPythiaFourPMaker:INFO  - TVector3::PseudoRapidity : transvers momentum = 0! return +/- 10e10
StMCAsymMaker:WARN  - No StMcEvent
StMCAsymMaker:INFO  - *** StMCAsymMaker::Make() == StWarn(1) ***
StJetMaker2012:INFO  - TVector3::PseudoRapidity : transvers momentum = 0! return +/- 10e10
StJetMaker2012:INFO  - TVector3::PseudoRapidity : transvers momentum = 0! return +/- 10e10
StJetMaker2012:INFO  - TVector3::PseudoRapidity : transvers momentum = 0! return +/- 10e10
StJetMaker2012:INFO  - TVector3::PseudoRapidity : transvers momentum = 0! return +/- 10e10
StJetMaker2012:INFO  - TVector3::PseudoRapidity : transvers momentum = 0! return +/- 10e10
StJetMaker2012:INFO  - TVector3::PseudoRapidity : transvers momentum = 0! return +/- 10e10
StJetMaker2012:INFO  - TVector3::PseudoRapidity : transvers momentum = 0! return +/- 10e10
StJetMaker2012:INFO  - TVector3::PseudoRapidity : transvers momentum = 0! return +/- 10e10
StJetMaker2012:INFO  - TVector3::PseudoRapidity : transvers momentum = 0! return +/- 10e10
StJetMaker2012:INFO  - TVector3::PseudoRapidity : transvers momentum = 0! return +/- 10e10
StJetMaker2012:INFO  - TVector3::PseudoRapidity : transvers momentum = 0! return +/- 10e10
StJetMaker2012:INFO  - TVector3::PseudoRapidity : transvers momentum = 0! return +/- 10e10
StJetMaker2012:INFO  - TVector3::PseudoRapidity : transvers momentum = 0! return +/- 10e10
StJetMaker2012:INFO  - TVector3::PseudoRapidity : transvers momentum = 0! return +/- 10e10
StJetMaker2012:INFO  - TVector3::PseudoRapidity : transvers momentum = 0! return +/- 10e10
StJetMaker2012:INFO  - TVector3::PseudoRapidity : transvers momentum = 0! return +/- 10e10
StJetMaker2012:INFO  - TVector3::PseudoRapidity : transvers momentum = 0! return +/- 10e10
StJetMaker2012:INFO  - TVector3::PseudoRapidity : transvers momentum = 0! return +/- 10e10
StJetMaker2012:INFO  - TVector3::PseudoRapidity : transvers momentum = 0! return +/- 10e10
StJetMaker2012:INFO  - TVector3::PseudoRapidity : transvers momentum = 0! return +/- 10e10
QA :INFO  - QAInfo: Done with Event [no. 56/run 0/evt. 56/Date.Time 20090628.53220/sta 0] Real Time =       0.02 seconds Cpu Time =        0.02 seconds
QA :INFO  - QAInfo: Cpu Times: user / system / user children / system children =     0.02 /     0.00 /     0.00 /     0.00 seconds (tick =   100.00, cps = 1000000)
QA :INFO  - QAInfo: Cpu Times: all threads =     0.022059230 seconds
StPythiaFourPMaker:INFO  - TVector3::PseudoRapidity : transvers momentum = 0! return +/- 10e10
StPythiaFourPMaker:INFO  - TVector3::PseudoRapidity : transvers momentum = 0! return +/- 10e10
StMCAsymMaker:WARN  - No StMcEvent
StMCAsymMaker:INFO  - *** StMCAsymMaker::Make() == StWarn(1) ***
StJetMaker2012:INFO  - TVector3::PseudoRapidity : transvers momentum = 0! return +/- 10e10
StJetMaker2012:INFO  - TVector3::PseudoRapidity : transvers momentum = 0! return +/- 10e10
StJetMaker2012:INFO  - TVector3::PseudoRapidity : transvers momentum = 0! return +/- 10e10
StJetMaker2012:INFO  - TVector3::PseudoRapidity : transvers momentum = 0! return +/- 10e10
StJetMaker2012:INFO  - TVector3::PseudoRapidity : transvers momentum = 0! return +/- 10e10
StJetMaker2012:INFO  - TVector3::PseudoRapidity : transvers momentum = 0! return +/- 10e10
StJetMaker2012:INFO  - TVector3::PseudoRapidity : transvers momentum = 0! return +/- 10e10
StJetMaker2012:INFO  - TVector3::PseudoRapidity : transvers momentum = 0! return +/- 10e10
StJetMaker2012:INFO  - TVector3::PseudoRapidity : transvers momentum = 0! return +/- 10e10
StJetMaker2012:INFO  - TVector3::PseudoRapidity : transvers momentum = 0! return +/- 10e10
StJetMaker2012:INFO  - TVector3::PseudoRapidity : transvers momentum = 0! return +/- 10e10
StJetMaker2012:INFO  - TVector3::PseudoRapidity : transvers momentum = 0! return +/- 10e10
StJetMaker2012:INFO  - TVector3::PseudoRapidity : transvers momentum = 0! return +/- 10e10
StJetMaker2012:INFO  - TVector3::PseudoRapidity : transvers momentum = 0! return +/- 10e10
StJetMaker2012:INFO  - TVector3::PseudoRapidity : transvers momentum = 0! return +/- 10e10
StJetMaker2012:INFO  - TVector3::PseudoRapidity : transvers momentum = 0! return +/- 10e10
StJetMaker2012:INFO  - TVector3::PseudoRapidity : transvers momentum = 0! return +/- 10e10
StJetMaker2012:INFO  - TVector3::PseudoRapidity : transvers momentum = 0! return +/- 10e10
StJetMaker2012:INFO  - TVector3::PseudoRapidity : transvers momentum = 0! return +/- 10e10
StJetMaker2012:INFO  - TVector3::PseudoRapidity : transvers momentum = 0! return +/- 10e10
QA :INFO  - QAInfo: Done with Event [no. 57/run 0/evt. 57/Date.Time 20090628.53220/sta 0] Real Time =       0.03 seconds Cpu Time =        0.03 seconds
QA :INFO  - QAInfo: Cpu Times: user / system / user children / system children =     0.03 /     0.00 /     0.00 /     0.00 seconds (tick =   100.00, cps = 1000000)
QA :INFO  - QAInfo: Cpu Times: all threads =     0.024876010 seconds
StPythiaFourPMaker:INFO  - TVector3::PseudoRapidity : transvers momentum = 0! return +/- 10e10
StPythiaFourPMaker:INFO  - TVector3::PseudoRapidity : transvers momentum = 0! return +/- 10e10
StMCAsymMaker:WARN  - No StMcEvent
StMCAsymMaker:INFO  - *** StMCAsymMaker::Make() == StWarn(1) ***
StJetMaker2012:INFO  - TVector3::PseudoRapidity : transvers momentum = 0! return +/- 10e10
StJetMaker2012:INFO  - TVector3::PseudoRapidity : transvers momentum = 0! return +/- 10e10
StJetMaker2012:INFO  - TVector3::PseudoRapidity : transvers momentum = 0! return +/- 10e10
StJetMaker2012:INFO  - TVector3::PseudoRapidity : transvers momentum = 0! return +/- 10e10
StJetMaker2012:INFO  - TVector3::PseudoRapidity : transvers momentum = 0! return +/- 10e10
StJetMaker2012:INFO  - TVector3::PseudoRapidity : transvers momentum = 0! return +/- 10e10
StJetMaker2012:INFO  - TVector3::PseudoRapidity : transvers momentum = 0! return +/- 10e10
StJetMaker2012:INFO  - TVector3::PseudoRapidity : transvers momentum = 0! return +/- 10e10
StJetMaker2012:INFO  - TVector3::PseudoRapidity : transvers momentum = 0! return +/- 10e10
StJetMaker2012:INFO  - TVector3::PseudoRapidity : transvers momentum = 0! return +/- 10e10
StJetMaker2012:INFO  - TVector3::PseudoRapidity : transvers momentum = 0! return +/- 10e10
StJetMaker2012:INFO  - TVector3::PseudoRapidity : transvers momentum = 0! return +/- 10e10
StJetMaker2012:INFO  - TVector3::PseudoRapidity : transvers momentum = 0! return +/- 10e10
StJetMaker2012:INFO  - TVector3::PseudoRapidity : transvers momentum = 0! return +/- 10e10
StJetMaker2012:INFO  - TVector3::PseudoRapidity : transvers momentum = 0! return +/- 10e10
StJetMaker2012:INFO  - TVector3::PseudoRapidity : transvers momentum = 0! return +/- 10e10
StJetMaker2012:INFO  - TVector3::PseudoRapidity : transvers momentum = 0! return +/- 10e10
StJetMaker2012:INFO  - TVector3::PseudoRapidity : transvers momentum = 0! return +/- 10e10
StJetMaker2012:INFO  - TVector3::PseudoRapidity : transvers momentum = 0! return +/- 10e10
StJetMaker2012:INFO  - TVector3::PseudoRapidity : transvers momentum = 0! return +/- 10e10
QA :INFO  - QAInfo: Done with Event [no. 58/run 0/evt. 58/Date.Time 20090628.53220/sta 0] Real Time =       0.02 seconds Cpu Time =        0.02 seconds
QA :INFO  - QAInfo: Cpu Times: user / system / user children / system children =     0.02 /     0.00 /     0.00 /     0.00 seconds (tick =   100.00, cps = 1000000)
QA :INFO  - QAInfo: Cpu Times: all threads =     0.023424080 seconds
StPythiaFourPMaker:INFO  - TVector3::PseudoRapidity : transvers momentum = 0! return +/- 10e10
StPythiaFourPMaker:INFO  - TVector3::PseudoRapidity : transvers momentum = 0! return +/- 10e10
StMCAsymMaker:WARN  - No StMcEvent
StMCAsymMaker:INFO  - *** StMCAsymMaker::Make() == StWarn(1) ***
StJetMaker2012:INFO  - TVector3::PseudoRapidity : transvers momentum = 0! return +/- 10e10
StJetMaker2012:INFO  - TVector3::PseudoRapidity : transvers momentum = 0! return +/- 10e10
StJetMaker2012:INFO  - TVector3::PseudoRapidity : transvers momentum = 0! return +/- 10e10
StJetMaker2012:INFO  - TVector3::PseudoRapidity : transvers momentum = 0! return +/- 10e10
StJetMaker2012:INFO  - TVector3::PseudoRapidity : transvers momentum = 0! return +/- 10e10
StJetMaker2012:INFO  - TVector3::PseudoRapidity : transvers momentum = 0! return +/- 10e10
StJetMaker2012:INFO  - TVector3::PseudoRapidity : transvers momentum = 0! return +/- 10e10
StJetMaker2012:INFO  - TVector3::PseudoRapidity : transvers momentum = 0! return +/- 10e10
StJetMaker2012:INFO  - TVector3::PseudoRapidity : transvers momentum = 0! return +/- 10e10
StJetMaker2012:INFO  - TVector3::PseudoRapidity : transvers momentum = 0! return +/- 10e10
StJetMaker2012:INFO  - TVector3::PseudoRapidity : transvers momentum = 0! return +/- 10e10
StJetMaker2012:INFO  - TVector3::PseudoRapidity : transvers momentum = 0! return +/- 10e10
StJetMaker2012:INFO  - TVector3::PseudoRapidity : transvers momentum = 0! return +/- 10e10
StJetMaker2012:INFO  - TVector3::PseudoRapidity : transvers momentum = 0! return +/- 10e10
StJetMaker2012:INFO  - TVector3::PseudoRapidity : transvers momentum = 0! return +/- 10e10
StJetMaker2012:INFO  - TVector3::PseudoRapidity : transvers momentum = 0! return +/- 10e10
StJetMaker2012:INFO  - TVector3::PseudoRapidity : transvers momentum = 0! return +/- 10e10
StJetMaker2012:INFO  - TVector3::PseudoRapidity : transvers momentum = 0! return +/- 10e10
StJetMaker2012:INFO  - TVector3::PseudoRapidity : transvers momentum = 0! return +/- 10e10
StJetMaker2012:INFO  - TVector3::PseudoRapidity : transvers momentum = 0! return +/- 10e10
QA :INFO  - QAInfo: Done with Event [no. 59/run 0/evt. 59/Date.Time 20090628.53220/sta 0] Real Time =       0.02 seconds Cpu Time =        0.02 seconds
QA :INFO  - QAInfo: Cpu Times: user / system / user children / system children =     0.02 /     0.00 /     0.00 /     0.00 seconds (tick =   100.00, cps = 1000000)
QA :INFO  - QAInfo: Cpu Times: all threads =     0.021059580 seconds
StPythiaFourPMaker:INFO  - TVector3::PseudoRapidity : transvers momentum = 0! return +/- 10e10
StPythiaFourPMaker:INFO  - TVector3::PseudoRapidity : transvers momentum = 0! return +/- 10e10
StMCAsymMaker:WARN  - No StMcEvent
StMCAsymMaker:INFO  - *** StMCAsymMaker::Make() == StWarn(1) ***
StJetMaker2012:INFO  - TVector3::PseudoRapidity : transvers momentum = 0! return +/- 10e10
StJetMaker2012:INFO  - TVector3::PseudoRapidity : transvers momentum = 0! return +/- 10e10
StJetMaker2012:INFO  - TVector3::PseudoRapidity : transvers momentum = 0! return +/- 10e10
StJetMaker2012:INFO  - TVector3::PseudoRapidity : transvers momentum = 0! return +/- 10e10
StJetMaker2012:INFO  - TVector3::PseudoRapidity : transvers momentum = 0! return +/- 10e10
StJetMaker2012:INFO  - TVector3::PseudoRapidity : transvers momentum = 0! return +/- 10e10
StJetMaker2012:INFO  - TVector3::PseudoRapidity : transvers momentum = 0! return +/- 10e10
StJetMaker2012:INFO  - TVector3::PseudoRapidity : transvers momentum = 0! return +/- 10e10
StJetMaker2012:INFO  - TVector3::PseudoRapidity : transvers momentum = 0! return +/- 10e10
StJetMaker2012:INFO  - TVector3::PseudoRapidity : transvers momentum = 0! return +/- 10e10
StJetMaker2012:INFO  - TVector3::PseudoRapidity : transvers momentum = 0! return +/- 10e10
StJetMaker2012:INFO  - TVector3::PseudoRapidity : transvers momentum = 0! return +/- 10e10
StJetMaker2012:INFO  - TVector3::PseudoRapidity : transvers momentum = 0! return +/- 10e10
StJetMaker2012:INFO  - TVector3::PseudoRapidity : transvers momentum = 0! return +/- 10e10
StJetMaker2012:INFO  - TVector3::PseudoRapidity : transvers momentum = 0! return +/- 10e10
StJetMaker2012:INFO  - TVector3::PseudoRapidity : transvers momentum = 0! return +/- 10e10
StJetMaker2012:INFO  - TVector3::PseudoRapidity : transvers momentum = 0! return +/- 10e10
StJetMaker2012:INFO  - TVector3::PseudoRapidity : transvers momentum = 0! return +/- 10e10
StJetMaker2012:INFO  - TVector3::PseudoRapidity : transvers momentum = 0! return +/- 10e10
StJetMaker2012:INFO  - TVector3::PseudoRapidity : transvers momentum = 0! return +/- 10e10
QA :INFO  - QAInfo: Done with Event [no. 60/run 0/evt. 60/Date.Time 20090628.53220/sta 0] Real Time =       0.02 seconds Cpu Time =        0.02 seconds
QA :INFO  - QAInfo: Cpu Times: user / system / user children / system children =     0.02 /     0.00 /     0.00 /     0.00 seconds (tick =   100.00, cps = 1000000)
QA :INFO  - QAInfo: Cpu Times: all threads =     0.018651680 seconds
StPythiaFourPMaker:INFO  - TVector3::PseudoRapidity : transvers momentum = 0! return +/- 10e10
StPythiaFourPMaker:INFO  - TVector3::PseudoRapidity : transvers momentum = 0! return +/- 10e10
StMCAsymMaker:WARN  - No StMcEvent
StMCAsymMaker:INFO  - *** StMCAsymMaker::Make() == StWarn(1) ***
StJetMaker2012:INFO  - TVector3::PseudoRapidity : transvers momentum = 0! return +/- 10e10
StJetMaker2012:INFO  - TVector3::PseudoRapidity : transvers momentum = 0! return +/- 10e10
StJetMaker2012:INFO  - TVector3::PseudoRapidity : transvers momentum = 0! return +/- 10e10
StJetMaker2012:INFO  - TVector3::PseudoRapidity : transvers momentum = 0! return +/- 10e10
StJetMaker2012:INFO  - TVector3::PseudoRapidity : transvers momentum = 0! return +/- 10e10
StJetMaker2012:INFO  - TVector3::PseudoRapidity : transvers momentum = 0! return +/- 10e10
StJetMaker2012:INFO  - TVector3::PseudoRapidity : transvers momentum = 0! return +/- 10e10
StJetMaker2012:INFO  - TVector3::PseudoRapidity : transvers momentum = 0! return +/- 10e10
StJetMaker2012:INFO  - TVector3::PseudoRapidity : transvers momentum = 0! return +/- 10e10
StJetMaker2012:INFO  - TVector3::PseudoRapidity : transvers momentum = 0! return +/- 10e10
StJetMaker2012:INFO  - TVector3::PseudoRapidity : transvers momentum = 0! return +/- 10e10
StJetMaker2012:INFO  - TVector3::PseudoRapidity : transvers momentum = 0! return +/- 10e10
StJetMaker2012:INFO  - TVector3::PseudoRapidity : transvers momentum = 0! return +/- 10e10
StJetMaker2012:INFO  - TVector3::PseudoRapidity : transvers momentum = 0! return +/- 10e10
StJetMaker2012:INFO  - TVector3::PseudoRapidity : transvers momentum = 0! return +/- 10e10
StJetMaker2012:INFO  - TVector3::PseudoRapidity : transvers momentum = 0! return +/- 10e10
StJetMaker2012:INFO  - TVector3::PseudoRapidity : transvers momentum = 0! return +/- 10e10
StJetMaker2012:INFO  - TVector3::PseudoRapidity : transvers momentum = 0! return +/- 10e10
StJetMaker2012:INFO  - TVector3::PseudoRapidity : transvers momentum = 0! return +/- 10e10
StJetMaker2012:INFO  - TVector3::PseudoRapidity : transvers momentum = 0! return +/- 10e10
QA :INFO  - QAInfo: Done with Event [no. 61/run 0/evt. 61/Date.Time 20090628.53220/sta 0] Real Time =       0.02 seconds Cpu Time =        0.02 seconds
QA :INFO  - QAInfo: Cpu Times: user / system / user children / system children =     0.02 /     0.00 /     0.00 /     0.00 seconds (tick =   100.00, cps = 1000000)
QA :INFO  - QAInfo: Cpu Times: all threads =     0.019899290 seconds
StPythiaFourPMaker:INFO  - TVector3::PseudoRapidity : transvers momentum = 0! return +/- 10e10
StPythiaFourPMaker:INFO  - TVector3::PseudoRapidity : transvers momentum = 0! return +/- 10e10
StMCAsymMaker:WARN  - No StMcEvent
StMCAsymMaker:INFO  - *** StMCAsymMaker::Make() == StWarn(1) ***
StJetMaker2012:INFO  - TVector3::PseudoRapidity : transvers momentum = 0! return +/- 10e10
StJetMaker2012:INFO  - TVector3::PseudoRapidity : transvers momentum = 0! return +/- 10e10
StJetMaker2012:INFO  - TVector3::PseudoRapidity : transvers momentum = 0! return +/- 10e10
StJetMaker2012:INFO  - TVector3::PseudoRapidity : transvers momentum = 0! return +/- 10e10
StJetMaker2012:INFO  - TVector3::PseudoRapidity : transvers momentum = 0! return +/- 10e10
StJetMaker2012:INFO  - TVector3::PseudoRapidity : transvers momentum = 0! return +/- 10e10
StJetMaker2012:INFO  - TVector3::PseudoRapidity : transvers momentum = 0! return +/- 10e10
StJetMaker2012:INFO  - TVector3::PseudoRapidity : transvers momentum = 0! return +/- 10e10
StJetMaker2012:INFO  - TVector3::PseudoRapidity : transvers momentum = 0! return +/- 10e10
StJetMaker2012:INFO  - TVector3::PseudoRapidity : transvers momentum = 0! return +/- 10e10
StJetMaker2012:INFO  - TVector3::PseudoRapidity : transvers momentum = 0! return +/- 10e10
StJetMaker2012:INFO  - TVector3::PseudoRapidity : transvers momentum = 0! return +/- 10e10
StJetMaker2012:INFO  - TVector3::PseudoRapidity : transvers momentum = 0! return +/- 10e10
StJetMaker2012:INFO  - TVector3::PseudoRapidity : transvers momentum = 0! return +/- 10e10
StJetMaker2012:INFO  - TVector3::PseudoRapidity : transvers momentum = 0! return +/- 10e10
StJetMaker2012:INFO  - TVector3::PseudoRapidity : transvers momentum = 0! return +/- 10e10
StJetMaker2012:INFO  - TVector3::PseudoRapidity : transvers momentum = 0! return +/- 10e10
StJetMaker2012:INFO  - TVector3::PseudoRapidity : transvers momentum = 0! return +/- 10e10
StJetMaker2012:INFO  - TVector3::PseudoRapidity : transvers momentum = 0! return +/- 10e10
StJetMaker2012:INFO  - TVector3::PseudoRapidity : transvers momentum = 0! return +/- 10e10
QA :INFO  - QAInfo: Done with Event [no. 62/run 0/evt. 62/Date.Time 20090628.53220/sta 0] Real Time =       0.02 seconds Cpu Time =        0.02 seconds
QA :INFO  - QAInfo: Cpu Times: user / system / user children / system children =     0.02 /     0.00 /     0.00 /     0.00 seconds (tick =   100.00, cps = 1000000)
QA :INFO  - QAInfo: Cpu Times: all threads =     0.022183270 seconds
StPythiaFourPMaker:INFO  - TVector3::PseudoRapidity : transvers momentum = 0! return +/- 10e10
StPythiaFourPMaker:INFO  - TVector3::PseudoRapidity : transvers momentum = 0! return +/- 10e10
StMCAsymMaker:WARN  - No StMcEvent
StMCAsymMaker:INFO  - *** StMCAsymMaker::Make() == StWarn(1) ***
StJetMaker2012:INFO  - TVector3::PseudoRapidity : transvers momentum = 0! return +/- 10e10
StJetMaker2012:INFO  - TVector3::PseudoRapidity : transvers momentum = 0! return +/- 10e10
StJetMaker2012:INFO  - TVector3::PseudoRapidity : transvers momentum = 0! return +/- 10e10
StJetMaker2012:INFO  - TVector3::PseudoRapidity : transvers momentum = 0! return +/- 10e10
StJetMaker2012:INFO  - TVector3::PseudoRapidity : transvers momentum = 0! return +/- 10e10
StJetMaker2012:INFO  - TVector3::PseudoRapidity : transvers momentum = 0! return +/- 10e10
StJetMaker2012:INFO  - TVector3::PseudoRapidity : transvers momentum = 0! return +/- 10e10
StJetMaker2012:INFO  - TVector3::PseudoRapidity : transvers momentum = 0! return +/- 10e10
StJetMaker2012:INFO  - TVector3::PseudoRapidity : transvers momentum = 0! return +/- 10e10
StJetMaker2012:INFO  - TVector3::PseudoRapidity : transvers momentum = 0! return +/- 10e10
StJetMaker2012:INFO  - TVector3::PseudoRapidity : transvers momentum = 0! return +/- 10e10
StJetMaker2012:INFO  - TVector3::PseudoRapidity : transvers momentum = 0! return +/- 10e10
StJetMaker2012:INFO  - TVector3::PseudoRapidity : transvers momentum = 0! return +/- 10e10
StJetMaker2012:INFO  - TVector3::PseudoRapidity : transvers momentum = 0! return +/- 10e10
StJetMaker2012:INFO  - TVector3::PseudoRapidity : transvers momentum = 0! return +/- 10e10
StJetMaker2012:INFO  - TVector3::PseudoRapidity : transvers momentum = 0! return +/- 10e10
StJetMaker2012:INFO  - TVector3::PseudoRapidity : transvers momentum = 0! return +/- 10e10
StJetMaker2012:INFO  - TVector3::PseudoRapidity : transvers momentum = 0! return +/- 10e10
StJetMaker2012:INFO  - TVector3::PseudoRapidity : transvers momentum = 0! return +/- 10e10
StJetMaker2012:INFO  - TVector3::PseudoRapidity : transvers momentum = 0! return +/- 10e10
QA :INFO  - QAInfo: Done with Event [no. 63/run 0/evt. 63/Date.Time 20090628.53220/sta 0] Real Time =       0.02 seconds Cpu Time =        0.02 seconds
QA :INFO  - QAInfo: Cpu Times: user / system / user children / system children =     0.02 /     0.00 /     0.00 /     0.00 seconds (tick =   100.00, cps = 1000000)
QA :INFO  - QAInfo: Cpu Times: all threads =     0.021441600 seconds
StPythiaFourPMaker:INFO  - TVector3::PseudoRapidity : transvers momentum = 0! return +/- 10e10
StPythiaFourPMaker:INFO  - TVector3::PseudoRapidity : transvers momentum = 0! return +/- 10e10
StMCAsymMaker:WARN  - No StMcEvent
StMCAsymMaker:INFO  - *** StMCAsymMaker::Make() == StWarn(1) ***
StJetMaker2012:INFO  - TVector3::PseudoRapidity : transvers momentum = 0! return +/- 10e10
StJetMaker2012:INFO  - TVector3::PseudoRapidity : transvers momentum = 0! return +/- 10e10
StJetMaker2012:INFO  - TVector3::PseudoRapidity : transvers momentum = 0! return +/- 10e10
StJetMaker2012:INFO  - TVector3::PseudoRapidity : transvers momentum = 0! return +/- 10e10
StJetMaker2012:INFO  - TVector3::PseudoRapidity : transvers momentum = 0! return +/- 10e10
StJetMaker2012:INFO  - TVector3::PseudoRapidity : transvers momentum = 0! return +/- 10e10
StJetMaker2012:INFO  - TVector3::PseudoRapidity : transvers momentum = 0! return +/- 10e10
StJetMaker2012:INFO  - TVector3::PseudoRapidity : transvers momentum = 0! return +/- 10e10
StJetMaker2012:INFO  - TVector3::PseudoRapidity : transvers momentum = 0! return +/- 10e10
StJetMaker2012:INFO  - TVector3::PseudoRapidity : transvers momentum = 0! return +/- 10e10
StJetMaker2012:INFO  - TVector3::PseudoRapidity : transvers momentum = 0! return +/- 10e10
StJetMaker2012:INFO  - TVector3::PseudoRapidity : transvers momentum = 0! return +/- 10e10
StJetMaker2012:INFO  - TVector3::PseudoRapidity : transvers momentum = 0! return +/- 10e10
StJetMaker2012:INFO  - TVector3::PseudoRapidity : transvers momentum = 0! return +/- 10e10
StJetMaker2012:INFO  - TVector3::PseudoRapidity : transvers momentum = 0! return +/- 10e10
StJetMaker2012:INFO  - TVector3::PseudoRapidity : transvers momentum = 0! return +/- 10e10
StJetMaker2012:INFO  - TVector3::PseudoRapidity : transvers momentum = 0! return +/- 10e10
StJetMaker2012:INFO  - TVector3::PseudoRapidity : transvers momentum = 0! return +/- 10e10
StJetMaker2012:INFO  - TVector3::PseudoRapidity : transvers momentum = 0! return +/- 10e10
StJetMaker2012:INFO  - TVector3::PseudoRapidity : transvers momentum = 0! return +/- 10e10
QA :INFO  - QAInfo: Done with Event [no. 64/run 0/evt. 64/Date.Time 20090628.53220/sta 0] Real Time =       0.02 seconds Cpu Time =        0.03 seconds
QA :INFO  - QAInfo: Cpu Times: user / system / user children / system children =     0.03 /     0.00 /     0.00 /     0.00 seconds (tick =   100.00, cps = 1000000)
QA :INFO  - QAInfo: Cpu Times: all threads =     0.020938770 seconds
StPythiaFourPMaker:INFO  - TVector3::PseudoRapidity : transvers momentum = 0! return +/- 10e10
StPythiaFourPMaker:INFO  - TVector3::PseudoRapidity : transvers momentum = 0! return +/- 10e10
StMCAsymMaker:WARN  - No StMcEvent
StMCAsymMaker:INFO  - *** StMCAsymMaker::Make() == StWarn(1) ***
StJetMaker2012:INFO  - TVector3::PseudoRapidity : transvers momentum = 0! return +/- 10e10
StJetMaker2012:INFO  - TVector3::PseudoRapidity : transvers momentum = 0! return +/- 10e10
StJetMaker2012:INFO  - TVector3::PseudoRapidity : transvers momentum = 0! return +/- 10e10
StJetMaker2012:INFO  - TVector3::PseudoRapidity : transvers momentum = 0! return +/- 10e10
StJetMaker2012:INFO  - TVector3::PseudoRapidity : transvers momentum = 0! return +/- 10e10
StJetMaker2012:INFO  - TVector3::PseudoRapidity : transvers momentum = 0! return +/- 10e10
StJetMaker2012:INFO  - TVector3::PseudoRapidity : transvers momentum = 0! return +/- 10e10
StJetMaker2012:INFO  - TVector3::PseudoRapidity : transvers momentum = 0! return +/- 10e10
StJetMaker2012:INFO  - TVector3::PseudoRapidity : transvers momentum = 0! return +/- 10e10
StJetMaker2012:INFO  - TVector3::PseudoRapidity : transvers momentum = 0! return +/- 10e10
StJetMaker2012:INFO  - TVector3::PseudoRapidity : transvers momentum = 0! return +/- 10e10
StJetMaker2012:INFO  - TVector3::PseudoRapidity : transvers momentum = 0! return +/- 10e10
StJetMaker2012:INFO  - TVector3::PseudoRapidity : transvers momentum = 0! return +/- 10e10
StJetMaker2012:INFO  - TVector3::PseudoRapidity : transvers momentum = 0! return +/- 10e10
StJetMaker2012:INFO  - TVector3::PseudoRapidity : transvers momentum = 0! return +/- 10e10
StJetMaker2012:INFO  - TVector3::PseudoRapidity : transvers momentum = 0! return +/- 10e10
StJetMaker2012:INFO  - TVector3::PseudoRapidity : transvers momentum = 0! return +/- 10e10
StJetMaker2012:INFO  - TVector3::PseudoRapidity : transvers momentum = 0! return +/- 10e10
StJetMaker2012:INFO  - TVector3::PseudoRapidity : transvers momentum = 0! return +/- 10e10
StJetMaker2012:INFO  - TVector3::PseudoRapidity : transvers momentum = 0! return +/- 10e10
QA :INFO  - QAInfo: Done with Event [no. 65/run 0/evt. 65/Date.Time 20090628.53220/sta 0] Real Time =       0.02 seconds Cpu Time =        0.01 seconds
QA :INFO  - QAInfo: Cpu Times: user / system / user children / system children =     0.01 /     0.00 /     0.00 /     0.00 seconds (tick =   100.00, cps = 1000000)
QA :INFO  - QAInfo: Cpu Times: all threads =     0.018753350 seconds
StPythiaFourPMaker:INFO  - TVector3::PseudoRapidity : transvers momentum = 0! return +/- 10e10
StPythiaFourPMaker:INFO  - TVector3::PseudoRapidity : transvers momentum = 0! return +/- 10e10
StMCAsymMaker:WARN  - No StMcEvent
StMCAsymMaker:INFO  - *** StMCAsymMaker::Make() == StWarn(1) ***
StJetMaker2012:INFO  - TVector3::PseudoRapidity : transvers momentum = 0! return +/- 10e10
StJetMaker2012:INFO  - TVector3::PseudoRapidity : transvers momentum = 0! return +/- 10e10
StJetMaker2012:INFO  - TVector3::PseudoRapidity : transvers momentum = 0! return +/- 10e10
StJetMaker2012:INFO  - TVector3::PseudoRapidity : transvers momentum = 0! return +/- 10e10
StJetMaker2012:INFO  - TVector3::PseudoRapidity : transvers momentum = 0! return +/- 10e10
StJetMaker2012:INFO  - TVector3::PseudoRapidity : transvers momentum = 0! return +/- 10e10
StJetMaker2012:INFO  - TVector3::PseudoRapidity : transvers momentum = 0! return +/- 10e10
StJetMaker2012:INFO  - TVector3::PseudoRapidity : transvers momentum = 0! return +/- 10e10
StJetMaker2012:INFO  - TVector3::PseudoRapidity : transvers momentum = 0! return +/- 10e10
StJetMaker2012:INFO  - TVector3::PseudoRapidity : transvers momentum = 0! return +/- 10e10
StJetMaker2012:INFO  - TVector3::PseudoRapidity : transvers momentum = 0! return +/- 10e10
StJetMaker2012:INFO  - TVector3::PseudoRapidity : transvers momentum = 0! return +/- 10e10
StJetMaker2012:INFO  - TVector3::PseudoRapidity : transvers momentum = 0! return +/- 10e10
StJetMaker2012:INFO  - TVector3::PseudoRapidity : transvers momentum = 0! return +/- 10e10
StJetMaker2012:INFO  - TVector3::PseudoRapidity : transvers momentum = 0! return +/- 10e10
StJetMaker2012:INFO  - TVector3::PseudoRapidity : transvers momentum = 0! return +/- 10e10
StJetMaker2012:INFO  - TVector3::PseudoRapidity : transvers momentum = 0! return +/- 10e10
StJetMaker2012:INFO  - TVector3::PseudoRapidity : transvers momentum = 0! return +/- 10e10
StJetMaker2012:INFO  - TVector3::PseudoRapidity : transvers momentum = 0! return +/- 10e10
StJetMaker2012:INFO  - TVector3::PseudoRapidity : transvers momentum = 0! return +/- 10e10
QA :INFO  - QAInfo: Done with Event [no. 66/run 0/evt. 66/Date.Time 20090628.53220/sta 0] Real Time =       0.02 seconds Cpu Time =        0.02 seconds
QA :INFO  - QAInfo: Cpu Times: user / system / user children / system children =     0.02 /     0.00 /     0.00 /     0.00 seconds (tick =   100.00, cps = 1000000)
QA :INFO  - QAInfo: Cpu Times: all threads =     0.020388080 seconds
StPythiaFourPMaker:INFO  - TVector3::PseudoRapidity : transvers momentum = 0! return +/- 10e10
StPythiaFourPMaker:INFO  - TVector3::PseudoRapidity : transvers momentum = 0! return +/- 10e10
StMCAsymMaker:WARN  - No StMcEvent
StMCAsymMaker:INFO  - *** StMCAsymMaker::Make() == StWarn(1) ***
StJetMaker2012:INFO  - TVector3::PseudoRapidity : transvers momentum = 0! return +/- 10e10
StJetMaker2012:INFO  - TVector3::PseudoRapidity : transvers momentum = 0! return +/- 10e10
StJetMaker2012:INFO  - TVector3::PseudoRapidity : transvers momentum = 0! return +/- 10e10
StJetMaker2012:INFO  - TVector3::PseudoRapidity : transvers momentum = 0! return +/- 10e10
StJetMaker2012:INFO  - TVector3::PseudoRapidity : transvers momentum = 0! return +/- 10e10
StJetMaker2012:INFO  - TVector3::PseudoRapidity : transvers momentum = 0! return +/- 10e10
StJetMaker2012:INFO  - TVector3::PseudoRapidity : transvers momentum = 0! return +/- 10e10
StJetMaker2012:INFO  - TVector3::PseudoRapidity : transvers momentum = 0! return +/- 10e10
StJetMaker2012:INFO  - TVector3::PseudoRapidity : transvers momentum = 0! return +/- 10e10
StJetMaker2012:INFO  - TVector3::PseudoRapidity : transvers momentum = 0! return +/- 10e10
StJetMaker2012:INFO  - TVector3::PseudoRapidity : transvers momentum = 0! return +/- 10e10
StJetMaker2012:INFO  - TVector3::PseudoRapidity : transvers momentum = 0! return +/- 10e10
StJetMaker2012:INFO  - TVector3::PseudoRapidity : transvers momentum = 0! return +/- 10e10
StJetMaker2012:INFO  - TVector3::PseudoRapidity : transvers momentum = 0! return +/- 10e10
StJetMaker2012:INFO  - TVector3::PseudoRapidity : transvers momentum = 0! return +/- 10e10
StJetMaker2012:INFO  - TVector3::PseudoRapidity : transvers momentum = 0! return +/- 10e10
StJetMaker2012:INFO  - TVector3::PseudoRapidity : transvers momentum = 0! return +/- 10e10
StJetMaker2012:INFO  - TVector3::PseudoRapidity : transvers momentum = 0! return +/- 10e10
StJetMaker2012:INFO  - TVector3::PseudoRapidity : transvers momentum = 0! return +/- 10e10
StJetMaker2012:INFO  - TVector3::PseudoRapidity : transvers momentum = 0! return +/- 10e10
QA :INFO  - QAInfo: Done with Event [no. 67/run 0/evt. 67/Date.Time 20090628.53220/sta 0] Real Time =       0.02 seconds Cpu Time =        0.03 seconds
QA :INFO  - QAInfo: Cpu Times: user / system / user children / system children =     0.03 /     0.00 /     0.00 /     0.00 seconds (tick =   100.00, cps = 1000000)
QA :INFO  - QAInfo: Cpu Times: all threads =     0.022421000 seconds
StPythiaFourPMaker:INFO  - TVector3::PseudoRapidity : transvers momentum = 0! return +/- 10e10
StPythiaFourPMaker:INFO  - TVector3::PseudoRapidity : transvers momentum = 0! return +/- 10e10
StMCAsymMaker:WARN  - No StMcEvent
StMCAsymMaker:INFO  - *** StMCAsymMaker::Make() == StWarn(1) ***
StJetMaker2012:INFO  - TVector3::PseudoRapidity : transvers momentum = 0! return +/- 10e10
StJetMaker2012:INFO  - TVector3::PseudoRapidity : transvers momentum = 0! return +/- 10e10
StJetMaker2012:INFO  - TVector3::PseudoRapidity : transvers momentum = 0! return +/- 10e10
StJetMaker2012:INFO  - TVector3::PseudoRapidity : transvers momentum = 0! return +/- 10e10
StJetMaker2012:INFO  - TVector3::PseudoRapidity : transvers momentum = 0! return +/- 10e10
StJetMaker2012:INFO  - TVector3::PseudoRapidity : transvers momentum = 0! return +/- 10e10
StJetMaker2012:INFO  - TVector3::PseudoRapidity : transvers momentum = 0! return +/- 10e10
StJetMaker2012:INFO  - TVector3::PseudoRapidity : transvers momentum = 0! return +/- 10e10
StJetMaker2012:INFO  - TVector3::PseudoRapidity : transvers momentum = 0! return +/- 10e10
StJetMaker2012:INFO  - TVector3::PseudoRapidity : transvers momentum = 0! return +/- 10e10
StJetMaker2012:INFO  - TVector3::PseudoRapidity : transvers momentum = 0! return +/- 10e10
StJetMaker2012:INFO  - TVector3::PseudoRapidity : transvers momentum = 0! return +/- 10e10
StJetMaker2012:INFO  - TVector3::PseudoRapidity : transvers momentum = 0! return +/- 10e10
StJetMaker2012:INFO  - TVector3::PseudoRapidity : transvers momentum = 0! return +/- 10e10
StJetMaker2012:INFO  - TVector3::PseudoRapidity : transvers momentum = 0! return +/- 10e10
StJetMaker2012:INFO  - TVector3::PseudoRapidity : transvers momentum = 0! return +/- 10e10
StJetMaker2012:INFO  - TVector3::PseudoRapidity : transvers momentum = 0! return +/- 10e10
StJetMaker2012:INFO  - TVector3::PseudoRapidity : transvers momentum = 0! return +/- 10e10
StJetMaker2012:INFO  - TVector3::PseudoRapidity : transvers momentum = 0! return +/- 10e10
StJetMaker2012:INFO  - TVector3::PseudoRapidity : transvers momentum = 0! return +/- 10e10
QA :INFO  - QAInfo: Done with Event [no. 68/run 0/evt. 68/Date.Time 20090628.53220/sta 0] Real Time =       0.02 seconds Cpu Time =        0.01 seconds
QA :INFO  - QAInfo: Cpu Times: user / system / user children / system children =     0.01 /     0.00 /     0.00 /     0.00 seconds (tick =   100.00, cps = 1000000)
QA :INFO  - QAInfo: Cpu Times: all threads =     0.016870690 seconds
StPythiaFourPMaker:INFO  - TVector3::PseudoRapidity : transvers momentum = 0! return +/- 10e10
StPythiaFourPMaker:INFO  - TVector3::PseudoRapidity : transvers momentum = 0! return +/- 10e10
StMCAsymMaker:WARN  - No StMcEvent
StMCAsymMaker:INFO  - *** StMCAsymMaker::Make() == StWarn(1) ***
StJetMaker2012:INFO  - TVector3::PseudoRapidity : transvers momentum = 0! return +/- 10e10
StJetMaker2012:INFO  - TVector3::PseudoRapidity : transvers momentum = 0! return +/- 10e10
StJetMaker2012:INFO  - TVector3::PseudoRapidity : transvers momentum = 0! return +/- 10e10
StJetMaker2012:INFO  - TVector3::PseudoRapidity : transvers momentum = 0! return +/- 10e10
StJetMaker2012:INFO  - TVector3::PseudoRapidity : transvers momentum = 0! return +/- 10e10
StJetMaker2012:INFO  - TVector3::PseudoRapidity : transvers momentum = 0! return +/- 10e10
StJetMaker2012:INFO  - TVector3::PseudoRapidity : transvers momentum = 0! return +/- 10e10
StJetMaker2012:INFO  - TVector3::PseudoRapidity : transvers momentum = 0! return +/- 10e10
StJetMaker2012:INFO  - TVector3::PseudoRapidity : transvers momentum = 0! return +/- 10e10
StJetMaker2012:INFO  - TVector3::PseudoRapidity : transvers momentum = 0! return +/- 10e10
StJetMaker2012:INFO  - TVector3::PseudoRapidity : transvers momentum = 0! return +/- 10e10
StJetMaker2012:INFO  - TVector3::PseudoRapidity : transvers momentum = 0! return +/- 10e10
StJetMaker2012:INFO  - TVector3::PseudoRapidity : transvers momentum = 0! return +/- 10e10
StJetMaker2012:INFO  - TVector3::PseudoRapidity : transvers momentum = 0! return +/- 10e10
StJetMaker2012:INFO  - TVector3::PseudoRapidity : transvers momentum = 0! return +/- 10e10
StJetMaker2012:INFO  - TVector3::PseudoRapidity : transvers momentum = 0! return +/- 10e10
StJetMaker2012:INFO  - TVector3::PseudoRapidity : transvers momentum = 0! return +/- 10e10
StJetMaker2012:INFO  - TVector3::PseudoRapidity : transvers momentum = 0! return +/- 10e10
StJetMaker2012:INFO  - TVector3::PseudoRapidity : transvers momentum = 0! return +/- 10e10
StJetMaker2012:INFO  - TVector3::PseudoRapidity : transvers momentum = 0! return +/- 10e10
QA :INFO  - QAInfo: Done with Event [no. 69/run 0/evt. 69/Date.Time 20090628.53220/sta 0] Real Time =       0.02 seconds Cpu Time =        0.02 seconds
QA :INFO  - QAInfo: Cpu Times: user / system / user children / system children =     0.02 /     0.00 /     0.00 /     0.00 seconds (tick =   100.00, cps = 1000000)
QA :INFO  - QAInfo: Cpu Times: all threads =     0.016785970 seconds
StPythiaFourPMaker:INFO  - TVector3::PseudoRapidity : transvers momentum = 0! return +/- 10e10
StPythiaFourPMaker:INFO  - TVector3::PseudoRapidity : transvers momentum = 0! return +/- 10e10
StMCAsymMaker:WARN  - No StMcEvent
StMCAsymMaker:INFO  - *** StMCAsymMaker::Make() == StWarn(1) ***
StJetMaker2012:INFO  - TVector3::PseudoRapidity : transvers momentum = 0! return +/- 10e10
StJetMaker2012:INFO  - TVector3::PseudoRapidity : transvers momentum = 0! return +/- 10e10
StJetMaker2012:INFO  - TVector3::PseudoRapidity : transvers momentum = 0! return +/- 10e10
StJetMaker2012:INFO  - TVector3::PseudoRapidity : transvers momentum = 0! return +/- 10e10
StJetMaker2012:INFO  - TVector3::PseudoRapidity : transvers momentum = 0! return +/- 10e10
StJetMaker2012:INFO  - TVector3::PseudoRapidity : transvers momentum = 0! return +/- 10e10
StJetMaker2012:INFO  - TVector3::PseudoRapidity : transvers momentum = 0! return +/- 10e10
StJetMaker2012:INFO  - TVector3::PseudoRapidity : transvers momentum = 0! return +/- 10e10
StJetMaker2012:INFO  - TVector3::PseudoRapidity : transvers momentum = 0! return +/- 10e10
StJetMaker2012:INFO  - TVector3::PseudoRapidity : transvers momentum = 0! return +/- 10e10
StJetMaker2012:INFO  - TVector3::PseudoRapidity : transvers momentum = 0! return +/- 10e10
StJetMaker2012:INFO  - TVector3::PseudoRapidity : transvers momentum = 0! return +/- 10e10
StJetMaker2012:INFO  - TVector3::PseudoRapidity : transvers momentum = 0! return +/- 10e10
StJetMaker2012:INFO  - TVector3::PseudoRapidity : transvers momentum = 0! return +/- 10e10
StJetMaker2012:INFO  - TVector3::PseudoRapidity : transvers momentum = 0! return +/- 10e10
StJetMaker2012:INFO  - TVector3::PseudoRapidity : transvers momentum = 0! return +/- 10e10
StJetMaker2012:INFO  - TVector3::PseudoRapidity : transvers momentum = 0! return +/- 10e10
StJetMaker2012:INFO  - TVector3::PseudoRapidity : transvers momentum = 0! return +/- 10e10
StJetMaker2012:INFO  - TVector3::PseudoRapidity : transvers momentum = 0! return +/- 10e10
StJetMaker2012:INFO  - TVector3::PseudoRapidity : transvers momentum = 0! return +/- 10e10
QA :INFO  - QAInfo: Done with Event [no. 70/run 0/evt. 70/Date.Time 20090628.53220/sta 0] Real Time =       0.02 seconds Cpu Time =        0.02 seconds
QA :INFO  - QAInfo: Cpu Times: user / system / user children / system children =     0.02 /     0.00 /     0.00 /     0.00 seconds (tick =   100.00, cps = 1000000)
QA :INFO  - QAInfo: Cpu Times: all threads =     0.020349620 seconds
StPythiaFourPMaker:INFO  - TVector3::PseudoRapidity : transvers momentum = 0! return +/- 10e10
StPythiaFourPMaker:INFO  - TVector3::PseudoRapidity : transvers momentum = 0! return +/- 10e10
StMCAsymMaker:WARN  - No StMcEvent
StMCAsymMaker:INFO  - *** StMCAsymMaker::Make() == StWarn(1) ***
StJetMaker2012:INFO  - TVector3::PseudoRapidity : transvers momentum = 0! return +/- 10e10
StJetMaker2012:INFO  - TVector3::PseudoRapidity : transvers momentum = 0! return +/- 10e10
StJetMaker2012:INFO  - TVector3::PseudoRapidity : transvers momentum = 0! return +/- 10e10
StJetMaker2012:INFO  - TVector3::PseudoRapidity : transvers momentum = 0! return +/- 10e10
StJetMaker2012:INFO  - TVector3::PseudoRapidity : transvers momentum = 0! return +/- 10e10
StJetMaker2012:INFO  - TVector3::PseudoRapidity : transvers momentum = 0! return +/- 10e10
StJetMaker2012:INFO  - TVector3::PseudoRapidity : transvers momentum = 0! return +/- 10e10
StJetMaker2012:INFO  - TVector3::PseudoRapidity : transvers momentum = 0! return +/- 10e10
StJetMaker2012:INFO  - TVector3::PseudoRapidity : transvers momentum = 0! return +/- 10e10
StJetMaker2012:INFO  - TVector3::PseudoRapidity : transvers momentum = 0! return +/- 10e10
StJetMaker2012:INFO  - TVector3::PseudoRapidity : transvers momentum = 0! return +/- 10e10
StJetMaker2012:INFO  - TVector3::PseudoRapidity : transvers momentum = 0! return +/- 10e10
StJetMaker2012:INFO  - TVector3::PseudoRapidity : transvers momentum = 0! return +/- 10e10
StJetMaker2012:INFO  - TVector3::PseudoRapidity : transvers momentum = 0! return +/- 10e10
StJetMaker2012:INFO  - TVector3::PseudoRapidity : transvers momentum = 0! return +/- 10e10
StJetMaker2012:INFO  - TVector3::PseudoRapidity : transvers momentum = 0! return +/- 10e10
StJetMaker2012:INFO  - TVector3::PseudoRapidity : transvers momentum = 0! return +/- 10e10
StJetMaker2012:INFO  - TVector3::PseudoRapidity : transvers momentum = 0! return +/- 10e10
StJetMaker2012:INFO  - TVector3::PseudoRapidity : transvers momentum = 0! return +/- 10e10
StJetMaker2012:INFO  - TVector3::PseudoRapidity : transvers momentum = 0! return +/- 10e10
QA :INFO  - QAInfo: Done with Event [no. 71/run 0/evt. 71/Date.Time 20090628.53220/sta 0] Real Time =       0.03 seconds Cpu Time =        0.02 seconds
QA :INFO  - QAInfo: Cpu Times: user / system / user children / system children =     0.02 /     0.00 /     0.00 /     0.00 seconds (tick =   100.00, cps = 1000000)
QA :INFO  - QAInfo: Cpu Times: all threads =     0.025242510 seconds
StPythiaFourPMaker:INFO  - TVector3::PseudoRapidity : transvers momentum = 0! return +/- 10e10
StPythiaFourPMaker:INFO  - TVector3::PseudoRapidity : transvers momentum = 0! return +/- 10e10
StMCAsymMaker:WARN  - No StMcEvent
StMCAsymMaker:INFO  - *** StMCAsymMaker::Make() == StWarn(1) ***
StJetMaker2012:INFO  - TVector3::PseudoRapidity : transvers momentum = 0! return +/- 10e10
StJetMaker2012:INFO  - TVector3::PseudoRapidity : transvers momentum = 0! return +/- 10e10
StJetMaker2012:INFO  - TVector3::PseudoRapidity : transvers momentum = 0! return +/- 10e10
StJetMaker2012:INFO  - TVector3::PseudoRapidity : transvers momentum = 0! return +/- 10e10
StJetMaker2012:INFO  - TVector3::PseudoRapidity : transvers momentum = 0! return +/- 10e10
StJetMaker2012:INFO  - TVector3::PseudoRapidity : transvers momentum = 0! return +/- 10e10
StJetMaker2012:INFO  - TVector3::PseudoRapidity : transvers momentum = 0! return +/- 10e10
StJetMaker2012:INFO  - TVector3::PseudoRapidity : transvers momentum = 0! return +/- 10e10
StJetMaker2012:INFO  - TVector3::PseudoRapidity : transvers momentum = 0! return +/- 10e10
StJetMaker2012:INFO  - TVector3::PseudoRapidity : transvers momentum = 0! return +/- 10e10
StJetMaker2012:INFO  - TVector3::PseudoRapidity : transvers momentum = 0! return +/- 10e10
StJetMaker2012:INFO  - TVector3::PseudoRapidity : transvers momentum = 0! return +/- 10e10
StJetMaker2012:INFO  - TVector3::PseudoRapidity : transvers momentum = 0! return +/- 10e10
StJetMaker2012:INFO  - TVector3::PseudoRapidity : transvers momentum = 0! return +/- 10e10
StJetMaker2012:INFO  - TVector3::PseudoRapidity : transvers momentum = 0! return +/- 10e10
StJetMaker2012:INFO  - TVector3::PseudoRapidity : transvers momentum = 0! return +/- 10e10
StJetMaker2012:INFO  - TVector3::PseudoRapidity : transvers momentum = 0! return +/- 10e10
StJetMaker2012:INFO  - TVector3::PseudoRapidity : transvers momentum = 0! return +/- 10e10
StJetMaker2012:INFO  - TVector3::PseudoRapidity : transvers momentum = 0! return +/- 10e10
StJetMaker2012:INFO  - TVector3::PseudoRapidity : transvers momentum = 0! return +/- 10e10
QA :INFO  - QAInfo: Done with Event [no. 72/run 0/evt. 72/Date.Time 20090628.53220/sta 0] Real Time =       0.03 seconds Cpu Time =        0.03 seconds
QA :INFO  - QAInfo: Cpu Times: user / system / user children / system children =     0.03 /     0.00 /     0.00 /     0.00 seconds (tick =   100.00, cps = 1000000)
QA :INFO  - QAInfo: Cpu Times: all threads =     0.026996560 seconds
StPythiaFourPMaker:INFO  - TVector3::PseudoRapidity : transvers momentum = 0! return +/- 10e10
StPythiaFourPMaker:INFO  - TVector3::PseudoRapidity : transvers momentum = 0! return +/- 10e10
StMCAsymMaker:WARN  - No StMcEvent
StMCAsymMaker:INFO  - *** StMCAsymMaker::Make() == StWarn(1) ***
StJetMaker2012:INFO  - TVector3::PseudoRapidity : transvers momentum = 0! return +/- 10e10
StJetMaker2012:INFO  - TVector3::PseudoRapidity : transvers momentum = 0! return +/- 10e10
StJetMaker2012:INFO  - TVector3::PseudoRapidity : transvers momentum = 0! return +/- 10e10
StJetMaker2012:INFO  - TVector3::PseudoRapidity : transvers momentum = 0! return +/- 10e10
StJetMaker2012:INFO  - TVector3::PseudoRapidity : transvers momentum = 0! return +/- 10e10
StJetMaker2012:INFO  - TVector3::PseudoRapidity : transvers momentum = 0! return +/- 10e10
StJetMaker2012:INFO  - TVector3::PseudoRapidity : transvers momentum = 0! return +/- 10e10
StJetMaker2012:INFO  - TVector3::PseudoRapidity : transvers momentum = 0! return +/- 10e10
StJetMaker2012:INFO  - TVector3::PseudoRapidity : transvers momentum = 0! return +/- 10e10
StJetMaker2012:INFO  - TVector3::PseudoRapidity : transvers momentum = 0! return +/- 10e10
StJetMaker2012:INFO  - TVector3::PseudoRapidity : transvers momentum = 0! return +/- 10e10
StJetMaker2012:INFO  - TVector3::PseudoRapidity : transvers momentum = 0! return +/- 10e10
StJetMaker2012:INFO  - TVector3::PseudoRapidity : transvers momentum = 0! return +/- 10e10
StJetMaker2012:INFO  - TVector3::PseudoRapidity : transvers momentum = 0! return +/- 10e10
StJetMaker2012:INFO  - TVector3::PseudoRapidity : transvers momentum = 0! return +/- 10e10
StJetMaker2012:INFO  - TVector3::PseudoRapidity : transvers momentum = 0! return +/- 10e10
StJetMaker2012:INFO  - TVector3::PseudoRapidity : transvers momentum = 0! return +/- 10e10
StJetMaker2012:INFO  - TVector3::PseudoRapidity : transvers momentum = 0! return +/- 10e10
StJetMaker2012:INFO  - TVector3::PseudoRapidity : transvers momentum = 0! return +/- 10e10
StJetMaker2012:INFO  - TVector3::PseudoRapidity : transvers momentum = 0! return +/- 10e10
QA :INFO  - QAInfo: Done with Event [no. 73/run 0/evt. 73/Date.Time 20090628.53220/sta 0] Real Time =       0.02 seconds Cpu Time =        0.02 seconds
QA :INFO  - QAInfo: Cpu Times: user / system / user children / system children =     0.02 /     0.00 /     0.00 /     0.00 seconds (tick =   100.00, cps = 1000000)
QA :INFO  - QAInfo: Cpu Times: all threads =     0.022293690 seconds
StPythiaFourPMaker:INFO  - TVector3::PseudoRapidity : transvers momentum = 0! return +/- 10e10
StPythiaFourPMaker:INFO  - TVector3::PseudoRapidity : transvers momentum = 0! return +/- 10e10
StMCAsymMaker:WARN  - No StMcEvent
StMCAsymMaker:INFO  - *** StMCAsymMaker::Make() == StWarn(1) ***
StJetMaker2012:INFO  - TVector3::PseudoRapidity : transvers momentum = 0! return +/- 10e10
StJetMaker2012:INFO  - TVector3::PseudoRapidity : transvers momentum = 0! return +/- 10e10
StJetMaker2012:INFO  - TVector3::PseudoRapidity : transvers momentum = 0! return +/- 10e10
StJetMaker2012:INFO  - TVector3::PseudoRapidity : transvers momentum = 0! return +/- 10e10
StJetMaker2012:INFO  - TVector3::PseudoRapidity : transvers momentum = 0! return +/- 10e10
StJetMaker2012:INFO  - TVector3::PseudoRapidity : transvers momentum = 0! return +/- 10e10
StJetMaker2012:INFO  - TVector3::PseudoRapidity : transvers momentum = 0! return +/- 10e10
StJetMaker2012:INFO  - TVector3::PseudoRapidity : transvers momentum = 0! return +/- 10e10
StJetMaker2012:INFO  - TVector3::PseudoRapidity : transvers momentum = 0! return +/- 10e10
StJetMaker2012:INFO  - TVector3::PseudoRapidity : transvers momentum = 0! return +/- 10e10
StJetMaker2012:INFO  - TVector3::PseudoRapidity : transvers momentum = 0! return +/- 10e10
StJetMaker2012:INFO  - TVector3::PseudoRapidity : transvers momentum = 0! return +/- 10e10
StJetMaker2012:INFO  - TVector3::PseudoRapidity : transvers momentum = 0! return +/- 10e10
StJetMaker2012:INFO  - TVector3::PseudoRapidity : transvers momentum = 0! return +/- 10e10
StJetMaker2012:INFO  - TVector3::PseudoRapidity : transvers momentum = 0! return +/- 10e10
StJetMaker2012:INFO  - TVector3::PseudoRapidity : transvers momentum = 0! return +/- 10e10
StJetMaker2012:INFO  - TVector3::PseudoRapidity : transvers momentum = 0! return +/- 10e10
StJetMaker2012:INFO  - TVector3::PseudoRapidity : transvers momentum = 0! return +/- 10e10
StJetMaker2012:INFO  - TVector3::PseudoRapidity : transvers momentum = 0! return +/- 10e10
StJetMaker2012:INFO  - TVector3::PseudoRapidity : transvers momentum = 0! return +/- 10e10
QA :INFO  - QAInfo: Done with Event [no. 74/run 0/evt. 74/Date.Time 20090628.53220/sta 0] Real Time =       0.02 seconds Cpu Time =        0.02 seconds
QA :INFO  - QAInfo: Cpu Times: user / system / user children / system children =     0.02 /     0.00 /     0.00 /     0.00 seconds (tick =   100.00, cps = 1000000)
QA :INFO  - QAInfo: Cpu Times: all threads =     0.021876030 seconds
StPythiaFourPMaker:INFO  - TVector3::PseudoRapidity : transvers momentum = 0! return +/- 10e10
StPythiaFourPMaker:INFO  - TVector3::PseudoRapidity : transvers momentum = 0! return +/- 10e10
StMCAsymMaker:WARN  - No StMcEvent
StMCAsymMaker:INFO  - *** StMCAsymMaker::Make() == StWarn(1) ***
StJetMaker2012:INFO  - TVector3::PseudoRapidity : transvers momentum = 0! return +/- 10e10
StJetMaker2012:INFO  - TVector3::PseudoRapidity : transvers momentum = 0! return +/- 10e10
StJetMaker2012:INFO  - TVector3::PseudoRapidity : transvers momentum = 0! return +/- 10e10
StJetMaker2012:INFO  - TVector3::PseudoRapidity : transvers momentum = 0! return +/- 10e10
StJetMaker2012:INFO  - TVector3::PseudoRapidity : transvers momentum = 0! return +/- 10e10
StJetMaker2012:INFO  - TVector3::PseudoRapidity : transvers momentum = 0! return +/- 10e10
StJetMaker2012:INFO  - TVector3::PseudoRapidity : transvers momentum = 0! return +/- 10e10
StJetMaker2012:INFO  - TVector3::PseudoRapidity : transvers momentum = 0! return +/- 10e10
StJetMaker2012:INFO  - TVector3::PseudoRapidity : transvers momentum = 0! return +/- 10e10
StJetMaker2012:INFO  - TVector3::PseudoRapidity : transvers momentum = 0! return +/- 10e10
StJetMaker2012:INFO  - TVector3::PseudoRapidity : transvers momentum = 0! return +/- 10e10
StJetMaker2012:INFO  - TVector3::PseudoRapidity : transvers momentum = 0! return +/- 10e10
StJetMaker2012:INFO  - TVector3::PseudoRapidity : transvers momentum = 0! return +/- 10e10
StJetMaker2012:INFO  - TVector3::PseudoRapidity : transvers momentum = 0! return +/- 10e10
StJetMaker2012:INFO  - TVector3::PseudoRapidity : transvers momentum = 0! return +/- 10e10
StJetMaker2012:INFO  - TVector3::PseudoRapidity : transvers momentum = 0! return +/- 10e10
StJetMaker2012:INFO  - TVector3::PseudoRapidity : transvers momentum = 0! return +/- 10e10
StJetMaker2012:INFO  - TVector3::PseudoRapidity : transvers momentum = 0! return +/- 10e10
StJetMaker2012:INFO  - TVector3::PseudoRapidity : transvers momentum = 0! return +/- 10e10
StJetMaker2012:INFO  - TVector3::PseudoRapidity : transvers momentum = 0! return +/- 10e10
QA :INFO  - QAInfo: Done with Event [no. 75/run 0/evt. 75/Date.Time 20090628.53220/sta 0] Real Time =       0.02 seconds Cpu Time =        0.02 seconds
QA :INFO  - QAInfo: Cpu Times: user / system / user children / system children =     0.02 /     0.00 /     0.00 /     0.00 seconds (tick =   100.00, cps = 1000000)
QA :INFO  - QAInfo: Cpu Times: all threads =     0.019920340 seconds
StPythiaFourPMaker:INFO  - TVector3::PseudoRapidity : transvers momentum = 0! return +/- 10e10
StPythiaFourPMaker:INFO  - TVector3::PseudoRapidity : transvers momentum = 0! return +/- 10e10
StMCAsymMaker:WARN  - No StMcEvent
StMCAsymMaker:INFO  - *** StMCAsymMaker::Make() == StWarn(1) ***
StJetMaker2012:INFO  - TVector3::PseudoRapidity : transvers momentum = 0! return +/- 10e10
StJetMaker2012:INFO  - TVector3::PseudoRapidity : transvers momentum = 0! return +/- 10e10
StJetMaker2012:INFO  - TVector3::PseudoRapidity : transvers momentum = 0! return +/- 10e10
StJetMaker2012:INFO  - TVector3::PseudoRapidity : transvers momentum = 0! return +/- 10e10
StJetMaker2012:INFO  - TVector3::PseudoRapidity : transvers momentum = 0! return +/- 10e10
StJetMaker2012:INFO  - TVector3::PseudoRapidity : transvers momentum = 0! return +/- 10e10
StJetMaker2012:INFO  - TVector3::PseudoRapidity : transvers momentum = 0! return +/- 10e10
StJetMaker2012:INFO  - TVector3::PseudoRapidity : transvers momentum = 0! return +/- 10e10
StJetMaker2012:INFO  - TVector3::PseudoRapidity : transvers momentum = 0! return +/- 10e10
StJetMaker2012:INFO  - TVector3::PseudoRapidity : transvers momentum = 0! return +/- 10e10
StJetMaker2012:INFO  - TVector3::PseudoRapidity : transvers momentum = 0! return +/- 10e10
StJetMaker2012:INFO  - TVector3::PseudoRapidity : transvers momentum = 0! return +/- 10e10
StJetMaker2012:INFO  - TVector3::PseudoRapidity : transvers momentum = 0! return +/- 10e10
StJetMaker2012:INFO  - TVector3::PseudoRapidity : transvers momentum = 0! return +/- 10e10
StJetMaker2012:INFO  - TVector3::PseudoRapidity : transvers momentum = 0! return +/- 10e10
StJetMaker2012:INFO  - TVector3::PseudoRapidity : transvers momentum = 0! return +/- 10e10
StJetMaker2012:INFO  - TVector3::PseudoRapidity : transvers momentum = 0! return +/- 10e10
StJetMaker2012:INFO  - TVector3::PseudoRapidity : transvers momentum = 0! return +/- 10e10
StJetMaker2012:INFO  - TVector3::PseudoRapidity : transvers momentum = 0! return +/- 10e10
StJetMaker2012:INFO  - TVector3::PseudoRapidity : transvers momentum = 0! return +/- 10e10
QA :INFO  - QAInfo: Done with Event [no. 76/run 0/evt. 76/Date.Time 20090628.53220/sta 0] Real Time =       0.02 seconds Cpu Time =        0.03 seconds
QA :INFO  - QAInfo: Cpu Times: user / system / user children / system children =     0.03 /     0.00 /     0.00 /     0.00 seconds (tick =   100.00, cps = 1000000)
QA :INFO  - QAInfo: Cpu Times: all threads =     0.022400330 seconds
StPythiaFourPMaker:INFO  - TVector3::PseudoRapidity : transvers momentum = 0! return +/- 10e10
StPythiaFourPMaker:INFO  - TVector3::PseudoRapidity : transvers momentum = 0! return +/- 10e10
StMCAsymMaker:WARN  - No StMcEvent
StMCAsymMaker:INFO  - *** StMCAsymMaker::Make() == StWarn(1) ***
StJetMaker2012:INFO  - TVector3::PseudoRapidity : transvers momentum = 0! return +/- 10e10
StJetMaker2012:INFO  - TVector3::PseudoRapidity : transvers momentum = 0! return +/- 10e10
StJetMaker2012:INFO  - TVector3::PseudoRapidity : transvers momentum = 0! return +/- 10e10
StJetMaker2012:INFO  - TVector3::PseudoRapidity : transvers momentum = 0! return +/- 10e10
StJetMaker2012:INFO  - TVector3::PseudoRapidity : transvers momentum = 0! return +/- 10e10
StJetMaker2012:INFO  - TVector3::PseudoRapidity : transvers momentum = 0! return +/- 10e10
StJetMaker2012:INFO  - TVector3::PseudoRapidity : transvers momentum = 0! return +/- 10e10
StJetMaker2012:INFO  - TVector3::PseudoRapidity : transvers momentum = 0! return +/- 10e10
StJetMaker2012:INFO  - TVector3::PseudoRapidity : transvers momentum = 0! return +/- 10e10
StJetMaker2012:INFO  - TVector3::PseudoRapidity : transvers momentum = 0! return +/- 10e10
StJetMaker2012:INFO  - TVector3::PseudoRapidity : transvers momentum = 0! return +/- 10e10
StJetMaker2012:INFO  - TVector3::PseudoRapidity : transvers momentum = 0! return +/- 10e10
StJetMaker2012:INFO  - TVector3::PseudoRapidity : transvers momentum = 0! return +/- 10e10
StJetMaker2012:INFO  - TVector3::PseudoRapidity : transvers momentum = 0! return +/- 10e10
StJetMaker2012:INFO  - TVector3::PseudoRapidity : transvers momentum = 0! return +/- 10e10
StJetMaker2012:INFO  - TVector3::PseudoRapidity : transvers momentum = 0! return +/- 10e10
StJetMaker2012:INFO  - TVector3::PseudoRapidity : transvers momentum = 0! return +/- 10e10
StJetMaker2012:INFO  - TVector3::PseudoRapidity : transvers momentum = 0! return +/- 10e10
StJetMaker2012:INFO  - TVector3::PseudoRapidity : transvers momentum = 0! return +/- 10e10
StJetMaker2012:INFO  - TVector3::PseudoRapidity : transvers momentum = 0! return +/- 10e10
QA :INFO  - QAInfo: Done with Event [no. 77/run 0/evt. 77/Date.Time 20090628.53220/sta 0] Real Time =       0.02 seconds Cpu Time =        0.01 seconds
QA :INFO  - QAInfo: Cpu Times: user / system / user children / system children =     0.01 /     0.00 /     0.00 /     0.00 seconds (tick =   100.00, cps = 1000000)
QA :INFO  - QAInfo: Cpu Times: all threads =     0.017617110 seconds
StPythiaFourPMaker:INFO  - TVector3::PseudoRapidity : transvers momentum = 0! return +/- 10e10
StPythiaFourPMaker:INFO  - TVector3::PseudoRapidity : transvers momentum = 0! return +/- 10e10
StMCAsymMaker:WARN  - No StMcEvent
StMCAsymMaker:INFO  - *** StMCAsymMaker::Make() == StWarn(1) ***
StJetMaker2012:INFO  - TVector3::PseudoRapidity : transvers momentum = 0! return +/- 10e10
StJetMaker2012:INFO  - TVector3::PseudoRapidity : transvers momentum = 0! return +/- 10e10
StJetMaker2012:INFO  - TVector3::PseudoRapidity : transvers momentum = 0! return +/- 10e10
StJetMaker2012:INFO  - TVector3::PseudoRapidity : transvers momentum = 0! return +/- 10e10
StJetMaker2012:INFO  - TVector3::PseudoRapidity : transvers momentum = 0! return +/- 10e10
StJetMaker2012:INFO  - TVector3::PseudoRapidity : transvers momentum = 0! return +/- 10e10
StJetMaker2012:INFO  - TVector3::PseudoRapidity : transvers momentum = 0! return +/- 10e10
StJetMaker2012:INFO  - TVector3::PseudoRapidity : transvers momentum = 0! return +/- 10e10
StJetMaker2012:INFO  - TVector3::PseudoRapidity : transvers momentum = 0! return +/- 10e10
StJetMaker2012:INFO  - TVector3::PseudoRapidity : transvers momentum = 0! return +/- 10e10
StJetMaker2012:INFO  - TVector3::PseudoRapidity : transvers momentum = 0! return +/- 10e10
StJetMaker2012:INFO  - TVector3::PseudoRapidity : transvers momentum = 0! return +/- 10e10
StJetMaker2012:INFO  - TVector3::PseudoRapidity : transvers momentum = 0! return +/- 10e10
StJetMaker2012:INFO  - TVector3::PseudoRapidity : transvers momentum = 0! return +/- 10e10
StJetMaker2012:INFO  - TVector3::PseudoRapidity : transvers momentum = 0! return +/- 10e10
StJetMaker2012:INFO  - TVector3::PseudoRapidity : transvers momentum = 0! return +/- 10e10
StJetMaker2012:INFO  - TVector3::PseudoRapidity : transvers momentum = 0! return +/- 10e10
StJetMaker2012:INFO  - TVector3::PseudoRapidity : transvers momentum = 0! return +/- 10e10
StJetMaker2012:INFO  - TVector3::PseudoRapidity : transvers momentum = 0! return +/- 10e10
StJetMaker2012:INFO  - TVector3::PseudoRapidity : transvers momentum = 0! return +/- 10e10
QA :INFO  - QAInfo: Done with Event [no. 78/run 0/evt. 78/Date.Time 20090628.53220/sta 0] Real Time =       0.02 seconds Cpu Time =        0.02 seconds
QA :INFO  - QAInfo: Cpu Times: user / system / user children / system children =     0.02 /     0.00 /     0.00 /     0.00 seconds (tick =   100.00, cps = 1000000)
QA :INFO  - QAInfo: Cpu Times: all threads =     0.021131620 seconds
StPythiaFourPMaker:INFO  - TVector3::PseudoRapidity : transvers momentum = 0! return +/- 10e10
StPythiaFourPMaker:INFO  - TVector3::PseudoRapidity : transvers momentum = 0! return +/- 10e10
StMCAsymMaker:WARN  - No StMcEvent
StMCAsymMaker:INFO  - *** StMCAsymMaker::Make() == StWarn(1) ***
StJetMaker2012:INFO  - TVector3::PseudoRapidity : transvers momentum = 0! return +/- 10e10
StJetMaker2012:INFO  - TVector3::PseudoRapidity : transvers momentum = 0! return +/- 10e10
StJetMaker2012:INFO  - TVector3::PseudoRapidity : transvers momentum = 0! return +/- 10e10
StJetMaker2012:INFO  - TVector3::PseudoRapidity : transvers momentum = 0! return +/- 10e10
StJetMaker2012:INFO  - TVector3::PseudoRapidity : transvers momentum = 0! return +/- 10e10
StJetMaker2012:INFO  - TVector3::PseudoRapidity : transvers momentum = 0! return +/- 10e10
StJetMaker2012:INFO  - TVector3::PseudoRapidity : transvers momentum = 0! return +/- 10e10
StJetMaker2012:INFO  - TVector3::PseudoRapidity : transvers momentum = 0! return +/- 10e10
StJetMaker2012:INFO  - TVector3::PseudoRapidity : transvers momentum = 0! return +/- 10e10
StJetMaker2012:INFO  - TVector3::PseudoRapidity : transvers momentum = 0! return +/- 10e10
StJetMaker2012:INFO  - TVector3::PseudoRapidity : transvers momentum = 0! return +/- 10e10
StJetMaker2012:INFO  - TVector3::PseudoRapidity : transvers momentum = 0! return +/- 10e10
StJetMaker2012:INFO  - TVector3::PseudoRapidity : transvers momentum = 0! return +/- 10e10
StJetMaker2012:INFO  - TVector3::PseudoRapidity : transvers momentum = 0! return +/- 10e10
StJetMaker2012:INFO  - TVector3::PseudoRapidity : transvers momentum = 0! return +/- 10e10
StJetMaker2012:INFO  - TVector3::PseudoRapidity : transvers momentum = 0! return +/- 10e10
StJetMaker2012:INFO  - TVector3::PseudoRapidity : transvers momentum = 0! return +/- 10e10
StJetMaker2012:INFO  - TVector3::PseudoRapidity : transvers momentum = 0! return +/- 10e10
StJetMaker2012:INFO  - TVector3::PseudoRapidity : transvers momentum = 0! return +/- 10e10
StJetMaker2012:INFO  - TVector3::PseudoRapidity : transvers momentum = 0! return +/- 10e10
QA :INFO  - QAInfo: Done with Event [no. 79/run 0/evt. 79/Date.Time 20090628.53220/sta 0] Real Time =       0.02 seconds Cpu Time =        0.02 seconds
QA :INFO  - QAInfo: Cpu Times: user / system / user children / system children =     0.02 /     0.00 /     0.00 /     0.00 seconds (tick =   100.00, cps = 1000000)
QA :INFO  - QAInfo: Cpu Times: all threads =     0.017200990 seconds
StPythiaFourPMaker:INFO  - TVector3::PseudoRapidity : transvers momentum = 0! return +/- 10e10
StPythiaFourPMaker:INFO  - TVector3::PseudoRapidity : transvers momentum = 0! return +/- 10e10
StMCAsymMaker:WARN  - No StMcEvent
StMCAsymMaker:INFO  - *** StMCAsymMaker::Make() == StWarn(1) ***
StJetMaker2012:INFO  - TVector3::PseudoRapidity : transvers momentum = 0! return +/- 10e10
StJetMaker2012:INFO  - TVector3::PseudoRapidity : transvers momentum = 0! return +/- 10e10
StJetMaker2012:INFO  - TVector3::PseudoRapidity : transvers momentum = 0! return +/- 10e10
StJetMaker2012:INFO  - TVector3::PseudoRapidity : transvers momentum = 0! return +/- 10e10
StJetMaker2012:INFO  - TVector3::PseudoRapidity : transvers momentum = 0! return +/- 10e10
StJetMaker2012:INFO  - TVector3::PseudoRapidity : transvers momentum = 0! return +/- 10e10
StJetMaker2012:INFO  - TVector3::PseudoRapidity : transvers momentum = 0! return +/- 10e10
StJetMaker2012:INFO  - TVector3::PseudoRapidity : transvers momentum = 0! return +/- 10e10
StJetMaker2012:INFO  - TVector3::PseudoRapidity : transvers momentum = 0! return +/- 10e10
StJetMaker2012:INFO  - TVector3::PseudoRapidity : transvers momentum = 0! return +/- 10e10
StJetMaker2012:INFO  - TVector3::PseudoRapidity : transvers momentum = 0! return +/- 10e10
StJetMaker2012:INFO  - TVector3::PseudoRapidity : transvers momentum = 0! return +/- 10e10
StJetMaker2012:INFO  - TVector3::PseudoRapidity : transvers momentum = 0! return +/- 10e10
StJetMaker2012:INFO  - TVector3::PseudoRapidity : transvers momentum = 0! return +/- 10e10
StJetMaker2012:INFO  - TVector3::PseudoRapidity : transvers momentum = 0! return +/- 10e10
StJetMaker2012:INFO  - TVector3::PseudoRapidity : transvers momentum = 0! return +/- 10e10
StJetMaker2012:INFO  - TVector3::PseudoRapidity : transvers momentum = 0! return +/- 10e10
StJetMaker2012:INFO  - TVector3::PseudoRapidity : transvers momentum = 0! return +/- 10e10
StJetMaker2012:INFO  - TVector3::PseudoRapidity : transvers momentum = 0! return +/- 10e10
StJetMaker2012:INFO  - TVector3::PseudoRapidity : transvers momentum = 0! return +/- 10e10
QA :INFO  - QAInfo: Done with Event [no. 80/run 0/evt. 80/Date.Time 20090628.53220/sta 0] Real Time =       0.02 seconds Cpu Time =        0.02 seconds
QA :INFO  - QAInfo: Cpu Times: user / system / user children / system children =     0.02 /     0.00 /     0.00 /     0.00 seconds (tick =   100.00, cps = 1000000)
QA :INFO  - QAInfo: Cpu Times: all threads =     0.018966140 seconds
StPythiaFourPMaker:INFO  - TVector3::PseudoRapidity : transvers momentum = 0! return +/- 10e10
StPythiaFourPMaker:INFO  - TVector3::PseudoRapidity : transvers momentum = 0! return +/- 10e10
StMCAsymMaker:WARN  - No StMcEvent
StMCAsymMaker:INFO  - *** StMCAsymMaker::Make() == StWarn(1) ***
StJetMaker2012:INFO  - TVector3::PseudoRapidity : transvers momentum = 0! return +/- 10e10
StJetMaker2012:INFO  - TVector3::PseudoRapidity : transvers momentum = 0! return +/- 10e10
StJetMaker2012:INFO  - TVector3::PseudoRapidity : transvers momentum = 0! return +/- 10e10
StJetMaker2012:INFO  - TVector3::PseudoRapidity : transvers momentum = 0! return +/- 10e10
StJetMaker2012:INFO  - TVector3::PseudoRapidity : transvers momentum = 0! return +/- 10e10
StJetMaker2012:INFO  - TVector3::PseudoRapidity : transvers momentum = 0! return +/- 10e10
StJetMaker2012:INFO  - TVector3::PseudoRapidity : transvers momentum = 0! return +/- 10e10
StJetMaker2012:INFO  - TVector3::PseudoRapidity : transvers momentum = 0! return +/- 10e10
StJetMaker2012:INFO  - TVector3::PseudoRapidity : transvers momentum = 0! return +/- 10e10
StJetMaker2012:INFO  - TVector3::PseudoRapidity : transvers momentum = 0! return +/- 10e10
StJetMaker2012:INFO  - TVector3::PseudoRapidity : transvers momentum = 0! return +/- 10e10
StJetMaker2012:INFO  - TVector3::PseudoRapidity : transvers momentum = 0! return +/- 10e10
StJetMaker2012:INFO  - TVector3::PseudoRapidity : transvers momentum = 0! return +/- 10e10
StJetMaker2012:INFO  - TVector3::PseudoRapidity : transvers momentum = 0! return +/- 10e10
StJetMaker2012:INFO  - TVector3::PseudoRapidity : transvers momentum = 0! return +/- 10e10
StJetMaker2012:INFO  - TVector3::PseudoRapidity : transvers momentum = 0! return +/- 10e10
StJetMaker2012:INFO  - TVector3::PseudoRapidity : transvers momentum = 0! return +/- 10e10
StJetMaker2012:INFO  - TVector3::PseudoRapidity : transvers momentum = 0! return +/- 10e10
StJetMaker2012:INFO  - TVector3::PseudoRapidity : transvers momentum = 0! return +/- 10e10
StJetMaker2012:INFO  - TVector3::PseudoRapidity : transvers momentum = 0! return +/- 10e10
QA :INFO  - QAInfo: Done with Event [no. 81/run 0/evt. 81/Date.Time 20090628.53220/sta 0] Real Time =       0.02 seconds Cpu Time =        0.03 seconds
QA :INFO  - QAInfo: Cpu Times: user / system / user children / system children =     0.02 /     0.01 /     0.00 /     0.00 seconds (tick =   100.00, cps = 1000000)
QA :INFO  - QAInfo: Cpu Times: all threads =     0.021246070 seconds
StPythiaFourPMaker:INFO  - TVector3::PseudoRapidity : transvers momentum = 0! return +/- 10e10
StPythiaFourPMaker:INFO  - TVector3::PseudoRapidity : transvers momentum = 0! return +/- 10e10
StMCAsymMaker:WARN  - No StMcEvent
StMCAsymMaker:INFO  - *** StMCAsymMaker::Make() == StWarn(1) ***
StJetMaker2012:INFO  - TVector3::PseudoRapidity : transvers momentum = 0! return +/- 10e10
StJetMaker2012:INFO  - TVector3::PseudoRapidity : transvers momentum = 0! return +/- 10e10
StJetMaker2012:INFO  - TVector3::PseudoRapidity : transvers momentum = 0! return +/- 10e10
StJetMaker2012:INFO  - TVector3::PseudoRapidity : transvers momentum = 0! return +/- 10e10
StJetMaker2012:INFO  - TVector3::PseudoRapidity : transvers momentum = 0! return +/- 10e10
StJetMaker2012:INFO  - TVector3::PseudoRapidity : transvers momentum = 0! return +/- 10e10
StJetMaker2012:INFO  - TVector3::PseudoRapidity : transvers momentum = 0! return +/- 10e10
StJetMaker2012:INFO  - TVector3::PseudoRapidity : transvers momentum = 0! return +/- 10e10
StJetMaker2012:INFO  - TVector3::PseudoRapidity : transvers momentum = 0! return +/- 10e10
StJetMaker2012:INFO  - TVector3::PseudoRapidity : transvers momentum = 0! return +/- 10e10
StJetMaker2012:INFO  - TVector3::PseudoRapidity : transvers momentum = 0! return +/- 10e10
StJetMaker2012:INFO  - TVector3::PseudoRapidity : transvers momentum = 0! return +/- 10e10
StJetMaker2012:INFO  - TVector3::PseudoRapidity : transvers momentum = 0! return +/- 10e10
StJetMaker2012:INFO  - TVector3::PseudoRapidity : transvers momentum = 0! return +/- 10e10
StJetMaker2012:INFO  - TVector3::PseudoRapidity : transvers momentum = 0! return +/- 10e10
StJetMaker2012:INFO  - TVector3::PseudoRapidity : transvers momentum = 0! return +/- 10e10
StJetMaker2012:INFO  - TVector3::PseudoRapidity : transvers momentum = 0! return +/- 10e10
StJetMaker2012:INFO  - TVector3::PseudoRapidity : transvers momentum = 0! return +/- 10e10
StJetMaker2012:INFO  - TVector3::PseudoRapidity : transvers momentum = 0! return +/- 10e10
StJetMaker2012:INFO  - TVector3::PseudoRapidity : transvers momentum = 0! return +/- 10e10
QA :INFO  - QAInfo: Done with Event [no. 82/run 0/evt. 82/Date.Time 20090628.53220/sta 0] Real Time =       0.02 seconds Cpu Time =        0.02 seconds
QA :INFO  - QAInfo: Cpu Times: user / system / user children / system children =     0.02 /     0.00 /     0.00 /     0.00 seconds (tick =   100.00, cps = 1000000)
QA :INFO  - QAInfo: Cpu Times: all threads =     0.022623020 seconds
StPythiaFourPMaker:INFO  - TVector3::PseudoRapidity : transvers momentum = 0! return +/- 10e10
StPythiaFourPMaker:INFO  - TVector3::PseudoRapidity : transvers momentum = 0! return +/- 10e10
StMCAsymMaker:WARN  - No StMcEvent
StMCAsymMaker:INFO  - *** StMCAsymMaker::Make() == StWarn(1) ***
StJetMaker2012:INFO  - TVector3::PseudoRapidity : transvers momentum = 0! return +/- 10e10
StJetMaker2012:INFO  - TVector3::PseudoRapidity : transvers momentum = 0! return +/- 10e10
StJetMaker2012:INFO  - TVector3::PseudoRapidity : transvers momentum = 0! return +/- 10e10
StJetMaker2012:INFO  - TVector3::PseudoRapidity : transvers momentum = 0! return +/- 10e10
StJetMaker2012:INFO  - TVector3::PseudoRapidity : transvers momentum = 0! return +/- 10e10
StJetMaker2012:INFO  - TVector3::PseudoRapidity : transvers momentum = 0! return +/- 10e10
StJetMaker2012:INFO  - TVector3::PseudoRapidity : transvers momentum = 0! return +/- 10e10
StJetMaker2012:INFO  - TVector3::PseudoRapidity : transvers momentum = 0! return +/- 10e10
StJetMaker2012:INFO  - TVector3::PseudoRapidity : transvers momentum = 0! return +/- 10e10
StJetMaker2012:INFO  - TVector3::PseudoRapidity : transvers momentum = 0! return +/- 10e10
StJetMaker2012:INFO  - TVector3::PseudoRapidity : transvers momentum = 0! return +/- 10e10
StJetMaker2012:INFO  - TVector3::PseudoRapidity : transvers momentum = 0! return +/- 10e10
StJetMaker2012:INFO  - TVector3::PseudoRapidity : transvers momentum = 0! return +/- 10e10
StJetMaker2012:INFO  - TVector3::PseudoRapidity : transvers momentum = 0! return +/- 10e10
StJetMaker2012:INFO  - TVector3::PseudoRapidity : transvers momentum = 0! return +/- 10e10
StJetMaker2012:INFO  - TVector3::PseudoRapidity : transvers momentum = 0! return +/- 10e10
StJetMaker2012:INFO  - TVector3::PseudoRapidity : transvers momentum = 0! return +/- 10e10
StJetMaker2012:INFO  - TVector3::PseudoRapidity : transvers momentum = 0! return +/- 10e10
StJetMaker2012:INFO  - TVector3::PseudoRapidity : transvers momentum = 0! return +/- 10e10
StJetMaker2012:INFO  - TVector3::PseudoRapidity : transvers momentum = 0! return +/- 10e10
QA :INFO  - QAInfo: Done with Event [no. 83/run 0/evt. 83/Date.Time 20090628.53220/sta 0] Real Time =       0.02 seconds Cpu Time =        0.02 seconds
QA :INFO  - QAInfo: Cpu Times: user / system / user children / system children =     0.02 /     0.00 /     0.00 /     0.00 seconds (tick =   100.00, cps = 1000000)
QA :INFO  - QAInfo: Cpu Times: all threads =     0.019022570 seconds
StPythiaFourPMaker:INFO  - TVector3::PseudoRapidity : transvers momentum = 0! return +/- 10e10
StPythiaFourPMaker:INFO  - TVector3::PseudoRapidity : transvers momentum = 0! return +/- 10e10
StMCAsymMaker:WARN  - No StMcEvent
StMCAsymMaker:INFO  - *** StMCAsymMaker::Make() == StWarn(1) ***
StJetMaker2012:INFO  - TVector3::PseudoRapidity : transvers momentum = 0! return +/- 10e10
StJetMaker2012:INFO  - TVector3::PseudoRapidity : transvers momentum = 0! return +/- 10e10
StJetMaker2012:INFO  - TVector3::PseudoRapidity : transvers momentum = 0! return +/- 10e10
StJetMaker2012:INFO  - TVector3::PseudoRapidity : transvers momentum = 0! return +/- 10e10
StJetMaker2012:INFO  - TVector3::PseudoRapidity : transvers momentum = 0! return +/- 10e10
StJetMaker2012:INFO  - TVector3::PseudoRapidity : transvers momentum = 0! return +/- 10e10
StJetMaker2012:INFO  - TVector3::PseudoRapidity : transvers momentum = 0! return +/- 10e10
StJetMaker2012:INFO  - TVector3::PseudoRapidity : transvers momentum = 0! return +/- 10e10
StJetMaker2012:INFO  - TVector3::PseudoRapidity : transvers momentum = 0! return +/- 10e10
StJetMaker2012:INFO  - TVector3::PseudoRapidity : transvers momentum = 0! return +/- 10e10
StJetMaker2012:INFO  - TVector3::PseudoRapidity : transvers momentum = 0! return +/- 10e10
StJetMaker2012:INFO  - TVector3::PseudoRapidity : transvers momentum = 0! return +/- 10e10
StJetMaker2012:INFO  - TVector3::PseudoRapidity : transvers momentum = 0! return +/- 10e10
StJetMaker2012:INFO  - TVector3::PseudoRapidity : transvers momentum = 0! return +/- 10e10
StJetMaker2012:INFO  - TVector3::PseudoRapidity : transvers momentum = 0! return +/- 10e10
StJetMaker2012:INFO  - TVector3::PseudoRapidity : transvers momentum = 0! return +/- 10e10
StJetMaker2012:INFO  - TVector3::PseudoRapidity : transvers momentum = 0! return +/- 10e10
StJetMaker2012:INFO  - TVector3::PseudoRapidity : transvers momentum = 0! return +/- 10e10
StJetMaker2012:INFO  - TVector3::PseudoRapidity : transvers momentum = 0! return +/- 10e10
StJetMaker2012:INFO  - TVector3::PseudoRapidity : transvers momentum = 0! return +/- 10e10
QA :INFO  - QAInfo: Done with Event [no. 84/run 0/evt. 84/Date.Time 20090628.53220/sta 0] Real Time =       0.02 seconds Cpu Time =        0.02 seconds
QA :INFO  - QAInfo: Cpu Times: user / system / user children / system children =     0.02 /     0.00 /     0.00 /     0.00 seconds (tick =   100.00, cps = 1000000)
QA :INFO  - QAInfo: Cpu Times: all threads =     0.023232310 seconds
StPythiaFourPMaker:INFO  - TVector3::PseudoRapidity : transvers momentum = 0! return +/- 10e10
StPythiaFourPMaker:INFO  - TVector3::PseudoRapidity : transvers momentum = 0! return +/- 10e10
StMCAsymMaker:WARN  - No StMcEvent
StMCAsymMaker:INFO  - *** StMCAsymMaker::Make() == StWarn(1) ***
StJetMaker2012:INFO  - TVector3::PseudoRapidity : transvers momentum = 0! return +/- 10e10
StJetMaker2012:INFO  - TVector3::PseudoRapidity : transvers momentum = 0! return +/- 10e10
StJetMaker2012:INFO  - TVector3::PseudoRapidity : transvers momentum = 0! return +/- 10e10
StJetMaker2012:INFO  - TVector3::PseudoRapidity : transvers momentum = 0! return +/- 10e10
StJetMaker2012:INFO  - TVector3::PseudoRapidity : transvers momentum = 0! return +/- 10e10
StJetMaker2012:INFO  - TVector3::PseudoRapidity : transvers momentum = 0! return +/- 10e10
StJetMaker2012:INFO  - TVector3::PseudoRapidity : transvers momentum = 0! return +/- 10e10
StJetMaker2012:INFO  - TVector3::PseudoRapidity : transvers momentum = 0! return +/- 10e10
StJetMaker2012:INFO  - TVector3::PseudoRapidity : transvers momentum = 0! return +/- 10e10
StJetMaker2012:INFO  - TVector3::PseudoRapidity : transvers momentum = 0! return +/- 10e10
StJetMaker2012:INFO  - TVector3::PseudoRapidity : transvers momentum = 0! return +/- 10e10
StJetMaker2012:INFO  - TVector3::PseudoRapidity : transvers momentum = 0! return +/- 10e10
StJetMaker2012:INFO  - TVector3::PseudoRapidity : transvers momentum = 0! return +/- 10e10
StJetMaker2012:INFO  - TVector3::PseudoRapidity : transvers momentum = 0! return +/- 10e10
StJetMaker2012:INFO  - TVector3::PseudoRapidity : transvers momentum = 0! return +/- 10e10
StJetMaker2012:INFO  - TVector3::PseudoRapidity : transvers momentum = 0! return +/- 10e10
StJetMaker2012:INFO  - TVector3::PseudoRapidity : transvers momentum = 0! return +/- 10e10
StJetMaker2012:INFO  - TVector3::PseudoRapidity : transvers momentum = 0! return +/- 10e10
StJetMaker2012:INFO  - TVector3::PseudoRapidity : transvers momentum = 0! return +/- 10e10
StJetMaker2012:INFO  - TVector3::PseudoRapidity : transvers momentum = 0! return +/- 10e10
QA :INFO  - QAInfo: Done with Event [no. 85/run 0/evt. 85/Date.Time 20090628.53220/sta 0] Real Time =       0.02 seconds Cpu Time =        0.02 seconds
QA :INFO  - QAInfo: Cpu Times: user / system / user children / system children =     0.02 /     0.00 /     0.00 /     0.00 seconds (tick =   100.00, cps = 1000000)
QA :INFO  - QAInfo: Cpu Times: all threads =     0.017578640 seconds
StPythiaFourPMaker:INFO  - TVector3::PseudoRapidity : transvers momentum = 0! return +/- 10e10
StPythiaFourPMaker:INFO  - TVector3::PseudoRapidity : transvers momentum = 0! return +/- 10e10
StMCAsymMaker:WARN  - No StMcEvent
StMCAsymMaker:INFO  - *** StMCAsymMaker::Make() == StWarn(1) ***
StJetMaker2012:INFO  - TVector3::PseudoRapidity : transvers momentum = 0! return +/- 10e10
StJetMaker2012:INFO  - TVector3::PseudoRapidity : transvers momentum = 0! return +/- 10e10
StJetMaker2012:INFO  - TVector3::PseudoRapidity : transvers momentum = 0! return +/- 10e10
StJetMaker2012:INFO  - TVector3::PseudoRapidity : transvers momentum = 0! return +/- 10e10
StJetMaker2012:INFO  - TVector3::PseudoRapidity : transvers momentum = 0! return +/- 10e10
StJetMaker2012:INFO  - TVector3::PseudoRapidity : transvers momentum = 0! return +/- 10e10
StJetMaker2012:INFO  - TVector3::PseudoRapidity : transvers momentum = 0! return +/- 10e10
StJetMaker2012:INFO  - TVector3::PseudoRapidity : transvers momentum = 0! return +/- 10e10
StJetMaker2012:INFO  - TVector3::PseudoRapidity : transvers momentum = 0! return +/- 10e10
StJetMaker2012:INFO  - TVector3::PseudoRapidity : transvers momentum = 0! return +/- 10e10
StJetMaker2012:INFO  - TVector3::PseudoRapidity : transvers momentum = 0! return +/- 10e10
StJetMaker2012:INFO  - TVector3::PseudoRapidity : transvers momentum = 0! return +/- 10e10
StJetMaker2012:INFO  - TVector3::PseudoRapidity : transvers momentum = 0! return +/- 10e10
StJetMaker2012:INFO  - TVector3::PseudoRapidity : transvers momentum = 0! return +/- 10e10
StJetMaker2012:INFO  - TVector3::PseudoRapidity : transvers momentum = 0! return +/- 10e10
StJetMaker2012:INFO  - TVector3::PseudoRapidity : transvers momentum = 0! return +/- 10e10
StJetMaker2012:INFO  - TVector3::PseudoRapidity : transvers momentum = 0! return +/- 10e10
StJetMaker2012:INFO  - TVector3::PseudoRapidity : transvers momentum = 0! return +/- 10e10
StJetMaker2012:INFO  - TVector3::PseudoRapidity : transvers momentum = 0! return +/- 10e10
StJetMaker2012:INFO  - TVector3::PseudoRapidity : transvers momentum = 0! return +/- 10e10
QA :INFO  - QAInfo: Done with Event [no. 86/run 0/evt. 86/Date.Time 20090628.53220/sta 0] Real Time =       0.02 seconds Cpu Time =        0.02 seconds
QA :INFO  - QAInfo: Cpu Times: user / system / user children / system children =     0.02 /     0.00 /     0.00 /     0.00 seconds (tick =   100.00, cps = 1000000)
QA :INFO  - QAInfo: Cpu Times: all threads =     0.022499650 seconds
StPythiaFourPMaker:INFO  - TVector3::PseudoRapidity : transvers momentum = 0! return +/- 10e10
StPythiaFourPMaker:INFO  - TVector3::PseudoRapidity : transvers momentum = 0! return +/- 10e10
StMCAsymMaker:WARN  - No StMcEvent
StMCAsymMaker:INFO  - *** StMCAsymMaker::Make() == StWarn(1) ***
StJetMaker2012:INFO  - TVector3::PseudoRapidity : transvers momentum = 0! return +/- 10e10
StJetMaker2012:INFO  - TVector3::PseudoRapidity : transvers momentum = 0! return +/- 10e10
StJetMaker2012:INFO  - TVector3::PseudoRapidity : transvers momentum = 0! return +/- 10e10
StJetMaker2012:INFO  - TVector3::PseudoRapidity : transvers momentum = 0! return +/- 10e10
StJetMaker2012:INFO  - TVector3::PseudoRapidity : transvers momentum = 0! return +/- 10e10
StJetMaker2012:INFO  - TVector3::PseudoRapidity : transvers momentum = 0! return +/- 10e10
StJetMaker2012:INFO  - TVector3::PseudoRapidity : transvers momentum = 0! return +/- 10e10
StJetMaker2012:INFO  - TVector3::PseudoRapidity : transvers momentum = 0! return +/- 10e10
StJetMaker2012:INFO  - TVector3::PseudoRapidity : transvers momentum = 0! return +/- 10e10
StJetMaker2012:INFO  - TVector3::PseudoRapidity : transvers momentum = 0! return +/- 10e10
StJetMaker2012:INFO  - TVector3::PseudoRapidity : transvers momentum = 0! return +/- 10e10
StJetMaker2012:INFO  - TVector3::PseudoRapidity : transvers momentum = 0! return +/- 10e10
StJetMaker2012:INFO  - TVector3::PseudoRapidity : transvers momentum = 0! return +/- 10e10
StJetMaker2012:INFO  - TVector3::PseudoRapidity : transvers momentum = 0! return +/- 10e10
StJetMaker2012:INFO  - TVector3::PseudoRapidity : transvers momentum = 0! return +/- 10e10
StJetMaker2012:INFO  - TVector3::PseudoRapidity : transvers momentum = 0! return +/- 10e10
StJetMaker2012:INFO  - TVector3::PseudoRapidity : transvers momentum = 0! return +/- 10e10
StJetMaker2012:INFO  - TVector3::PseudoRapidity : transvers momentum = 0! return +/- 10e10
StJetMaker2012:INFO  - TVector3::PseudoRapidity : transvers momentum = 0! return +/- 10e10
StJetMaker2012:INFO  - TVector3::PseudoRapidity : transvers momentum = 0! return +/- 10e10
QA :INFO  - QAInfo: Done with Event [no. 87/run 0/evt. 87/Date.Time 20090628.53220/sta 0] Real Time =       0.02 seconds Cpu Time =        0.02 seconds
QA :INFO  - QAInfo: Cpu Times: user / system / user children / system children =     0.02 /     0.00 /     0.00 /     0.00 seconds (tick =   100.00, cps = 1000000)
QA :INFO  - QAInfo: Cpu Times: all threads =     0.021743570 seconds
StPythiaFourPMaker:INFO  - TVector3::PseudoRapidity : transvers momentum = 0! return +/- 10e10
StPythiaFourPMaker:INFO  - TVector3::PseudoRapidity : transvers momentum = 0! return +/- 10e10
StMCAsymMaker:WARN  - No StMcEvent
StMCAsymMaker:INFO  - *** StMCAsymMaker::Make() == StWarn(1) ***
StJetMaker2012:INFO  - TVector3::PseudoRapidity : transvers momentum = 0! return +/- 10e10
StJetMaker2012:INFO  - TVector3::PseudoRapidity : transvers momentum = 0! return +/- 10e10
StJetMaker2012:INFO  - TVector3::PseudoRapidity : transvers momentum = 0! return +/- 10e10
StJetMaker2012:INFO  - TVector3::PseudoRapidity : transvers momentum = 0! return +/- 10e10
StJetMaker2012:INFO  - TVector3::PseudoRapidity : transvers momentum = 0! return +/- 10e10
StJetMaker2012:INFO  - TVector3::PseudoRapidity : transvers momentum = 0! return +/- 10e10
StJetMaker2012:INFO  - TVector3::PseudoRapidity : transvers momentum = 0! return +/- 10e10
StJetMaker2012:INFO  - TVector3::PseudoRapidity : transvers momentum = 0! return +/- 10e10
StJetMaker2012:INFO  - TVector3::PseudoRapidity : transvers momentum = 0! return +/- 10e10
StJetMaker2012:INFO  - TVector3::PseudoRapidity : transvers momentum = 0! return +/- 10e10
StJetMaker2012:INFO  - TVector3::PseudoRapidity : transvers momentum = 0! return +/- 10e10
StJetMaker2012:INFO  - TVector3::PseudoRapidity : transvers momentum = 0! return +/- 10e10
StJetMaker2012:INFO  - TVector3::PseudoRapidity : transvers momentum = 0! return +/- 10e10
StJetMaker2012:INFO  - TVector3::PseudoRapidity : transvers momentum = 0! return +/- 10e10
StJetMaker2012:INFO  - TVector3::PseudoRapidity : transvers momentum = 0! return +/- 10e10
StJetMaker2012:INFO  - TVector3::PseudoRapidity : transvers momentum = 0! return +/- 10e10
StJetMaker2012:INFO  - TVector3::PseudoRapidity : transvers momentum = 0! return +/- 10e10
StJetMaker2012:INFO  - TVector3::PseudoRapidity : transvers momentum = 0! return +/- 10e10
StJetMaker2012:INFO  - TVector3::PseudoRapidity : transvers momentum = 0! return +/- 10e10
StJetMaker2012:INFO  - TVector3::PseudoRapidity : transvers momentum = 0! return +/- 10e10
QA :INFO  - QAInfo: Done with Event [no. 88/run 0/evt. 88/Date.Time 20090628.53220/sta 0] Real Time =       0.02 seconds Cpu Time =        0.02 seconds
QA :INFO  - QAInfo: Cpu Times: user / system / user children / system children =     0.02 /     0.00 /     0.00 /     0.00 seconds (tick =   100.00, cps = 1000000)
QA :INFO  - QAInfo: Cpu Times: all threads =     0.020602830 seconds
StPythiaFourPMaker:INFO  - TVector3::PseudoRapidity : transvers momentum = 0! return +/- 10e10
StPythiaFourPMaker:INFO  - TVector3::PseudoRapidity : transvers momentum = 0! return +/- 10e10
StMCAsymMaker:WARN  - No StMcEvent
StMCAsymMaker:INFO  - *** StMCAsymMaker::Make() == StWarn(1) ***
StJetMaker2012:INFO  - TVector3::PseudoRapidity : transvers momentum = 0! return +/- 10e10
StJetMaker2012:INFO  - TVector3::PseudoRapidity : transvers momentum = 0! return +/- 10e10
StJetMaker2012:INFO  - TVector3::PseudoRapidity : transvers momentum = 0! return +/- 10e10
StJetMaker2012:INFO  - TVector3::PseudoRapidity : transvers momentum = 0! return +/- 10e10
StJetMaker2012:INFO  - TVector3::PseudoRapidity : transvers momentum = 0! return +/- 10e10
StJetMaker2012:INFO  - TVector3::PseudoRapidity : transvers momentum = 0! return +/- 10e10
StJetMaker2012:INFO  - TVector3::PseudoRapidity : transvers momentum = 0! return +/- 10e10
StJetMaker2012:INFO  - TVector3::PseudoRapidity : transvers momentum = 0! return +/- 10e10
StJetMaker2012:INFO  - TVector3::PseudoRapidity : transvers momentum = 0! return +/- 10e10
StJetMaker2012:INFO  - TVector3::PseudoRapidity : transvers momentum = 0! return +/- 10e10
StJetMaker2012:INFO  - TVector3::PseudoRapidity : transvers momentum = 0! return +/- 10e10
StJetMaker2012:INFO  - TVector3::PseudoRapidity : transvers momentum = 0! return +/- 10e10
StJetMaker2012:INFO  - TVector3::PseudoRapidity : transvers momentum = 0! return +/- 10e10
StJetMaker2012:INFO  - TVector3::PseudoRapidity : transvers momentum = 0! return +/- 10e10
StJetMaker2012:INFO  - TVector3::PseudoRapidity : transvers momentum = 0! return +/- 10e10
StJetMaker2012:INFO  - TVector3::PseudoRapidity : transvers momentum = 0! return +/- 10e10
StJetMaker2012:INFO  - TVector3::PseudoRapidity : transvers momentum = 0! return +/- 10e10
StJetMaker2012:INFO  - TVector3::PseudoRapidity : transvers momentum = 0! return +/- 10e10
StJetMaker2012:INFO  - TVector3::PseudoRapidity : transvers momentum = 0! return +/- 10e10
StJetMaker2012:INFO  - TVector3::PseudoRapidity : transvers momentum = 0! return +/- 10e10
QA :INFO  - QAInfo: Done with Event [no. 89/run 0/evt. 89/Date.Time 20090628.53220/sta 0] Real Time =       0.03 seconds Cpu Time =        0.03 seconds
QA :INFO  - QAInfo: Cpu Times: user / system / user children / system children =     0.03 /     0.00 /     0.00 /     0.00 seconds (tick =   100.00, cps = 1000000)
QA :INFO  - QAInfo: Cpu Times: all threads =     0.026571490 seconds
StPythiaFourPMaker:INFO  - TVector3::PseudoRapidity : transvers momentum = 0! return +/- 10e10
StPythiaFourPMaker:INFO  - TVector3::PseudoRapidity : transvers momentum = 0! return +/- 10e10
StMCAsymMaker:WARN  - No StMcEvent
StMCAsymMaker:INFO  - *** StMCAsymMaker::Make() == StWarn(1) ***
StJetMaker2012:INFO  - TVector3::PseudoRapidity : transvers momentum = 0! return +/- 10e10
StJetMaker2012:INFO  - TVector3::PseudoRapidity : transvers momentum = 0! return +/- 10e10
StJetMaker2012:INFO  - TVector3::PseudoRapidity : transvers momentum = 0! return +/- 10e10
StJetMaker2012:INFO  - TVector3::PseudoRapidity : transvers momentum = 0! return +/- 10e10
StJetMaker2012:INFO  - TVector3::PseudoRapidity : transvers momentum = 0! return +/- 10e10
StJetMaker2012:INFO  - TVector3::PseudoRapidity : transvers momentum = 0! return +/- 10e10
StJetMaker2012:INFO  - TVector3::PseudoRapidity : transvers momentum = 0! return +/- 10e10
StJetMaker2012:INFO  - TVector3::PseudoRapidity : transvers momentum = 0! return +/- 10e10
StJetMaker2012:INFO  - TVector3::PseudoRapidity : transvers momentum = 0! return +/- 10e10
StJetMaker2012:INFO  - TVector3::PseudoRapidity : transvers momentum = 0! return +/- 10e10
StJetMaker2012:INFO  - TVector3::PseudoRapidity : transvers momentum = 0! return +/- 10e10
StJetMaker2012:INFO  - TVector3::PseudoRapidity : transvers momentum = 0! return +/- 10e10
StJetMaker2012:INFO  - TVector3::PseudoRapidity : transvers momentum = 0! return +/- 10e10
StJetMaker2012:INFO  - TVector3::PseudoRapidity : transvers momentum = 0! return +/- 10e10
StJetMaker2012:INFO  - TVector3::PseudoRapidity : transvers momentum = 0! return +/- 10e10
StJetMaker2012:INFO  - TVector3::PseudoRapidity : transvers momentum = 0! return +/- 10e10
StJetMaker2012:INFO  - TVector3::PseudoRapidity : transvers momentum = 0! return +/- 10e10
StJetMaker2012:INFO  - TVector3::PseudoRapidity : transvers momentum = 0! return +/- 10e10
StJetMaker2012:INFO  - TVector3::PseudoRapidity : transvers momentum = 0! return +/- 10e10
StJetMaker2012:INFO  - TVector3::PseudoRapidity : transvers momentum = 0! return +/- 10e10
QA :INFO  - QAInfo: Done with Event [no. 90/run 0/evt. 90/Date.Time 20090628.53220/sta 0] Real Time =       0.02 seconds Cpu Time =        0.02 seconds
QA :INFO  - QAInfo: Cpu Times: user / system / user children / system children =     0.02 /     0.00 /     0.00 /     0.00 seconds (tick =   100.00, cps = 1000000)
QA :INFO  - QAInfo: Cpu Times: all threads =     0.024221850 seconds
StPythiaFourPMaker:INFO  - TVector3::PseudoRapidity : transvers momentum = 0! return +/- 10e10
StPythiaFourPMaker:INFO  - TVector3::PseudoRapidity : transvers momentum = 0! return +/- 10e10
StMCAsymMaker:WARN  - No StMcEvent
StMCAsymMaker:INFO  - *** StMCAsymMaker::Make() == StWarn(1) ***
StJetMaker2012:INFO  - TVector3::PseudoRapidity : transvers momentum = 0! return +/- 10e10
StJetMaker2012:INFO  - TVector3::PseudoRapidity : transvers momentum = 0! return +/- 10e10
StJetMaker2012:INFO  - TVector3::PseudoRapidity : transvers momentum = 0! return +/- 10e10
StJetMaker2012:INFO  - TVector3::PseudoRapidity : transvers momentum = 0! return +/- 10e10
StJetMaker2012:INFO  - TVector3::PseudoRapidity : transvers momentum = 0! return +/- 10e10
StJetMaker2012:INFO  - TVector3::PseudoRapidity : transvers momentum = 0! return +/- 10e10
StJetMaker2012:INFO  - TVector3::PseudoRapidity : transvers momentum = 0! return +/- 10e10
StJetMaker2012:INFO  - TVector3::PseudoRapidity : transvers momentum = 0! return +/- 10e10
StJetMaker2012:INFO  - TVector3::PseudoRapidity : transvers momentum = 0! return +/- 10e10
StJetMaker2012:INFO  - TVector3::PseudoRapidity : transvers momentum = 0! return +/- 10e10
StJetMaker2012:INFO  - TVector3::PseudoRapidity : transvers momentum = 0! return +/- 10e10
StJetMaker2012:INFO  - TVector3::PseudoRapidity : transvers momentum = 0! return +/- 10e10
StJetMaker2012:INFO  - TVector3::PseudoRapidity : transvers momentum = 0! return +/- 10e10
StJetMaker2012:INFO  - TVector3::PseudoRapidity : transvers momentum = 0! return +/- 10e10
StJetMaker2012:INFO  - TVector3::PseudoRapidity : transvers momentum = 0! return +/- 10e10
StJetMaker2012:INFO  - TVector3::PseudoRapidity : transvers momentum = 0! return +/- 10e10
StJetMaker2012:INFO  - TVector3::PseudoRapidity : transvers momentum = 0! return +/- 10e10
StJetMaker2012:INFO  - TVector3::PseudoRapidity : transvers momentum = 0! return +/- 10e10
StJetMaker2012:INFO  - TVector3::PseudoRapidity : transvers momentum = 0! return +/- 10e10
StJetMaker2012:INFO  - TVector3::PseudoRapidity : transvers momentum = 0! return +/- 10e10
QA :INFO  - QAInfo: Done with Event [no. 91/run 0/evt. 91/Date.Time 20090628.53220/sta 0] Real Time =       0.03 seconds Cpu Time =        0.03 seconds
QA :INFO  - QAInfo: Cpu Times: user / system / user children / system children =     0.03 /     0.00 /     0.00 /     0.00 seconds (tick =   100.00, cps = 1000000)
QA :INFO  - QAInfo: Cpu Times: all threads =     0.026400290 seconds
StPythiaFourPMaker:INFO  - TVector3::PseudoRapidity : transvers momentum = 0! return +/- 10e10
StPythiaFourPMaker:INFO  - TVector3::PseudoRapidity : transvers momentum = 0! return +/- 10e10
StMCAsymMaker:WARN  - No StMcEvent
StMCAsymMaker:INFO  - *** StMCAsymMaker::Make() == StWarn(1) ***
StJetMaker2012:INFO  - TVector3::PseudoRapidity : transvers momentum = 0! return +/- 10e10
StJetMaker2012:INFO  - TVector3::PseudoRapidity : transvers momentum = 0! return +/- 10e10
StJetMaker2012:INFO  - TVector3::PseudoRapidity : transvers momentum = 0! return +/- 10e10
StJetMaker2012:INFO  - TVector3::PseudoRapidity : transvers momentum = 0! return +/- 10e10
StJetMaker2012:INFO  - TVector3::PseudoRapidity : transvers momentum = 0! return +/- 10e10
StJetMaker2012:INFO  - TVector3::PseudoRapidity : transvers momentum = 0! return +/- 10e10
StJetMaker2012:INFO  - TVector3::PseudoRapidity : transvers momentum = 0! return +/- 10e10
StJetMaker2012:INFO  - TVector3::PseudoRapidity : transvers momentum = 0! return +/- 10e10
StJetMaker2012:INFO  - TVector3::PseudoRapidity : transvers momentum = 0! return +/- 10e10
StJetMaker2012:INFO  - TVector3::PseudoRapidity : transvers momentum = 0! return +/- 10e10
StJetMaker2012:INFO  - TVector3::PseudoRapidity : transvers momentum = 0! return +/- 10e10
StJetMaker2012:INFO  - TVector3::PseudoRapidity : transvers momentum = 0! return +/- 10e10
StJetMaker2012:INFO  - TVector3::PseudoRapidity : transvers momentum = 0! return +/- 10e10
StJetMaker2012:INFO  - TVector3::PseudoRapidity : transvers momentum = 0! return +/- 10e10
StJetMaker2012:INFO  - TVector3::PseudoRapidity : transvers momentum = 0! return +/- 10e10
StJetMaker2012:INFO  - TVector3::PseudoRapidity : transvers momentum = 0! return +/- 10e10
StJetMaker2012:INFO  - TVector3::PseudoRapidity : transvers momentum = 0! return +/- 10e10
StJetMaker2012:INFO  - TVector3::PseudoRapidity : transvers momentum = 0! return +/- 10e10
StJetMaker2012:INFO  - TVector3::PseudoRapidity : transvers momentum = 0! return +/- 10e10
StJetMaker2012:INFO  - TVector3::PseudoRapidity : transvers momentum = 0! return +/- 10e10
QA :INFO  - QAInfo: Done with Event [no. 92/run 0/evt. 92/Date.Time 20090628.53220/sta 0] Real Time =       0.03 seconds Cpu Time =        0.03 seconds
QA :INFO  - QAInfo: Cpu Times: user / system / user children / system children =     0.03 /     0.00 /     0.00 /     0.00 seconds (tick =   100.00, cps = 1000000)
QA :INFO  - QAInfo: Cpu Times: all threads =     0.029053720 seconds
StPythiaFourPMaker:INFO  - TVector3::PseudoRapidity : transvers momentum = 0! return +/- 10e10
StPythiaFourPMaker:INFO  - TVector3::PseudoRapidity : transvers momentum = 0! return +/- 10e10
StMCAsymMaker:WARN  - No StMcEvent
StMCAsymMaker:INFO  - *** StMCAsymMaker::Make() == StWarn(1) ***
StJetMaker2012:INFO  - TVector3::PseudoRapidity : transvers momentum = 0! return +/- 10e10
StJetMaker2012:INFO  - TVector3::PseudoRapidity : transvers momentum = 0! return +/- 10e10
StJetMaker2012:INFO  - TVector3::PseudoRapidity : transvers momentum = 0! return +/- 10e10
StJetMaker2012:INFO  - TVector3::PseudoRapidity : transvers momentum = 0! return +/- 10e10
StJetMaker2012:INFO  - TVector3::PseudoRapidity : transvers momentum = 0! return +/- 10e10
StJetMaker2012:INFO  - TVector3::PseudoRapidity : transvers momentum = 0! return +/- 10e10
StJetMaker2012:INFO  - TVector3::PseudoRapidity : transvers momentum = 0! return +/- 10e10
StJetMaker2012:INFO  - TVector3::PseudoRapidity : transvers momentum = 0! return +/- 10e10
StJetMaker2012:INFO  - TVector3::PseudoRapidity : transvers momentum = 0! return +/- 10e10
StJetMaker2012:INFO  - TVector3::PseudoRapidity : transvers momentum = 0! return +/- 10e10
StJetMaker2012:INFO  - TVector3::PseudoRapidity : transvers momentum = 0! return +/- 10e10
StJetMaker2012:INFO  - TVector3::PseudoRapidity : transvers momentum = 0! return +/- 10e10
StJetMaker2012:INFO  - TVector3::PseudoRapidity : transvers momentum = 0! return +/- 10e10
StJetMaker2012:INFO  - TVector3::PseudoRapidity : transvers momentum = 0! return +/- 10e10
StJetMaker2012:INFO  - TVector3::PseudoRapidity : transvers momentum = 0! return +/- 10e10
StJetMaker2012:INFO  - TVector3::PseudoRapidity : transvers momentum = 0! return +/- 10e10
StJetMaker2012:INFO  - TVector3::PseudoRapidity : transvers momentum = 0! return +/- 10e10
StJetMaker2012:INFO  - TVector3::PseudoRapidity : transvers momentum = 0! return +/- 10e10
StJetMaker2012:INFO  - TVector3::PseudoRapidity : transvers momentum = 0! return +/- 10e10
StJetMaker2012:INFO  - TVector3::PseudoRapidity : transvers momentum = 0! return +/- 10e10
QA :INFO  - QAInfo: Done with Event [no. 93/run 0/evt. 93/Date.Time 20090628.53220/sta 0] Real Time =       0.03 seconds Cpu Time =        0.03 seconds
QA :INFO  - QAInfo: Cpu Times: user / system / user children / system children =     0.03 /     0.00 /     0.00 /     0.00 seconds (tick =   100.00, cps = 1000000)
QA :INFO  - QAInfo: Cpu Times: all threads =     0.026989550 seconds
StPythiaFourPMaker:INFO  - TVector3::PseudoRapidity : transvers momentum = 0! return +/- 10e10
StPythiaFourPMaker:INFO  - TVector3::PseudoRapidity : transvers momentum = 0! return +/- 10e10
StMCAsymMaker:WARN  - No StMcEvent
StMCAsymMaker:INFO  - *** StMCAsymMaker::Make() == StWarn(1) ***
StJetMaker2012:INFO  - TVector3::PseudoRapidity : transvers momentum = 0! return +/- 10e10
StJetMaker2012:INFO  - TVector3::PseudoRapidity : transvers momentum = 0! return +/- 10e10
StJetMaker2012:INFO  - TVector3::PseudoRapidity : transvers momentum = 0! return +/- 10e10
StJetMaker2012:INFO  - TVector3::PseudoRapidity : transvers momentum = 0! return +/- 10e10
StJetMaker2012:INFO  - TVector3::PseudoRapidity : transvers momentum = 0! return +/- 10e10
StJetMaker2012:INFO  - TVector3::PseudoRapidity : transvers momentum = 0! return +/- 10e10
StJetMaker2012:INFO  - TVector3::PseudoRapidity : transvers momentum = 0! return +/- 10e10
StJetMaker2012:INFO  - TVector3::PseudoRapidity : transvers momentum = 0! return +/- 10e10
StJetMaker2012:INFO  - TVector3::PseudoRapidity : transvers momentum = 0! return +/- 10e10
StJetMaker2012:INFO  - TVector3::PseudoRapidity : transvers momentum = 0! return +/- 10e10
StJetMaker2012:INFO  - TVector3::PseudoRapidity : transvers momentum = 0! return +/- 10e10
StJetMaker2012:INFO  - TVector3::PseudoRapidity : transvers momentum = 0! return +/- 10e10
StJetMaker2012:INFO  - TVector3::PseudoRapidity : transvers momentum = 0! return +/- 10e10
StJetMaker2012:INFO  - TVector3::PseudoRapidity : transvers momentum = 0! return +/- 10e10
StJetMaker2012:INFO  - TVector3::PseudoRapidity : transvers momentum = 0! return +/- 10e10
StJetMaker2012:INFO  - TVector3::PseudoRapidity : transvers momentum = 0! return +/- 10e10
StJetMaker2012:INFO  - TVector3::PseudoRapidity : transvers momentum = 0! return +/- 10e10
StJetMaker2012:INFO  - TVector3::PseudoRapidity : transvers momentum = 0! return +/- 10e10
StJetMaker2012:INFO  - TVector3::PseudoRapidity : transvers momentum = 0! return +/- 10e10
StJetMaker2012:INFO  - TVector3::PseudoRapidity : transvers momentum = 0! return +/- 10e10
QA :INFO  - QAInfo: Done with Event [no. 94/run 0/evt. 94/Date.Time 20090628.53220/sta 0] Real Time =       0.02 seconds Cpu Time =        0.02 seconds
QA :INFO  - QAInfo: Cpu Times: user / system / user children / system children =     0.02 /     0.00 /     0.00 /     0.00 seconds (tick =   100.00, cps = 1000000)
QA :INFO  - QAInfo: Cpu Times: all threads =     0.019439550 seconds
StPythiaFourPMaker:INFO  - TVector3::PseudoRapidity : transvers momentum = 0! return +/- 10e10
StPythiaFourPMaker:INFO  - TVector3::PseudoRapidity : transvers momentum = 0! return +/- 10e10
StMCAsymMaker:WARN  - No StMcEvent
StMCAsymMaker:INFO  - *** StMCAsymMaker::Make() == StWarn(1) ***
StJetMaker2012:INFO  - TVector3::PseudoRapidity : transvers momentum = 0! return +/- 10e10
StJetMaker2012:INFO  - TVector3::PseudoRapidity : transvers momentum = 0! return +/- 10e10
StJetMaker2012:INFO  - TVector3::PseudoRapidity : transvers momentum = 0! return +/- 10e10
StJetMaker2012:INFO  - TVector3::PseudoRapidity : transvers momentum = 0! return +/- 10e10
StJetMaker2012:INFO  - TVector3::PseudoRapidity : transvers momentum = 0! return +/- 10e10
StJetMaker2012:INFO  - TVector3::PseudoRapidity : transvers momentum = 0! return +/- 10e10
StJetMaker2012:INFO  - TVector3::PseudoRapidity : transvers momentum = 0! return +/- 10e10
StJetMaker2012:INFO  - TVector3::PseudoRapidity : transvers momentum = 0! return +/- 10e10
StJetMaker2012:INFO  - TVector3::PseudoRapidity : transvers momentum = 0! return +/- 10e10
StJetMaker2012:INFO  - TVector3::PseudoRapidity : transvers momentum = 0! return +/- 10e10
StJetMaker2012:INFO  - TVector3::PseudoRapidity : transvers momentum = 0! return +/- 10e10
StJetMaker2012:INFO  - TVector3::PseudoRapidity : transvers momentum = 0! return +/- 10e10
StJetMaker2012:INFO  - TVector3::PseudoRapidity : transvers momentum = 0! return +/- 10e10
StJetMaker2012:INFO  - TVector3::PseudoRapidity : transvers momentum = 0! return +/- 10e10
StJetMaker2012:INFO  - TVector3::PseudoRapidity : transvers momentum = 0! return +/- 10e10
StJetMaker2012:INFO  - TVector3::PseudoRapidity : transvers momentum = 0! return +/- 10e10
StJetMaker2012:INFO  - TVector3::PseudoRapidity : transvers momentum = 0! return +/- 10e10
StJetMaker2012:INFO  - TVector3::PseudoRapidity : transvers momentum = 0! return +/- 10e10
StJetMaker2012:INFO  - TVector3::PseudoRapidity : transvers momentum = 0! return +/- 10e10
StJetMaker2012:INFO  - TVector3::PseudoRapidity : transvers momentum = 0! return +/- 10e10
QA :INFO  - QAInfo: Done with Event [no. 95/run 0/evt. 95/Date.Time 20090628.53220/sta 0] Real Time =       0.02 seconds Cpu Time =        0.02 seconds
QA :INFO  - QAInfo: Cpu Times: user / system / user children / system children =     0.02 /     0.00 /     0.00 /     0.00 seconds (tick =   100.00, cps = 1000000)
QA :INFO  - QAInfo: Cpu Times: all threads =     0.019931930 seconds
StPythiaFourPMaker:INFO  - TVector3::PseudoRapidity : transvers momentum = 0! return +/- 10e10
StPythiaFourPMaker:INFO  - TVector3::PseudoRapidity : transvers momentum = 0! return +/- 10e10
StMCAsymMaker:WARN  - No StMcEvent
StMCAsymMaker:INFO  - *** StMCAsymMaker::Make() == StWarn(1) ***
StJetMaker2012:INFO  - TVector3::PseudoRapidity : transvers momentum = 0! return +/- 10e10
StJetMaker2012:INFO  - TVector3::PseudoRapidity : transvers momentum = 0! return +/- 10e10
StJetMaker2012:INFO  - TVector3::PseudoRapidity : transvers momentum = 0! return +/- 10e10
StJetMaker2012:INFO  - TVector3::PseudoRapidity : transvers momentum = 0! return +/- 10e10
StJetMaker2012:INFO  - TVector3::PseudoRapidity : transvers momentum = 0! return +/- 10e10
StJetMaker2012:INFO  - TVector3::PseudoRapidity : transvers momentum = 0! return +/- 10e10
StJetMaker2012:INFO  - TVector3::PseudoRapidity : transvers momentum = 0! return +/- 10e10
StJetMaker2012:INFO  - TVector3::PseudoRapidity : transvers momentum = 0! return +/- 10e10
StJetMaker2012:INFO  - TVector3::PseudoRapidity : transvers momentum = 0! return +/- 10e10
StJetMaker2012:INFO  - TVector3::PseudoRapidity : transvers momentum = 0! return +/- 10e10
StJetMaker2012:INFO  - TVector3::PseudoRapidity : transvers momentum = 0! return +/- 10e10
StJetMaker2012:INFO  - TVector3::PseudoRapidity : transvers momentum = 0! return +/- 10e10
StJetMaker2012:INFO  - TVector3::PseudoRapidity : transvers momentum = 0! return +/- 10e10
StJetMaker2012:INFO  - TVector3::PseudoRapidity : transvers momentum = 0! return +/- 10e10
StJetMaker2012:INFO  - TVector3::PseudoRapidity : transvers momentum = 0! return +/- 10e10
StJetMaker2012:INFO  - TVector3::PseudoRapidity : transvers momentum = 0! return +/- 10e10
StJetMaker2012:INFO  - TVector3::PseudoRapidity : transvers momentum = 0! return +/- 10e10
StJetMaker2012:INFO  - TVector3::PseudoRapidity : transvers momentum = 0! return +/- 10e10
StJetMaker2012:INFO  - TVector3::PseudoRapidity : transvers momentum = 0! return +/- 10e10
StJetMaker2012:INFO  - TVector3::PseudoRapidity : transvers momentum = 0! return +/- 10e10
QA :INFO  - QAInfo: Done with Event [no. 96/run 0/evt. 96/Date.Time 20090628.53220/sta 0] Real Time =       0.02 seconds Cpu Time =        0.02 seconds
QA :INFO  - QAInfo: Cpu Times: user / system / user children / system children =     0.02 /     0.00 /     0.00 /     0.00 seconds (tick =   100.00, cps = 1000000)
QA :INFO  - QAInfo: Cpu Times: all threads =     0.020197260 seconds
StPythiaFourPMaker:INFO  - TVector3::PseudoRapidity : transvers momentum = 0! return +/- 10e10
StPythiaFourPMaker:INFO  - TVector3::PseudoRapidity : transvers momentum = 0! return +/- 10e10
StMCAsymMaker:WARN  - No StMcEvent
StMCAsymMaker:INFO  - *** StMCAsymMaker::Make() == StWarn(1) ***
StJetMaker2012:INFO  - TVector3::PseudoRapidity : transvers momentum = 0! return +/- 10e10
StJetMaker2012:INFO  - TVector3::PseudoRapidity : transvers momentum = 0! return +/- 10e10
StJetMaker2012:INFO  - TVector3::PseudoRapidity : transvers momentum = 0! return +/- 10e10
StJetMaker2012:INFO  - TVector3::PseudoRapidity : transvers momentum = 0! return +/- 10e10
StJetMaker2012:INFO  - TVector3::PseudoRapidity : transvers momentum = 0! return +/- 10e10
StJetMaker2012:INFO  - TVector3::PseudoRapidity : transvers momentum = 0! return +/- 10e10
StJetMaker2012:INFO  - TVector3::PseudoRapidity : transvers momentum = 0! return +/- 10e10
StJetMaker2012:INFO  - TVector3::PseudoRapidity : transvers momentum = 0! return +/- 10e10
StJetMaker2012:INFO  - TVector3::PseudoRapidity : transvers momentum = 0! return +/- 10e10
StJetMaker2012:INFO  - TVector3::PseudoRapidity : transvers momentum = 0! return +/- 10e10
StJetMaker2012:INFO  - TVector3::PseudoRapidity : transvers momentum = 0! return +/- 10e10
StJetMaker2012:INFO  - TVector3::PseudoRapidity : transvers momentum = 0! return +/- 10e10
StJetMaker2012:INFO  - TVector3::PseudoRapidity : transvers momentum = 0! return +/- 10e10
StJetMaker2012:INFO  - TVector3::PseudoRapidity : transvers momentum = 0! return +/- 10e10
StJetMaker2012:INFO  - TVector3::PseudoRapidity : transvers momentum = 0! return +/- 10e10
StJetMaker2012:INFO  - TVector3::PseudoRapidity : transvers momentum = 0! return +/- 10e10
StJetMaker2012:INFO  - TVector3::PseudoRapidity : transvers momentum = 0! return +/- 10e10
StJetMaker2012:INFO  - TVector3::PseudoRapidity : transvers momentum = 0! return +/- 10e10
StJetMaker2012:INFO  - TVector3::PseudoRapidity : transvers momentum = 0! return +/- 10e10
StJetMaker2012:INFO  - TVector3::PseudoRapidity : transvers momentum = 0! return +/- 10e10
QA :INFO  - QAInfo: Done with Event [no. 97/run 0/evt. 97/Date.Time 20090628.53220/sta 0] Real Time =       0.02 seconds Cpu Time =        0.02 seconds
QA :INFO  - QAInfo: Cpu Times: user / system / user children / system children =     0.02 /     0.00 /     0.00 /     0.00 seconds (tick =   100.00, cps = 1000000)
QA :INFO  - QAInfo: Cpu Times: all threads =     0.022908870 seconds
StPythiaFourPMaker:INFO  - TVector3::PseudoRapidity : transvers momentum = 0! return +/- 10e10
StPythiaFourPMaker:INFO  - TVector3::PseudoRapidity : transvers momentum = 0! return +/- 10e10
StMCAsymMaker:WARN  - No StMcEvent
StMCAsymMaker:INFO  - *** StMCAsymMaker::Make() == StWarn(1) ***
StJetMaker2012:INFO  - TVector3::PseudoRapidity : transvers momentum = 0! return +/- 10e10
StJetMaker2012:INFO  - TVector3::PseudoRapidity : transvers momentum = 0! return +/- 10e10
StJetMaker2012:INFO  - TVector3::PseudoRapidity : transvers momentum = 0! return +/- 10e10
StJetMaker2012:INFO  - TVector3::PseudoRapidity : transvers momentum = 0! return +/- 10e10
StJetMaker2012:INFO  - TVector3::PseudoRapidity : transvers momentum = 0! return +/- 10e10
StJetMaker2012:INFO  - TVector3::PseudoRapidity : transvers momentum = 0! return +/- 10e10
StJetMaker2012:INFO  - TVector3::PseudoRapidity : transvers momentum = 0! return +/- 10e10
StJetMaker2012:INFO  - TVector3::PseudoRapidity : transvers momentum = 0! return +/- 10e10
StJetMaker2012:INFO  - TVector3::PseudoRapidity : transvers momentum = 0! return +/- 10e10
StJetMaker2012:INFO  - TVector3::PseudoRapidity : transvers momentum = 0! return +/- 10e10
StJetMaker2012:INFO  - TVector3::PseudoRapidity : transvers momentum = 0! return +/- 10e10
StJetMaker2012:INFO  - TVector3::PseudoRapidity : transvers momentum = 0! return +/- 10e10
StJetMaker2012:INFO  - TVector3::PseudoRapidity : transvers momentum = 0! return +/- 10e10
StJetMaker2012:INFO  - TVector3::PseudoRapidity : transvers momentum = 0! return +/- 10e10
StJetMaker2012:INFO  - TVector3::PseudoRapidity : transvers momentum = 0! return +/- 10e10
StJetMaker2012:INFO  - TVector3::PseudoRapidity : transvers momentum = 0! return +/- 10e10
StJetMaker2012:INFO  - TVector3::PseudoRapidity : transvers momentum = 0! return +/- 10e10
StJetMaker2012:INFO  - TVector3::PseudoRapidity : transvers momentum = 0! return +/- 10e10
StJetMaker2012:INFO  - TVector3::PseudoRapidity : transvers momentum = 0! return +/- 10e10
StJetMaker2012:INFO  - TVector3::PseudoRapidity : transvers momentum = 0! return +/- 10e10
QA :INFO  - QAInfo: Done with Event [no. 98/run 0/evt. 98/Date.Time 20090628.53220/sta 0] Real Time =       0.03 seconds Cpu Time =        0.03 seconds
QA :INFO  - QAInfo: Cpu Times: user / system / user children / system children =     0.02 /     0.01 /     0.00 /     0.00 seconds (tick =   100.00, cps = 1000000)
QA :INFO  - QAInfo: Cpu Times: all threads =     0.025297150 seconds
StPythiaFourPMaker:INFO  - TVector3::PseudoRapidity : transvers momentum = 0! return +/- 10e10
StPythiaFourPMaker:INFO  - TVector3::PseudoRapidity : transvers momentum = 0! return +/- 10e10
StMCAsymMaker:WARN  - No StMcEvent
StMCAsymMaker:INFO  - *** StMCAsymMaker::Make() == StWarn(1) ***
StJetMaker2012:INFO  - TVector3::PseudoRapidity : transvers momentum = 0! return +/- 10e10
StJetMaker2012:INFO  - TVector3::PseudoRapidity : transvers momentum = 0! return +/- 10e10
StJetMaker2012:INFO  - TVector3::PseudoRapidity : transvers momentum = 0! return +/- 10e10
StJetMaker2012:INFO  - TVector3::PseudoRapidity : transvers momentum = 0! return +/- 10e10
StJetMaker2012:INFO  - TVector3::PseudoRapidity : transvers momentum = 0! return +/- 10e10
StJetMaker2012:INFO  - TVector3::PseudoRapidity : transvers momentum = 0! return +/- 10e10
StJetMaker2012:INFO  - TVector3::PseudoRapidity : transvers momentum = 0! return +/- 10e10
StJetMaker2012:INFO  - TVector3::PseudoRapidity : transvers momentum = 0! return +/- 10e10
StJetMaker2012:INFO  - TVector3::PseudoRapidity : transvers momentum = 0! return +/- 10e10
StJetMaker2012:INFO  - TVector3::PseudoRapidity : transvers momentum = 0! return +/- 10e10
StJetMaker2012:INFO  - TVector3::PseudoRapidity : transvers momentum = 0! return +/- 10e10
StJetMaker2012:INFO  - TVector3::PseudoRapidity : transvers momentum = 0! return +/- 10e10
StJetMaker2012:INFO  - TVector3::PseudoRapidity : transvers momentum = 0! return +/- 10e10
StJetMaker2012:INFO  - TVector3::PseudoRapidity : transvers momentum = 0! return +/- 10e10
StJetMaker2012:INFO  - TVector3::PseudoRapidity : transvers momentum = 0! return +/- 10e10
StJetMaker2012:INFO  - TVector3::PseudoRapidity : transvers momentum = 0! return +/- 10e10
StJetMaker2012:INFO  - TVector3::PseudoRapidity : transvers momentum = 0! return +/- 10e10
StJetMaker2012:INFO  - TVector3::PseudoRapidity : transvers momentum = 0! return +/- 10e10
StJetMaker2012:INFO  - TVector3::PseudoRapidity : transvers momentum = 0! return +/- 10e10
StJetMaker2012:INFO  - TVector3::PseudoRapidity : transvers momentum = 0! return +/- 10e10
QA :INFO  - QAInfo: Done with Event [no. 99/run 0/evt. 99/Date.Time 20090628.53220/sta 0] Real Time =       0.02 seconds Cpu Time =        0.03 seconds
QA :INFO  - QAInfo: Cpu Times: user / system / user children / system children =     0.03 /     0.00 /     0.00 /     0.00 seconds (tick =   100.00, cps = 1000000)
QA :INFO  - QAInfo: Cpu Times: all threads =     0.024727650 seconds
StPythiaFourPMaker:INFO  - TVector3::PseudoRapidity : transvers momentum = 0! return +/- 10e10
StPythiaFourPMaker:INFO  - TVector3::PseudoRapidity : transvers momentum = 0! return +/- 10e10
StMCAsymMaker:WARN  - No StMcEvent
StMCAsymMaker:INFO  - *** StMCAsymMaker::Make() == StWarn(1) ***
StJetMaker2012:INFO  - TVector3::PseudoRapidity : transvers momentum = 0! return +/- 10e10
StJetMaker2012:INFO  - TVector3::PseudoRapidity : transvers momentum = 0! return +/- 10e10
StJetMaker2012:INFO  - TVector3::PseudoRapidity : transvers momentum = 0! return +/- 10e10
StJetMaker2012:INFO  - TVector3::PseudoRapidity : transvers momentum = 0! return +/- 10e10
StJetMaker2012:INFO  - TVector3::PseudoRapidity : transvers momentum = 0! return +/- 10e10
StJetMaker2012:INFO  - TVector3::PseudoRapidity : transvers momentum = 0! return +/- 10e10
StJetMaker2012:INFO  - TVector3::PseudoRapidity : transvers momentum = 0! return +/- 10e10
StJetMaker2012:INFO  - TVector3::PseudoRapidity : transvers momentum = 0! return +/- 10e10
StJetMaker2012:INFO  - TVector3::PseudoRapidity : transvers momentum = 0! return +/- 10e10
StJetMaker2012:INFO  - TVector3::PseudoRapidity : transvers momentum = 0! return +/- 10e10
StJetMaker2012:INFO  - TVector3::PseudoRapidity : transvers momentum = 0! return +/- 10e10
StJetMaker2012:INFO  - TVector3::PseudoRapidity : transvers momentum = 0! return +/- 10e10
StJetMaker2012:INFO  - TVector3::PseudoRapidity : transvers momentum = 0! return +/- 10e10
StJetMaker2012:INFO  - TVector3::PseudoRapidity : transvers momentum = 0! return +/- 10e10
StJetMaker2012:INFO  - TVector3::PseudoRapidity : transvers momentum = 0! return +/- 10e10
StJetMaker2012:INFO  - TVector3::PseudoRapidity : transvers momentum = 0! return +/- 10e10
StJetMaker2012:INFO  - TVector3::PseudoRapidity : transvers momentum = 0! return +/- 10e10
StJetMaker2012:INFO  - TVector3::PseudoRapidity : transvers momentum = 0! return +/- 10e10
StJetMaker2012:INFO  - TVector3::PseudoRapidity : transvers momentum = 0! return +/- 10e10
StJetMaker2012:INFO  - TVector3::PseudoRapidity : transvers momentum = 0! return +/- 10e10
QA :INFO  - QAInfo: Done with Event [no. 100/run 0/evt. 100/Date.Time 20090628.53220/sta 0] Real Time =       0.03 seconds Cpu Time =        0.03 seconds
QA :INFO  - QAInfo: Cpu Times: user / system / user children / system children =     0.03 /     0.00 /     0.00 /     0.00 seconds (tick =   100.00, cps = 1000000)
QA :INFO  - QAInfo: Cpu Times: all threads =     0.030414200 seconds
StPythiaFourPMaker:INFO  - TVector3::PseudoRapidity : transvers momentum = 0! return +/- 10e10
StPythiaFourPMaker:INFO  - TVector3::PseudoRapidity : transvers momentum = 0! return +/- 10e10
StMCAsymMaker:WARN  - No StMcEvent
StMCAsymMaker:INFO  - *** StMCAsymMaker::Make() == StWarn(1) ***
StJetMaker2012:INFO  - TVector3::PseudoRapidity : transvers momentum = 0! return +/- 10e10
StJetMaker2012:INFO  - TVector3::PseudoRapidity : transvers momentum = 0! return +/- 10e10
StJetMaker2012:INFO  - TVector3::PseudoRapidity : transvers momentum = 0! return +/- 10e10
StJetMaker2012:INFO  - TVector3::PseudoRapidity : transvers momentum = 0! return +/- 10e10
StJetMaker2012:INFO  - TVector3::PseudoRapidity : transvers momentum = 0! return +/- 10e10
StJetMaker2012:INFO  - TVector3::PseudoRapidity : transvers momentum = 0! return +/- 10e10
StJetMaker2012:INFO  - TVector3::PseudoRapidity : transvers momentum = 0! return +/- 10e10
StJetMaker2012:INFO  - TVector3::PseudoRapidity : transvers momentum = 0! return +/- 10e10
StJetMaker2012:INFO  - TVector3::PseudoRapidity : transvers momentum = 0! return +/- 10e10
StJetMaker2012:INFO  - TVector3::PseudoRapidity : transvers momentum = 0! return +/- 10e10
StJetMaker2012:INFO  - TVector3::PseudoRapidity : transvers momentum = 0! return +/- 10e10
StJetMaker2012:INFO  - TVector3::PseudoRapidity : transvers momentum = 0! return +/- 10e10
StJetMaker2012:INFO  - TVector3::PseudoRapidity : transvers momentum = 0! return +/- 10e10
StJetMaker2012:INFO  - TVector3::PseudoRapidity : transvers momentum = 0! return +/- 10e10
StJetMaker2012:INFO  - TVector3::PseudoRapidity : transvers momentum = 0! return +/- 10e10
StJetMaker2012:INFO  - TVector3::PseudoRapidity : transvers momentum = 0! return +/- 10e10
StJetMaker2012:INFO  - TVector3::PseudoRapidity : transvers momentum = 0! return +/- 10e10
StJetMaker2012:INFO  - TVector3::PseudoRapidity : transvers momentum = 0! return +/- 10e10
StJetMaker2012:INFO  - TVector3::PseudoRapidity : transvers momentum = 0! return +/- 10e10
StJetMaker2012:INFO  - TVector3::PseudoRapidity : transvers momentum = 0! return +/- 10e10
QA :INFO  - QAInfo: Done with Event [no. 101/run 0/evt. 101/Date.Time 20090628.53220/sta 0] Real Time =       0.02 seconds Cpu Time =        0.01 seconds
QA :INFO  - QAInfo: Cpu Times: user / system / user children / system children =     0.01 /     0.00 /     0.00 /     0.00 seconds (tick =   100.00, cps = 1000000)
QA :INFO  - QAInfo: Cpu Times: all threads =     0.019171440 seconds
StPythiaFourPMaker:INFO  - TVector3::PseudoRapidity : transvers momentum = 0! return +/- 10e10
StPythiaFourPMaker:INFO  - TVector3::PseudoRapidity : transvers momentum = 0! return +/- 10e10
StMCAsymMaker:WARN  - No StMcEvent
StMCAsymMaker:INFO  - *** StMCAsymMaker::Make() == StWarn(1) ***
StJetMaker2012:INFO  - TVector3::PseudoRapidity : transvers momentum = 0! return +/- 10e10
StJetMaker2012:INFO  - TVector3::PseudoRapidity : transvers momentum = 0! return +/- 10e10
StJetMaker2012:INFO  - TVector3::PseudoRapidity : transvers momentum = 0! return +/- 10e10
StJetMaker2012:INFO  - TVector3::PseudoRapidity : transvers momentum = 0! return +/- 10e10
StJetMaker2012:INFO  - TVector3::PseudoRapidity : transvers momentum = 0! return +/- 10e10
StJetMaker2012:INFO  - TVector3::PseudoRapidity : transvers momentum = 0! return +/- 10e10
StJetMaker2012:INFO  - TVector3::PseudoRapidity : transvers momentum = 0! return +/- 10e10
StJetMaker2012:INFO  - TVector3::PseudoRapidity : transvers momentum = 0! return +/- 10e10
StJetMaker2012:INFO  - TVector3::PseudoRapidity : transvers momentum = 0! return +/- 10e10
StJetMaker2012:INFO  - TVector3::PseudoRapidity : transvers momentum = 0! return +/- 10e10
StJetMaker2012:INFO  - TVector3::PseudoRapidity : transvers momentum = 0! return +/- 10e10
StJetMaker2012:INFO  - TVector3::PseudoRapidity : transvers momentum = 0! return +/- 10e10
StJetMaker2012:INFO  - TVector3::PseudoRapidity : transvers momentum = 0! return +/- 10e10
StJetMaker2012:INFO  - TVector3::PseudoRapidity : transvers momentum = 0! return +/- 10e10
StJetMaker2012:INFO  - TVector3::PseudoRapidity : transvers momentum = 0! return +/- 10e10
StJetMaker2012:INFO  - TVector3::PseudoRapidity : transvers momentum = 0! return +/- 10e10
StJetMaker2012:INFO  - TVector3::PseudoRapidity : transvers momentum = 0! return +/- 10e10
StJetMaker2012:INFO  - TVector3::PseudoRapidity : transvers momentum = 0! return +/- 10e10
StJetMaker2012:INFO  - TVector3::PseudoRapidity : transvers momentum = 0! return +/- 10e10
StJetMaker2012:INFO  - TVector3::PseudoRapidity : transvers momentum = 0! return +/- 10e10
QA :INFO  - QAInfo: Done with Event [no. 102/run 0/evt. 102/Date.Time 20090628.53220/sta 0] Real Time =       0.02 seconds Cpu Time =        0.03 seconds
QA :INFO  - QAInfo: Cpu Times: user / system / user children / system children =     0.03 /     0.00 /     0.00 /     0.00 seconds (tick =   100.00, cps = 1000000)
QA :INFO  - QAInfo: Cpu Times: all threads =     0.022159120 seconds
StPythiaFourPMaker:INFO  - TVector3::PseudoRapidity : transvers momentum = 0! return +/- 10e10
StPythiaFourPMaker:INFO  - TVector3::PseudoRapidity : transvers momentum = 0! return +/- 10e10
StMCAsymMaker:WARN  - No StMcEvent
StMCAsymMaker:INFO  - *** StMCAsymMaker::Make() == StWarn(1) ***
StJetMaker2012:INFO  - TVector3::PseudoRapidity : transvers momentum = 0! return +/- 10e10
StJetMaker2012:INFO  - TVector3::PseudoRapidity : transvers momentum = 0! return +/- 10e10
StJetMaker2012:INFO  - TVector3::PseudoRapidity : transvers momentum = 0! return +/- 10e10
StJetMaker2012:INFO  - TVector3::PseudoRapidity : transvers momentum = 0! return +/- 10e10
StJetMaker2012:INFO  - TVector3::PseudoRapidity : transvers momentum = 0! return +/- 10e10
StJetMaker2012:INFO  - TVector3::PseudoRapidity : transvers momentum = 0! return +/- 10e10
StJetMaker2012:INFO  - TVector3::PseudoRapidity : transvers momentum = 0! return +/- 10e10
StJetMaker2012:INFO  - TVector3::PseudoRapidity : transvers momentum = 0! return +/- 10e10
StJetMaker2012:INFO  - TVector3::PseudoRapidity : transvers momentum = 0! return +/- 10e10
StJetMaker2012:INFO  - TVector3::PseudoRapidity : transvers momentum = 0! return +/- 10e10
StJetMaker2012:INFO  - TVector3::PseudoRapidity : transvers momentum = 0! return +/- 10e10
StJetMaker2012:INFO  - TVector3::PseudoRapidity : transvers momentum = 0! return +/- 10e10
StJetMaker2012:INFO  - TVector3::PseudoRapidity : transvers momentum = 0! return +/- 10e10
StJetMaker2012:INFO  - TVector3::PseudoRapidity : transvers momentum = 0! return +/- 10e10
StJetMaker2012:INFO  - TVector3::PseudoRapidity : transvers momentum = 0! return +/- 10e10
StJetMaker2012:INFO  - TVector3::PseudoRapidity : transvers momentum = 0! return +/- 10e10
StJetMaker2012:INFO  - TVector3::PseudoRapidity : transvers momentum = 0! return +/- 10e10
StJetMaker2012:INFO  - TVector3::PseudoRapidity : transvers momentum = 0! return +/- 10e10
StJetMaker2012:INFO  - TVector3::PseudoRapidity : transvers momentum = 0! return +/- 10e10
StJetMaker2012:INFO  - TVector3::PseudoRapidity : transvers momentum = 0! return +/- 10e10
QA :INFO  - QAInfo: Done with Event [no. 103/run 0/evt. 103/Date.Time 20090628.53220/sta 0] Real Time =       0.03 seconds Cpu Time =        0.02 seconds
QA :INFO  - QAInfo: Cpu Times: user / system / user children / system children =     0.02 /     0.00 /     0.00 /     0.00 seconds (tick =   100.00, cps = 1000000)
QA :INFO  - QAInfo: Cpu Times: all threads =     0.025044780 seconds
StPythiaFourPMaker:INFO  - TVector3::PseudoRapidity : transvers momentum = 0! return +/- 10e10
StPythiaFourPMaker:INFO  - TVector3::PseudoRapidity : transvers momentum = 0! return +/- 10e10
StMCAsymMaker:WARN  - No StMcEvent
StMCAsymMaker:INFO  - *** StMCAsymMaker::Make() == StWarn(1) ***
StJetMaker2012:INFO  - TVector3::PseudoRapidity : transvers momentum = 0! return +/- 10e10
StJetMaker2012:INFO  - TVector3::PseudoRapidity : transvers momentum = 0! return +/- 10e10
StJetMaker2012:INFO  - TVector3::PseudoRapidity : transvers momentum = 0! return +/- 10e10
StJetMaker2012:INFO  - TVector3::PseudoRapidity : transvers momentum = 0! return +/- 10e10
StJetMaker2012:INFO  - TVector3::PseudoRapidity : transvers momentum = 0! return +/- 10e10
StJetMaker2012:INFO  - TVector3::PseudoRapidity : transvers momentum = 0! return +/- 10e10
StJetMaker2012:INFO  - TVector3::PseudoRapidity : transvers momentum = 0! return +/- 10e10
StJetMaker2012:INFO  - TVector3::PseudoRapidity : transvers momentum = 0! return +/- 10e10
StJetMaker2012:INFO  - TVector3::PseudoRapidity : transvers momentum = 0! return +/- 10e10
StJetMaker2012:INFO  - TVector3::PseudoRapidity : transvers momentum = 0! return +/- 10e10
StJetMaker2012:INFO  - TVector3::PseudoRapidity : transvers momentum = 0! return +/- 10e10
StJetMaker2012:INFO  - TVector3::PseudoRapidity : transvers momentum = 0! return +/- 10e10
StJetMaker2012:INFO  - TVector3::PseudoRapidity : transvers momentum = 0! return +/- 10e10
StJetMaker2012:INFO  - TVector3::PseudoRapidity : transvers momentum = 0! return +/- 10e10
StJetMaker2012:INFO  - TVector3::PseudoRapidity : transvers momentum = 0! return +/- 10e10
StJetMaker2012:INFO  - TVector3::PseudoRapidity : transvers momentum = 0! return +/- 10e10
StJetMaker2012:INFO  - TVector3::PseudoRapidity : transvers momentum = 0! return +/- 10e10
StJetMaker2012:INFO  - TVector3::PseudoRapidity : transvers momentum = 0! return +/- 10e10
StJetMaker2012:INFO  - TVector3::PseudoRapidity : transvers momentum = 0! return +/- 10e10
StJetMaker2012:INFO  - TVector3::PseudoRapidity : transvers momentum = 0! return +/- 10e10
QA :INFO  - QAInfo: Done with Event [no. 104/run 0/evt. 104/Date.Time 20090628.53220/sta 0] Real Time =       0.03 seconds Cpu Time =        0.03 seconds
QA :INFO  - QAInfo: Cpu Times: user / system / user children / system children =     0.03 /     0.00 /     0.00 /     0.00 seconds (tick =   100.00, cps = 1000000)
QA :INFO  - QAInfo: Cpu Times: all threads =     0.028328280 seconds
StPythiaFourPMaker:INFO  - TVector3::PseudoRapidity : transvers momentum = 0! return +/- 10e10
StPythiaFourPMaker:INFO  - TVector3::PseudoRapidity : transvers momentum = 0! return +/- 10e10
StMCAsymMaker:WARN  - No StMcEvent
StMCAsymMaker:INFO  - *** StMCAsymMaker::Make() == StWarn(1) ***
StJetMaker2012:INFO  - TVector3::PseudoRapidity : transvers momentum = 0! return +/- 10e10
StJetMaker2012:INFO  - TVector3::PseudoRapidity : transvers momentum = 0! return +/- 10e10
StJetMaker2012:INFO  - TVector3::PseudoRapidity : transvers momentum = 0! return +/- 10e10
StJetMaker2012:INFO  - TVector3::PseudoRapidity : transvers momentum = 0! return +/- 10e10
StJetMaker2012:INFO  - TVector3::PseudoRapidity : transvers momentum = 0! return +/- 10e10
StJetMaker2012:INFO  - TVector3::PseudoRapidity : transvers momentum = 0! return +/- 10e10
StJetMaker2012:INFO  - TVector3::PseudoRapidity : transvers momentum = 0! return +/- 10e10
StJetMaker2012:INFO  - TVector3::PseudoRapidity : transvers momentum = 0! return +/- 10e10
StJetMaker2012:INFO  - TVector3::PseudoRapidity : transvers momentum = 0! return +/- 10e10
StJetMaker2012:INFO  - TVector3::PseudoRapidity : transvers momentum = 0! return +/- 10e10
StJetMaker2012:INFO  - TVector3::PseudoRapidity : transvers momentum = 0! return +/- 10e10
StJetMaker2012:INFO  - TVector3::PseudoRapidity : transvers momentum = 0! return +/- 10e10
StJetMaker2012:INFO  - TVector3::PseudoRapidity : transvers momentum = 0! return +/- 10e10
StJetMaker2012:INFO  - TVector3::PseudoRapidity : transvers momentum = 0! return +/- 10e10
StJetMaker2012:INFO  - TVector3::PseudoRapidity : transvers momentum = 0! return +/- 10e10
StJetMaker2012:INFO  - TVector3::PseudoRapidity : transvers momentum = 0! return +/- 10e10
StJetMaker2012:INFO  - TVector3::PseudoRapidity : transvers momentum = 0! return +/- 10e10
StJetMaker2012:INFO  - TVector3::PseudoRapidity : transvers momentum = 0! return +/- 10e10
StJetMaker2012:INFO  - TVector3::PseudoRapidity : transvers momentum = 0! return +/- 10e10
StJetMaker2012:INFO  - TVector3::PseudoRapidity : transvers momentum = 0! return +/- 10e10
QA :INFO  - QAInfo: Done with Event [no. 105/run 0/evt. 105/Date.Time 20090628.53220/sta 0] Real Time =       0.03 seconds Cpu Time =        0.03 seconds
QA :INFO  - QAInfo: Cpu Times: user / system / user children / system children =     0.03 /     0.00 /     0.00 /     0.00 seconds (tick =   100.00, cps = 1000000)
QA :INFO  - QAInfo: Cpu Times: all threads =     0.029294560 seconds
StPythiaFourPMaker:INFO  - TVector3::PseudoRapidity : transvers momentum = 0! return +/- 10e10
StPythiaFourPMaker:INFO  - TVector3::PseudoRapidity : transvers momentum = 0! return +/- 10e10
StMCAsymMaker:WARN  - No StMcEvent
StMCAsymMaker:INFO  - *** StMCAsymMaker::Make() == StWarn(1) ***
StJetMaker2012:INFO  - TVector3::PseudoRapidity : transvers momentum = 0! return +/- 10e10
StJetMaker2012:INFO  - TVector3::PseudoRapidity : transvers momentum = 0! return +/- 10e10
StJetMaker2012:INFO  - TVector3::PseudoRapidity : transvers momentum = 0! return +/- 10e10
StJetMaker2012:INFO  - TVector3::PseudoRapidity : transvers momentum = 0! return +/- 10e10
StJetMaker2012:INFO  - TVector3::PseudoRapidity : transvers momentum = 0! return +/- 10e10
StJetMaker2012:INFO  - TVector3::PseudoRapidity : transvers momentum = 0! return +/- 10e10
StJetMaker2012:INFO  - TVector3::PseudoRapidity : transvers momentum = 0! return +/- 10e10
StJetMaker2012:INFO  - TVector3::PseudoRapidity : transvers momentum = 0! return +/- 10e10
StJetMaker2012:INFO  - TVector3::PseudoRapidity : transvers momentum = 0! return +/- 10e10
StJetMaker2012:INFO  - TVector3::PseudoRapidity : transvers momentum = 0! return +/- 10e10
StJetMaker2012:INFO  - TVector3::PseudoRapidity : transvers momentum = 0! return +/- 10e10
StJetMaker2012:INFO  - TVector3::PseudoRapidity : transvers momentum = 0! return +/- 10e10
StJetMaker2012:INFO  - TVector3::PseudoRapidity : transvers momentum = 0! return +/- 10e10
StJetMaker2012:INFO  - TVector3::PseudoRapidity : transvers momentum = 0! return +/- 10e10
StJetMaker2012:INFO  - TVector3::PseudoRapidity : transvers momentum = 0! return +/- 10e10
StJetMaker2012:INFO  - TVector3::PseudoRapidity : transvers momentum = 0! return +/- 10e10
StJetMaker2012:INFO  - TVector3::PseudoRapidity : transvers momentum = 0! return +/- 10e10
StJetMaker2012:INFO  - TVector3::PseudoRapidity : transvers momentum = 0! return +/- 10e10
StJetMaker2012:INFO  - TVector3::PseudoRapidity : transvers momentum = 0! return +/- 10e10
StJetMaker2012:INFO  - TVector3::PseudoRapidity : transvers momentum = 0! return +/- 10e10
QA :INFO  - QAInfo: Done with Event [no. 106/run 0/evt. 106/Date.Time 20090628.53220/sta 0] Real Time =       0.03 seconds Cpu Time =        0.02 seconds
QA :INFO  - QAInfo: Cpu Times: user / system / user children / system children =     0.02 /     0.00 /     0.00 /     0.00 seconds (tick =   100.00, cps = 1000000)
QA :INFO  - QAInfo: Cpu Times: all threads =     0.025878600 seconds
StPythiaFourPMaker:INFO  - TVector3::PseudoRapidity : transvers momentum = 0! return +/- 10e10
StPythiaFourPMaker:INFO  - TVector3::PseudoRapidity : transvers momentum = 0! return +/- 10e10
StMCAsymMaker:WARN  - No StMcEvent
StMCAsymMaker:INFO  - *** StMCAsymMaker::Make() == StWarn(1) ***
StJetMaker2012:INFO  - TVector3::PseudoRapidity : transvers momentum = 0! return +/- 10e10
StJetMaker2012:INFO  - TVector3::PseudoRapidity : transvers momentum = 0! return +/- 10e10
StJetMaker2012:INFO  - TVector3::PseudoRapidity : transvers momentum = 0! return +/- 10e10
StJetMaker2012:INFO  - TVector3::PseudoRapidity : transvers momentum = 0! return +/- 10e10
StJetMaker2012:INFO  - TVector3::PseudoRapidity : transvers momentum = 0! return +/- 10e10
StJetMaker2012:INFO  - TVector3::PseudoRapidity : transvers momentum = 0! return +/- 10e10
StJetMaker2012:INFO  - TVector3::PseudoRapidity : transvers momentum = 0! return +/- 10e10
StJetMaker2012:INFO  - TVector3::PseudoRapidity : transvers momentum = 0! return +/- 10e10
StJetMaker2012:INFO  - TVector3::PseudoRapidity : transvers momentum = 0! return +/- 10e10
StJetMaker2012:INFO  - TVector3::PseudoRapidity : transvers momentum = 0! return +/- 10e10
StJetMaker2012:INFO  - TVector3::PseudoRapidity : transvers momentum = 0! return +/- 10e10
StJetMaker2012:INFO  - TVector3::PseudoRapidity : transvers momentum = 0! return +/- 10e10
StJetMaker2012:INFO  - TVector3::PseudoRapidity : transvers momentum = 0! return +/- 10e10
StJetMaker2012:INFO  - TVector3::PseudoRapidity : transvers momentum = 0! return +/- 10e10
StJetMaker2012:INFO  - TVector3::PseudoRapidity : transvers momentum = 0! return +/- 10e10
StJetMaker2012:INFO  - TVector3::PseudoRapidity : transvers momentum = 0! return +/- 10e10
StJetMaker2012:INFO  - TVector3::PseudoRapidity : transvers momentum = 0! return +/- 10e10
StJetMaker2012:INFO  - TVector3::PseudoRapidity : transvers momentum = 0! return +/- 10e10
StJetMaker2012:INFO  - TVector3::PseudoRapidity : transvers momentum = 0! return +/- 10e10
StJetMaker2012:INFO  - TVector3::PseudoRapidity : transvers momentum = 0! return +/- 10e10
QA :INFO  - QAInfo: Done with Event [no. 107/run 0/evt. 107/Date.Time 20090628.53220/sta 0] Real Time =       0.02 seconds Cpu Time =        0.03 seconds
QA :INFO  - QAInfo: Cpu Times: user / system / user children / system children =     0.03 /     0.00 /     0.00 /     0.00 seconds (tick =   100.00, cps = 1000000)
QA :INFO  - QAInfo: Cpu Times: all threads =     0.023180380 seconds
StPythiaFourPMaker:INFO  - TVector3::PseudoRapidity : transvers momentum = 0! return +/- 10e10
StPythiaFourPMaker:INFO  - TVector3::PseudoRapidity : transvers momentum = 0! return +/- 10e10
StMCAsymMaker:WARN  - No StMcEvent
StMCAsymMaker:INFO  - *** StMCAsymMaker::Make() == StWarn(1) ***
StJetMaker2012:INFO  - TVector3::PseudoRapidity : transvers momentum = 0! return +/- 10e10
StJetMaker2012:INFO  - TVector3::PseudoRapidity : transvers momentum = 0! return +/- 10e10
StJetMaker2012:INFO  - TVector3::PseudoRapidity : transvers momentum = 0! return +/- 10e10
StJetMaker2012:INFO  - TVector3::PseudoRapidity : transvers momentum = 0! return +/- 10e10
StJetMaker2012:INFO  - TVector3::PseudoRapidity : transvers momentum = 0! return +/- 10e10
StJetMaker2012:INFO  - TVector3::PseudoRapidity : transvers momentum = 0! return +/- 10e10
StJetMaker2012:INFO  - TVector3::PseudoRapidity : transvers momentum = 0! return +/- 10e10
StJetMaker2012:INFO  - TVector3::PseudoRapidity : transvers momentum = 0! return +/- 10e10
StJetMaker2012:INFO  - TVector3::PseudoRapidity : transvers momentum = 0! return +/- 10e10
StJetMaker2012:INFO  - TVector3::PseudoRapidity : transvers momentum = 0! return +/- 10e10
StJetMaker2012:INFO  - TVector3::PseudoRapidity : transvers momentum = 0! return +/- 10e10
StJetMaker2012:INFO  - TVector3::PseudoRapidity : transvers momentum = 0! return +/- 10e10
StJetMaker2012:INFO  - TVector3::PseudoRapidity : transvers momentum = 0! return +/- 10e10
StJetMaker2012:INFO  - TVector3::PseudoRapidity : transvers momentum = 0! return +/- 10e10
StJetMaker2012:INFO  - TVector3::PseudoRapidity : transvers momentum = 0! return +/- 10e10
StJetMaker2012:INFO  - TVector3::PseudoRapidity : transvers momentum = 0! return +/- 10e10
StJetMaker2012:INFO  - TVector3::PseudoRapidity : transvers momentum = 0! return +/- 10e10
StJetMaker2012:INFO  - TVector3::PseudoRapidity : transvers momentum = 0! return +/- 10e10
StJetMaker2012:INFO  - TVector3::PseudoRapidity : transvers momentum = 0! return +/- 10e10
StJetMaker2012:INFO  - TVector3::PseudoRapidity : transvers momentum = 0! return +/- 10e10
QA :INFO  - QAInfo: Done with Event [no. 108/run 0/evt. 108/Date.Time 20090628.53220/sta 0] Real Time =       0.03 seconds Cpu Time =        0.02 seconds
QA :INFO  - QAInfo: Cpu Times: user / system / user children / system children =     0.02 /     0.00 /     0.00 /     0.00 seconds (tick =   100.00, cps = 1000000)
QA :INFO  - QAInfo: Cpu Times: all threads =     0.025617040 seconds
StPythiaFourPMaker:INFO  - TVector3::PseudoRapidity : transvers momentum = 0! return +/- 10e10
StPythiaFourPMaker:INFO  - TVector3::PseudoRapidity : transvers momentum = 0! return +/- 10e10
StMCAsymMaker:WARN  - No StMcEvent
StMCAsymMaker:INFO  - *** StMCAsymMaker::Make() == StWarn(1) ***
StJetMaker2012:INFO  - TVector3::PseudoRapidity : transvers momentum = 0! return +/- 10e10
StJetMaker2012:INFO  - TVector3::PseudoRapidity : transvers momentum = 0! return +/- 10e10
StJetMaker2012:INFO  - TVector3::PseudoRapidity : transvers momentum = 0! return +/- 10e10
StJetMaker2012:INFO  - TVector3::PseudoRapidity : transvers momentum = 0! return +/- 10e10
StJetMaker2012:INFO  - TVector3::PseudoRapidity : transvers momentum = 0! return +/- 10e10
StJetMaker2012:INFO  - TVector3::PseudoRapidity : transvers momentum = 0! return +/- 10e10
StJetMaker2012:INFO  - TVector3::PseudoRapidity : transvers momentum = 0! return +/- 10e10
StJetMaker2012:INFO  - TVector3::PseudoRapidity : transvers momentum = 0! return +/- 10e10
StJetMaker2012:INFO  - TVector3::PseudoRapidity : transvers momentum = 0! return +/- 10e10
StJetMaker2012:INFO  - TVector3::PseudoRapidity : transvers momentum = 0! return +/- 10e10
StJetMaker2012:INFO  - TVector3::PseudoRapidity : transvers momentum = 0! return +/- 10e10
StJetMaker2012:INFO  - TVector3::PseudoRapidity : transvers momentum = 0! return +/- 10e10
StJetMaker2012:INFO  - TVector3::PseudoRapidity : transvers momentum = 0! return +/- 10e10
StJetMaker2012:INFO  - TVector3::PseudoRapidity : transvers momentum = 0! return +/- 10e10
StJetMaker2012:INFO  - TVector3::PseudoRapidity : transvers momentum = 0! return +/- 10e10
StJetMaker2012:INFO  - TVector3::PseudoRapidity : transvers momentum = 0! return +/- 10e10
StJetMaker2012:INFO  - TVector3::PseudoRapidity : transvers momentum = 0! return +/- 10e10
StJetMaker2012:INFO  - TVector3::PseudoRapidity : transvers momentum = 0! return +/- 10e10
StJetMaker2012:INFO  - TVector3::PseudoRapidity : transvers momentum = 0! return +/- 10e10
StJetMaker2012:INFO  - TVector3::PseudoRapidity : transvers momentum = 0! return +/- 10e10
QA :INFO  - QAInfo: Done with Event [no. 109/run 0/evt. 109/Date.Time 20090628.53220/sta 0] Real Time =       0.02 seconds Cpu Time =        0.02 seconds
QA :INFO  - QAInfo: Cpu Times: user / system / user children / system children =     0.02 /     0.00 /     0.00 /     0.00 seconds (tick =   100.00, cps = 1000000)
QA :INFO  - QAInfo: Cpu Times: all threads =     0.022695400 seconds
StPythiaFourPMaker:INFO  - TVector3::PseudoRapidity : transvers momentum = 0! return +/- 10e10
StPythiaFourPMaker:INFO  - TVector3::PseudoRapidity : transvers momentum = 0! return +/- 10e10
StMCAsymMaker:WARN  - No StMcEvent
StMCAsymMaker:INFO  - *** StMCAsymMaker::Make() == StWarn(1) ***
StJetMaker2012:INFO  - TVector3::PseudoRapidity : transvers momentum = 0! return +/- 10e10
StJetMaker2012:INFO  - TVector3::PseudoRapidity : transvers momentum = 0! return +/- 10e10
StJetMaker2012:INFO  - TVector3::PseudoRapidity : transvers momentum = 0! return +/- 10e10
StJetMaker2012:INFO  - TVector3::PseudoRapidity : transvers momentum = 0! return +/- 10e10
StJetMaker2012:INFO  - TVector3::PseudoRapidity : transvers momentum = 0! return +/- 10e10
StJetMaker2012:INFO  - TVector3::PseudoRapidity : transvers momentum = 0! return +/- 10e10
StJetMaker2012:INFO  - TVector3::PseudoRapidity : transvers momentum = 0! return +/- 10e10
StJetMaker2012:INFO  - TVector3::PseudoRapidity : transvers momentum = 0! return +/- 10e10
StJetMaker2012:INFO  - TVector3::PseudoRapidity : transvers momentum = 0! return +/- 10e10
StJetMaker2012:INFO  - TVector3::PseudoRapidity : transvers momentum = 0! return +/- 10e10
StJetMaker2012:INFO  - TVector3::PseudoRapidity : transvers momentum = 0! return +/- 10e10
StJetMaker2012:INFO  - TVector3::PseudoRapidity : transvers momentum = 0! return +/- 10e10
StJetMaker2012:INFO  - TVector3::PseudoRapidity : transvers momentum = 0! return +/- 10e10
StJetMaker2012:INFO  - TVector3::PseudoRapidity : transvers momentum = 0! return +/- 10e10
StJetMaker2012:INFO  - TVector3::PseudoRapidity : transvers momentum = 0! return +/- 10e10
StJetMaker2012:INFO  - TVector3::PseudoRapidity : transvers momentum = 0! return +/- 10e10
StJetMaker2012:INFO  - TVector3::PseudoRapidity : transvers momentum = 0! return +/- 10e10
StJetMaker2012:INFO  - TVector3::PseudoRapidity : transvers momentum = 0! return +/- 10e10
StJetMaker2012:INFO  - TVector3::PseudoRapidity : transvers momentum = 0! return +/- 10e10
StJetMaker2012:INFO  - TVector3::PseudoRapidity : transvers momentum = 0! return +/- 10e10
QA :INFO  - QAInfo: Done with Event [no. 110/run 0/evt. 110/Date.Time 20090628.53220/sta 0] Real Time =       0.03 seconds Cpu Time =        0.03 seconds
QA :INFO  - QAInfo: Cpu Times: user / system / user children / system children =     0.03 /     0.00 /     0.00 /     0.00 seconds (tick =   100.00, cps = 1000000)
QA :INFO  - QAInfo: Cpu Times: all threads =     0.027173680 seconds
StPythiaFourPMaker:INFO  - TVector3::PseudoRapidity : transvers momentum = 0! return +/- 10e10
StPythiaFourPMaker:INFO  - TVector3::PseudoRapidity : transvers momentum = 0! return +/- 10e10
StMCAsymMaker:WARN  - No StMcEvent
StMCAsymMaker:INFO  - *** StMCAsymMaker::Make() == StWarn(1) ***
StJetMaker2012:INFO  - TVector3::PseudoRapidity : transvers momentum = 0! return +/- 10e10
StJetMaker2012:INFO  - TVector3::PseudoRapidity : transvers momentum = 0! return +/- 10e10
StJetMaker2012:INFO  - TVector3::PseudoRapidity : transvers momentum = 0! return +/- 10e10
StJetMaker2012:INFO  - TVector3::PseudoRapidity : transvers momentum = 0! return +/- 10e10
StJetMaker2012:INFO  - TVector3::PseudoRapidity : transvers momentum = 0! return +/- 10e10
StJetMaker2012:INFO  - TVector3::PseudoRapidity : transvers momentum = 0! return +/- 10e10
StJetMaker2012:INFO  - TVector3::PseudoRapidity : transvers momentum = 0! return +/- 10e10
StJetMaker2012:INFO  - TVector3::PseudoRapidity : transvers momentum = 0! return +/- 10e10
StJetMaker2012:INFO  - TVector3::PseudoRapidity : transvers momentum = 0! return +/- 10e10
StJetMaker2012:INFO  - TVector3::PseudoRapidity : transvers momentum = 0! return +/- 10e10
StJetMaker2012:INFO  - TVector3::PseudoRapidity : transvers momentum = 0! return +/- 10e10
StJetMaker2012:INFO  - TVector3::PseudoRapidity : transvers momentum = 0! return +/- 10e10
StJetMaker2012:INFO  - TVector3::PseudoRapidity : transvers momentum = 0! return +/- 10e10
StJetMaker2012:INFO  - TVector3::PseudoRapidity : transvers momentum = 0! return +/- 10e10
StJetMaker2012:INFO  - TVector3::PseudoRapidity : transvers momentum = 0! return +/- 10e10
StJetMaker2012:INFO  - TVector3::PseudoRapidity : transvers momentum = 0! return +/- 10e10
StJetMaker2012:INFO  - TVector3::PseudoRapidity : transvers momentum = 0! return +/- 10e10
StJetMaker2012:INFO  - TVector3::PseudoRapidity : transvers momentum = 0! return +/- 10e10
StJetMaker2012:INFO  - TVector3::PseudoRapidity : transvers momentum = 0! return +/- 10e10
StJetMaker2012:INFO  - TVector3::PseudoRapidity : transvers momentum = 0! return +/- 10e10
QA :INFO  - QAInfo: Done with Event [no. 111/run 0/evt. 111/Date.Time 20090628.53220/sta 0] Real Time =       0.03 seconds Cpu Time =        0.03 seconds
QA :INFO  - QAInfo: Cpu Times: user / system / user children / system children =     0.03 /     0.00 /     0.00 /     0.00 seconds (tick =   100.00, cps = 1000000)
QA :INFO  - QAInfo: Cpu Times: all threads =     0.028987080 seconds
StPythiaFourPMaker:INFO  - TVector3::PseudoRapidity : transvers momentum = 0! return +/- 10e10
StPythiaFourPMaker:INFO  - TVector3::PseudoRapidity : transvers momentum = 0! return +/- 10e10
StMCAsymMaker:WARN  - No StMcEvent
StMCAsymMaker:INFO  - *** StMCAsymMaker::Make() == StWarn(1) ***
StJetMaker2012:INFO  - TVector3::PseudoRapidity : transvers momentum = 0! return +/- 10e10
StJetMaker2012:INFO  - TVector3::PseudoRapidity : transvers momentum = 0! return +/- 10e10
StJetMaker2012:INFO  - TVector3::PseudoRapidity : transvers momentum = 0! return +/- 10e10
StJetMaker2012:INFO  - TVector3::PseudoRapidity : transvers momentum = 0! return +/- 10e10
StJetMaker2012:INFO  - TVector3::PseudoRapidity : transvers momentum = 0! return +/- 10e10
StJetMaker2012:INFO  - TVector3::PseudoRapidity : transvers momentum = 0! return +/- 10e10
StJetMaker2012:INFO  - TVector3::PseudoRapidity : transvers momentum = 0! return +/- 10e10
StJetMaker2012:INFO  - TVector3::PseudoRapidity : transvers momentum = 0! return +/- 10e10
StJetMaker2012:INFO  - TVector3::PseudoRapidity : transvers momentum = 0! return +/- 10e10
StJetMaker2012:INFO  - TVector3::PseudoRapidity : transvers momentum = 0! return +/- 10e10
StJetMaker2012:INFO  - TVector3::PseudoRapidity : transvers momentum = 0! return +/- 10e10
StJetMaker2012:INFO  - TVector3::PseudoRapidity : transvers momentum = 0! return +/- 10e10
StJetMaker2012:INFO  - TVector3::PseudoRapidity : transvers momentum = 0! return +/- 10e10
StJetMaker2012:INFO  - TVector3::PseudoRapidity : transvers momentum = 0! return +/- 10e10
StJetMaker2012:INFO  - TVector3::PseudoRapidity : transvers momentum = 0! return +/- 10e10
StJetMaker2012:INFO  - TVector3::PseudoRapidity : transvers momentum = 0! return +/- 10e10
StJetMaker2012:INFO  - TVector3::PseudoRapidity : transvers momentum = 0! return +/- 10e10
StJetMaker2012:INFO  - TVector3::PseudoRapidity : transvers momentum = 0! return +/- 10e10
StJetMaker2012:INFO  - TVector3::PseudoRapidity : transvers momentum = 0! return +/- 10e10
StJetMaker2012:INFO  - TVector3::PseudoRapidity : transvers momentum = 0! return +/- 10e10
QA :INFO  - QAInfo: Done with Event [no. 112/run 0/evt. 112/Date.Time 20090628.53220/sta 0] Real Time =       0.03 seconds Cpu Time =        0.02 seconds
QA :INFO  - QAInfo: Cpu Times: user / system / user children / system children =     0.02 /     0.00 /     0.00 /     0.00 seconds (tick =   100.00, cps = 1000000)
QA :INFO  - QAInfo: Cpu Times: all threads =     0.025854040 seconds
StPythiaFourPMaker:INFO  - TVector3::PseudoRapidity : transvers momentum = 0! return +/- 10e10
StPythiaFourPMaker:INFO  - TVector3::PseudoRapidity : transvers momentum = 0! return +/- 10e10
StMCAsymMaker:WARN  - No StMcEvent
StMCAsymMaker:INFO  - *** StMCAsymMaker::Make() == StWarn(1) ***
StJetMaker2012:INFO  - TVector3::PseudoRapidity : transvers momentum = 0! return +/- 10e10
StJetMaker2012:INFO  - TVector3::PseudoRapidity : transvers momentum = 0! return +/- 10e10
StJetMaker2012:INFO  - TVector3::PseudoRapidity : transvers momentum = 0! return +/- 10e10
StJetMaker2012:INFO  - TVector3::PseudoRapidity : transvers momentum = 0! return +/- 10e10
StJetMaker2012:INFO  - TVector3::PseudoRapidity : transvers momentum = 0! return +/- 10e10
StJetMaker2012:INFO  - TVector3::PseudoRapidity : transvers momentum = 0! return +/- 10e10
StJetMaker2012:INFO  - TVector3::PseudoRapidity : transvers momentum = 0! return +/- 10e10
StJetMaker2012:INFO  - TVector3::PseudoRapidity : transvers momentum = 0! return +/- 10e10
StJetMaker2012:INFO  - TVector3::PseudoRapidity : transvers momentum = 0! return +/- 10e10
StJetMaker2012:INFO  - TVector3::PseudoRapidity : transvers momentum = 0! return +/- 10e10
StJetMaker2012:INFO  - TVector3::PseudoRapidity : transvers momentum = 0! return +/- 10e10
StJetMaker2012:INFO  - TVector3::PseudoRapidity : transvers momentum = 0! return +/- 10e10
StJetMaker2012:INFO  - TVector3::PseudoRapidity : transvers momentum = 0! return +/- 10e10
StJetMaker2012:INFO  - TVector3::PseudoRapidity : transvers momentum = 0! return +/- 10e10
StJetMaker2012:INFO  - TVector3::PseudoRapidity : transvers momentum = 0! return +/- 10e10
StJetMaker2012:INFO  - TVector3::PseudoRapidity : transvers momentum = 0! return +/- 10e10
StJetMaker2012:INFO  - TVector3::PseudoRapidity : transvers momentum = 0! return +/- 10e10
StJetMaker2012:INFO  - TVector3::PseudoRapidity : transvers momentum = 0! return +/- 10e10
StJetMaker2012:INFO  - TVector3::PseudoRapidity : transvers momentum = 0! return +/- 10e10
StJetMaker2012:INFO  - TVector3::PseudoRapidity : transvers momentum = 0! return +/- 10e10
QA :INFO  - QAInfo: Done with Event [no. 113/run 0/evt. 113/Date.Time 20090628.53220/sta 0] Real Time =       0.03 seconds Cpu Time =        0.03 seconds
QA :INFO  - QAInfo: Cpu Times: user / system / user children / system children =     0.03 /     0.00 /     0.00 /     0.00 seconds (tick =   100.00, cps = 1000000)
QA :INFO  - QAInfo: Cpu Times: all threads =     0.028821550 seconds
StPythiaFourPMaker:INFO  - TVector3::PseudoRapidity : transvers momentum = 0! return +/- 10e10
StPythiaFourPMaker:INFO  - TVector3::PseudoRapidity : transvers momentum = 0! return +/- 10e10
StMCAsymMaker:WARN  - No StMcEvent
StMCAsymMaker:INFO  - *** StMCAsymMaker::Make() == StWarn(1) ***
StJetMaker2012:INFO  - TVector3::PseudoRapidity : transvers momentum = 0! return +/- 10e10
StJetMaker2012:INFO  - TVector3::PseudoRapidity : transvers momentum = 0! return +/- 10e10
StJetMaker2012:INFO  - TVector3::PseudoRapidity : transvers momentum = 0! return +/- 10e10
StJetMaker2012:INFO  - TVector3::PseudoRapidity : transvers momentum = 0! return +/- 10e10
StJetMaker2012:INFO  - TVector3::PseudoRapidity : transvers momentum = 0! return +/- 10e10
StJetMaker2012:INFO  - TVector3::PseudoRapidity : transvers momentum = 0! return +/- 10e10
StJetMaker2012:INFO  - TVector3::PseudoRapidity : transvers momentum = 0! return +/- 10e10
StJetMaker2012:INFO  - TVector3::PseudoRapidity : transvers momentum = 0! return +/- 10e10
StJetMaker2012:INFO  - TVector3::PseudoRapidity : transvers momentum = 0! return +/- 10e10
StJetMaker2012:INFO  - TVector3::PseudoRapidity : transvers momentum = 0! return +/- 10e10
StJetMaker2012:INFO  - TVector3::PseudoRapidity : transvers momentum = 0! return +/- 10e10
StJetMaker2012:INFO  - TVector3::PseudoRapidity : transvers momentum = 0! return +/- 10e10
StJetMaker2012:INFO  - TVector3::PseudoRapidity : transvers momentum = 0! return +/- 10e10
StJetMaker2012:INFO  - TVector3::PseudoRapidity : transvers momentum = 0! return +/- 10e10
StJetMaker2012:INFO  - TVector3::PseudoRapidity : transvers momentum = 0! return +/- 10e10
StJetMaker2012:INFO  - TVector3::PseudoRapidity : transvers momentum = 0! return +/- 10e10
StJetMaker2012:INFO  - TVector3::PseudoRapidity : transvers momentum = 0! return +/- 10e10
StJetMaker2012:INFO  - TVector3::PseudoRapidity : transvers momentum = 0! return +/- 10e10
StJetMaker2012:INFO  - TVector3::PseudoRapidity : transvers momentum = 0! return +/- 10e10
StJetMaker2012:INFO  - TVector3::PseudoRapidity : transvers momentum = 0! return +/- 10e10
QA :INFO  - QAInfo: Done with Event [no. 114/run 0/evt. 114/Date.Time 20090628.53220/sta 0] Real Time =       0.02 seconds Cpu Time =        0.03 seconds
QA :INFO  - QAInfo: Cpu Times: user / system / user children / system children =     0.02 /     0.01 /     0.00 /     0.00 seconds (tick =   100.00, cps = 1000000)
QA :INFO  - QAInfo: Cpu Times: all threads =     0.022141100 seconds
StPythiaFourPMaker:INFO  - TVector3::PseudoRapidity : transvers momentum = 0! return +/- 10e10
StPythiaFourPMaker:INFO  - TVector3::PseudoRapidity : transvers momentum = 0! return +/- 10e10
StMCAsymMaker:WARN  - No StMcEvent
StMCAsymMaker:INFO  - *** StMCAsymMaker::Make() == StWarn(1) ***
StJetMaker2012:INFO  - TVector3::PseudoRapidity : transvers momentum = 0! return +/- 10e10
StJetMaker2012:INFO  - TVector3::PseudoRapidity : transvers momentum = 0! return +/- 10e10
StJetMaker2012:INFO  - TVector3::PseudoRapidity : transvers momentum = 0! return +/- 10e10
StJetMaker2012:INFO  - TVector3::PseudoRapidity : transvers momentum = 0! return +/- 10e10
StJetMaker2012:INFO  - TVector3::PseudoRapidity : transvers momentum = 0! return +/- 10e10
StJetMaker2012:INFO  - TVector3::PseudoRapidity : transvers momentum = 0! return +/- 10e10
StJetMaker2012:INFO  - TVector3::PseudoRapidity : transvers momentum = 0! return +/- 10e10
StJetMaker2012:INFO  - TVector3::PseudoRapidity : transvers momentum = 0! return +/- 10e10
StJetMaker2012:INFO  - TVector3::PseudoRapidity : transvers momentum = 0! return +/- 10e10
StJetMaker2012:INFO  - TVector3::PseudoRapidity : transvers momentum = 0! return +/- 10e10
StJetMaker2012:INFO  - TVector3::PseudoRapidity : transvers momentum = 0! return +/- 10e10
StJetMaker2012:INFO  - TVector3::PseudoRapidity : transvers momentum = 0! return +/- 10e10
StJetMaker2012:INFO  - TVector3::PseudoRapidity : transvers momentum = 0! return +/- 10e10
StJetMaker2012:INFO  - TVector3::PseudoRapidity : transvers momentum = 0! return +/- 10e10
StJetMaker2012:INFO  - TVector3::PseudoRapidity : transvers momentum = 0! return +/- 10e10
StJetMaker2012:INFO  - TVector3::PseudoRapidity : transvers momentum = 0! return +/- 10e10
StJetMaker2012:INFO  - TVector3::PseudoRapidity : transvers momentum = 0! return +/- 10e10
StJetMaker2012:INFO  - TVector3::PseudoRapidity : transvers momentum = 0! return +/- 10e10
StJetMaker2012:INFO  - TVector3::PseudoRapidity : transvers momentum = 0! return +/- 10e10
StJetMaker2012:INFO  - TVector3::PseudoRapidity : transvers momentum = 0! return +/- 10e10
QA :INFO  - QAInfo: Done with Event [no. 115/run 0/evt. 115/Date.Time 20090628.53220/sta 0] Real Time =       0.02 seconds Cpu Time =        0.02 seconds
QA :INFO  - QAInfo: Cpu Times: user / system / user children / system children =     0.02 /     0.00 /     0.00 /     0.00 seconds (tick =   100.00, cps = 1000000)
QA :INFO  - QAInfo: Cpu Times: all threads =     0.017225850 seconds
StPythiaFourPMaker:INFO  - TVector3::PseudoRapidity : transvers momentum = 0! return +/- 10e10
StPythiaFourPMaker:INFO  - TVector3::PseudoRapidity : transvers momentum = 0! return +/- 10e10
StMCAsymMaker:WARN  - No StMcEvent
StMCAsymMaker:INFO  - *** StMCAsymMaker::Make() == StWarn(1) ***
StJetMaker2012:INFO  - TVector3::PseudoRapidity : transvers momentum = 0! return +/- 10e10
StJetMaker2012:INFO  - TVector3::PseudoRapidity : transvers momentum = 0! return +/- 10e10
StJetMaker2012:INFO  - TVector3::PseudoRapidity : transvers momentum = 0! return +/- 10e10
StJetMaker2012:INFO  - TVector3::PseudoRapidity : transvers momentum = 0! return +/- 10e10
StJetMaker2012:INFO  - TVector3::PseudoRapidity : transvers momentum = 0! return +/- 10e10
StJetMaker2012:INFO  - TVector3::PseudoRapidity : transvers momentum = 0! return +/- 10e10
StJetMaker2012:INFO  - TVector3::PseudoRapidity : transvers momentum = 0! return +/- 10e10
StJetMaker2012:INFO  - TVector3::PseudoRapidity : transvers momentum = 0! return +/- 10e10
StJetMaker2012:INFO  - TVector3::PseudoRapidity : transvers momentum = 0! return +/- 10e10
StJetMaker2012:INFO  - TVector3::PseudoRapidity : transvers momentum = 0! return +/- 10e10
StJetMaker2012:INFO  - TVector3::PseudoRapidity : transvers momentum = 0! return +/- 10e10
StJetMaker2012:INFO  - TVector3::PseudoRapidity : transvers momentum = 0! return +/- 10e10
StJetMaker2012:INFO  - TVector3::PseudoRapidity : transvers momentum = 0! return +/- 10e10
StJetMaker2012:INFO  - TVector3::PseudoRapidity : transvers momentum = 0! return +/- 10e10
StJetMaker2012:INFO  - TVector3::PseudoRapidity : transvers momentum = 0! return +/- 10e10
StJetMaker2012:INFO  - TVector3::PseudoRapidity : transvers momentum = 0! return +/- 10e10
StJetMaker2012:INFO  - TVector3::PseudoRapidity : transvers momentum = 0! return +/- 10e10
StJetMaker2012:INFO  - TVector3::PseudoRapidity : transvers momentum = 0! return +/- 10e10
StJetMaker2012:INFO  - TVector3::PseudoRapidity : transvers momentum = 0! return +/- 10e10
StJetMaker2012:INFO  - TVector3::PseudoRapidity : transvers momentum = 0! return +/- 10e10
QA :INFO  - QAInfo: Done with Event [no. 116/run 0/evt. 116/Date.Time 20090628.53220/sta 0] Real Time =       0.02 seconds Cpu Time =        0.02 seconds
QA :INFO  - QAInfo: Cpu Times: user / system / user children / system children =     0.02 /     0.00 /     0.00 /     0.00 seconds (tick =   100.00, cps = 1000000)
QA :INFO  - QAInfo: Cpu Times: all threads =     0.019665570 seconds
StPythiaFourPMaker:INFO  - TVector3::PseudoRapidity : transvers momentum = 0! return +/- 10e10
StPythiaFourPMaker:INFO  - TVector3::PseudoRapidity : transvers momentum = 0! return +/- 10e10
StMCAsymMaker:WARN  - No StMcEvent
StMCAsymMaker:INFO  - *** StMCAsymMaker::Make() == StWarn(1) ***
StJetMaker2012:INFO  - TVector3::PseudoRapidity : transvers momentum = 0! return +/- 10e10
StJetMaker2012:INFO  - TVector3::PseudoRapidity : transvers momentum = 0! return +/- 10e10
StJetMaker2012:INFO  - TVector3::PseudoRapidity : transvers momentum = 0! return +/- 10e10
StJetMaker2012:INFO  - TVector3::PseudoRapidity : transvers momentum = 0! return +/- 10e10
StJetMaker2012:INFO  - TVector3::PseudoRapidity : transvers momentum = 0! return +/- 10e10
StJetMaker2012:INFO  - TVector3::PseudoRapidity : transvers momentum = 0! return +/- 10e10
StJetMaker2012:INFO  - TVector3::PseudoRapidity : transvers momentum = 0! return +/- 10e10
StJetMaker2012:INFO  - TVector3::PseudoRapidity : transvers momentum = 0! return +/- 10e10
StJetMaker2012:INFO  - TVector3::PseudoRapidity : transvers momentum = 0! return +/- 10e10
StJetMaker2012:INFO  - TVector3::PseudoRapidity : transvers momentum = 0! return +/- 10e10
StJetMaker2012:INFO  - TVector3::PseudoRapidity : transvers momentum = 0! return +/- 10e10
StJetMaker2012:INFO  - TVector3::PseudoRapidity : transvers momentum = 0! return +/- 10e10
StJetMaker2012:INFO  - TVector3::PseudoRapidity : transvers momentum = 0! return +/- 10e10
StJetMaker2012:INFO  - TVector3::PseudoRapidity : transvers momentum = 0! return +/- 10e10
StJetMaker2012:INFO  - TVector3::PseudoRapidity : transvers momentum = 0! return +/- 10e10
StJetMaker2012:INFO  - TVector3::PseudoRapidity : transvers momentum = 0! return +/- 10e10
StJetMaker2012:INFO  - TVector3::PseudoRapidity : transvers momentum = 0! return +/- 10e10
StJetMaker2012:INFO  - TVector3::PseudoRapidity : transvers momentum = 0! return +/- 10e10
StJetMaker2012:INFO  - TVector3::PseudoRapidity : transvers momentum = 0! return +/- 10e10
StJetMaker2012:INFO  - TVector3::PseudoRapidity : transvers momentum = 0! return +/- 10e10
QA :INFO  - QAInfo: Done with Event [no. 117/run 0/evt. 117/Date.Time 20090628.53220/sta 0] Real Time =       0.02 seconds Cpu Time =        0.02 seconds
QA :INFO  - QAInfo: Cpu Times: user / system / user children / system children =     0.02 /     0.00 /     0.00 /     0.00 seconds (tick =   100.00, cps = 1000000)
QA :INFO  - QAInfo: Cpu Times: all threads =     0.023816000 seconds
StPythiaFourPMaker:INFO  - TVector3::PseudoRapidity : transvers momentum = 0! return +/- 10e10
StPythiaFourPMaker:INFO  - TVector3::PseudoRapidity : transvers momentum = 0! return +/- 10e10
StMCAsymMaker:WARN  - No StMcEvent
StMCAsymMaker:INFO  - *** StMCAsymMaker::Make() == StWarn(1) ***
StJetMaker2012:INFO  - TVector3::PseudoRapidity : transvers momentum = 0! return +/- 10e10
StJetMaker2012:INFO  - TVector3::PseudoRapidity : transvers momentum = 0! return +/- 10e10
StJetMaker2012:INFO  - TVector3::PseudoRapidity : transvers momentum = 0! return +/- 10e10
StJetMaker2012:INFO  - TVector3::PseudoRapidity : transvers momentum = 0! return +/- 10e10
StJetMaker2012:INFO  - TVector3::PseudoRapidity : transvers momentum = 0! return +/- 10e10
StJetMaker2012:INFO  - TVector3::PseudoRapidity : transvers momentum = 0! return +/- 10e10
StJetMaker2012:INFO  - TVector3::PseudoRapidity : transvers momentum = 0! return +/- 10e10
StJetMaker2012:INFO  - TVector3::PseudoRapidity : transvers momentum = 0! return +/- 10e10
StJetMaker2012:INFO  - TVector3::PseudoRapidity : transvers momentum = 0! return +/- 10e10
StJetMaker2012:INFO  - TVector3::PseudoRapidity : transvers momentum = 0! return +/- 10e10
StJetMaker2012:INFO  - TVector3::PseudoRapidity : transvers momentum = 0! return +/- 10e10
StJetMaker2012:INFO  - TVector3::PseudoRapidity : transvers momentum = 0! return +/- 10e10
StJetMaker2012:INFO  - TVector3::PseudoRapidity : transvers momentum = 0! return +/- 10e10
StJetMaker2012:INFO  - TVector3::PseudoRapidity : transvers momentum = 0! return +/- 10e10
StJetMaker2012:INFO  - TVector3::PseudoRapidity : transvers momentum = 0! return +/- 10e10
StJetMaker2012:INFO  - TVector3::PseudoRapidity : transvers momentum = 0! return +/- 10e10
StJetMaker2012:INFO  - TVector3::PseudoRapidity : transvers momentum = 0! return +/- 10e10
StJetMaker2012:INFO  - TVector3::PseudoRapidity : transvers momentum = 0! return +/- 10e10
StJetMaker2012:INFO  - TVector3::PseudoRapidity : transvers momentum = 0! return +/- 10e10
StJetMaker2012:INFO  - TVector3::PseudoRapidity : transvers momentum = 0! return +/- 10e10
QA :INFO  - QAInfo: Done with Event [no. 118/run 0/evt. 118/Date.Time 20090628.53220/sta 0] Real Time =       0.03 seconds Cpu Time =        0.03 seconds
QA :INFO  - QAInfo: Cpu Times: user / system / user children / system children =     0.03 /     0.00 /     0.00 /     0.00 seconds (tick =   100.00, cps = 1000000)
QA :INFO  - QAInfo: Cpu Times: all threads =     0.029005350 seconds
StPythiaFourPMaker:INFO  - TVector3::PseudoRapidity : transvers momentum = 0! return +/- 10e10
StPythiaFourPMaker:INFO  - TVector3::PseudoRapidity : transvers momentum = 0! return +/- 10e10
StMCAsymMaker:WARN  - No StMcEvent
StMCAsymMaker:INFO  - *** StMCAsymMaker::Make() == StWarn(1) ***
StJetMaker2012:INFO  - TVector3::PseudoRapidity : transvers momentum = 0! return +/- 10e10
StJetMaker2012:INFO  - TVector3::PseudoRapidity : transvers momentum = 0! return +/- 10e10
StJetMaker2012:INFO  - TVector3::PseudoRapidity : transvers momentum = 0! return +/- 10e10
StJetMaker2012:INFO  - TVector3::PseudoRapidity : transvers momentum = 0! return +/- 10e10
StJetMaker2012:INFO  - TVector3::PseudoRapidity : transvers momentum = 0! return +/- 10e10
StJetMaker2012:INFO  - TVector3::PseudoRapidity : transvers momentum = 0! return +/- 10e10
StJetMaker2012:INFO  - TVector3::PseudoRapidity : transvers momentum = 0! return +/- 10e10
StJetMaker2012:INFO  - TVector3::PseudoRapidity : transvers momentum = 0! return +/- 10e10
StJetMaker2012:INFO  - TVector3::PseudoRapidity : transvers momentum = 0! return +/- 10e10
StJetMaker2012:INFO  - TVector3::PseudoRapidity : transvers momentum = 0! return +/- 10e10
StJetMaker2012:INFO  - TVector3::PseudoRapidity : transvers momentum = 0! return +/- 10e10
StJetMaker2012:INFO  - TVector3::PseudoRapidity : transvers momentum = 0! return +/- 10e10
StJetMaker2012:INFO  - TVector3::PseudoRapidity : transvers momentum = 0! return +/- 10e10
StJetMaker2012:INFO  - TVector3::PseudoRapidity : transvers momentum = 0! return +/- 10e10
StJetMaker2012:INFO  - TVector3::PseudoRapidity : transvers momentum = 0! return +/- 10e10
StJetMaker2012:INFO  - TVector3::PseudoRapidity : transvers momentum = 0! return +/- 10e10
StJetMaker2012:INFO  - TVector3::PseudoRapidity : transvers momentum = 0! return +/- 10e10
StJetMaker2012:INFO  - TVector3::PseudoRapidity : transvers momentum = 0! return +/- 10e10
StJetMaker2012:INFO  - TVector3::PseudoRapidity : transvers momentum = 0! return +/- 10e10
StJetMaker2012:INFO  - TVector3::PseudoRapidity : transvers momentum = 0! return +/- 10e10
QA :INFO  - QAInfo: Done with Event [no. 119/run 0/evt. 119/Date.Time 20090628.53220/sta 0] Real Time =       0.02 seconds Cpu Time =        0.03 seconds
QA :INFO  - QAInfo: Cpu Times: user / system / user children / system children =     0.03 /     0.00 /     0.00 /     0.00 seconds (tick =   100.00, cps = 1000000)
QA :INFO  - QAInfo: Cpu Times: all threads =     0.023419090 seconds
StPythiaFourPMaker:INFO  - TVector3::PseudoRapidity : transvers momentum = 0! return +/- 10e10
StPythiaFourPMaker:INFO  - TVector3::PseudoRapidity : transvers momentum = 0! return +/- 10e10
StMCAsymMaker:WARN  - No StMcEvent
StMCAsymMaker:INFO  - *** StMCAsymMaker::Make() == StWarn(1) ***
StJetMaker2012:INFO  - TVector3::PseudoRapidity : transvers momentum = 0! return +/- 10e10
StJetMaker2012:INFO  - TVector3::PseudoRapidity : transvers momentum = 0! return +/- 10e10
StJetMaker2012:INFO  - TVector3::PseudoRapidity : transvers momentum = 0! return +/- 10e10
StJetMaker2012:INFO  - TVector3::PseudoRapidity : transvers momentum = 0! return +/- 10e10
StJetMaker2012:INFO  - TVector3::PseudoRapidity : transvers momentum = 0! return +/- 10e10
StJetMaker2012:INFO  - TVector3::PseudoRapidity : transvers momentum = 0! return +/- 10e10
StJetMaker2012:INFO  - TVector3::PseudoRapidity : transvers momentum = 0! return +/- 10e10
StJetMaker2012:INFO  - TVector3::PseudoRapidity : transvers momentum = 0! return +/- 10e10
StJetMaker2012:INFO  - TVector3::PseudoRapidity : transvers momentum = 0! return +/- 10e10
StJetMaker2012:INFO  - TVector3::PseudoRapidity : transvers momentum = 0! return +/- 10e10
StJetMaker2012:INFO  - TVector3::PseudoRapidity : transvers momentum = 0! return +/- 10e10
StJetMaker2012:INFO  - TVector3::PseudoRapidity : transvers momentum = 0! return +/- 10e10
StJetMaker2012:INFO  - TVector3::PseudoRapidity : transvers momentum = 0! return +/- 10e10
StJetMaker2012:INFO  - TVector3::PseudoRapidity : transvers momentum = 0! return +/- 10e10
StJetMaker2012:INFO  - TVector3::PseudoRapidity : transvers momentum = 0! return +/- 10e10
StJetMaker2012:INFO  - TVector3::PseudoRapidity : transvers momentum = 0! return +/- 10e10
StJetMaker2012:INFO  - TVector3::PseudoRapidity : transvers momentum = 0! return +/- 10e10
StJetMaker2012:INFO  - TVector3::PseudoRapidity : transvers momentum = 0! return +/- 10e10
StJetMaker2012:INFO  - TVector3::PseudoRapidity : transvers momentum = 0! return +/- 10e10
StJetMaker2012:INFO  - TVector3::PseudoRapidity : transvers momentum = 0! return +/- 10e10
QA :INFO  - QAInfo: Done with Event [no. 120/run 0/evt. 120/Date.Time 20090628.53220/sta 0] Real Time =       0.03 seconds Cpu Time =        0.02 seconds
QA :INFO  - QAInfo: Cpu Times: user / system / user children / system children =     0.02 /     0.00 /     0.00 /     0.00 seconds (tick =   100.00, cps = 1000000)
QA :INFO  - QAInfo: Cpu Times: all threads =     0.026312550 seconds
StPythiaFourPMaker:INFO  - TVector3::PseudoRapidity : transvers momentum = 0! return +/- 10e10
StPythiaFourPMaker:INFO  - TVector3::PseudoRapidity : transvers momentum = 0! return +/- 10e10
StMCAsymMaker:WARN  - No StMcEvent
StMCAsymMaker:INFO  - *** StMCAsymMaker::Make() == StWarn(1) ***
StJetMaker2012:INFO  - TVector3::PseudoRapidity : transvers momentum = 0! return +/- 10e10
StJetMaker2012:INFO  - TVector3::PseudoRapidity : transvers momentum = 0! return +/- 10e10
StJetMaker2012:INFO  - TVector3::PseudoRapidity : transvers momentum = 0! return +/- 10e10
StJetMaker2012:INFO  - TVector3::PseudoRapidity : transvers momentum = 0! return +/- 10e10
StJetMaker2012:INFO  - TVector3::PseudoRapidity : transvers momentum = 0! return +/- 10e10
StJetMaker2012:INFO  - TVector3::PseudoRapidity : transvers momentum = 0! return +/- 10e10
StJetMaker2012:INFO  - TVector3::PseudoRapidity : transvers momentum = 0! return +/- 10e10
StJetMaker2012:INFO  - TVector3::PseudoRapidity : transvers momentum = 0! return +/- 10e10
StJetMaker2012:INFO  - TVector3::PseudoRapidity : transvers momentum = 0! return +/- 10e10
StJetMaker2012:INFO  - TVector3::PseudoRapidity : transvers momentum = 0! return +/- 10e10
StJetMaker2012:INFO  - TVector3::PseudoRapidity : transvers momentum = 0! return +/- 10e10
StJetMaker2012:INFO  - TVector3::PseudoRapidity : transvers momentum = 0! return +/- 10e10
StJetMaker2012:INFO  - TVector3::PseudoRapidity : transvers momentum = 0! return +/- 10e10
StJetMaker2012:INFO  - TVector3::PseudoRapidity : transvers momentum = 0! return +/- 10e10
StJetMaker2012:INFO  - TVector3::PseudoRapidity : transvers momentum = 0! return +/- 10e10
StJetMaker2012:INFO  - TVector3::PseudoRapidity : transvers momentum = 0! return +/- 10e10
StJetMaker2012:INFO  - TVector3::PseudoRapidity : transvers momentum = 0! return +/- 10e10
StJetMaker2012:INFO  - TVector3::PseudoRapidity : transvers momentum = 0! return +/- 10e10
StJetMaker2012:INFO  - TVector3::PseudoRapidity : transvers momentum = 0! return +/- 10e10
StJetMaker2012:INFO  - TVector3::PseudoRapidity : transvers momentum = 0! return +/- 10e10
QA :INFO  - QAInfo: Done with Event [no. 121/run 0/evt. 121/Date.Time 20090628.53220/sta 0] Real Time =       0.03 seconds Cpu Time =        0.03 seconds
QA :INFO  - QAInfo: Cpu Times: user / system / user children / system children =     0.03 /     0.00 /     0.00 /     0.00 seconds (tick =   100.00, cps = 1000000)
QA :INFO  - QAInfo: Cpu Times: all threads =     0.027829190 seconds
StPythiaFourPMaker:INFO  - TVector3::PseudoRapidity : transvers momentum = 0! return +/- 10e10
StPythiaFourPMaker:INFO  - TVector3::PseudoRapidity : transvers momentum = 0! return +/- 10e10
StMCAsymMaker:WARN  - No StMcEvent
StMCAsymMaker:INFO  - *** StMCAsymMaker::Make() == StWarn(1) ***
StJetMaker2012:INFO  - TVector3::PseudoRapidity : transvers momentum = 0! return +/- 10e10
StJetMaker2012:INFO  - TVector3::PseudoRapidity : transvers momentum = 0! return +/- 10e10
StJetMaker2012:INFO  - TVector3::PseudoRapidity : transvers momentum = 0! return +/- 10e10
StJetMaker2012:INFO  - TVector3::PseudoRapidity : transvers momentum = 0! return +/- 10e10
StJetMaker2012:INFO  - TVector3::PseudoRapidity : transvers momentum = 0! return +/- 10e10
StJetMaker2012:INFO  - TVector3::PseudoRapidity : transvers momentum = 0! return +/- 10e10
StJetMaker2012:INFO  - TVector3::PseudoRapidity : transvers momentum = 0! return +/- 10e10
StJetMaker2012:INFO  - TVector3::PseudoRapidity : transvers momentum = 0! return +/- 10e10
StJetMaker2012:INFO  - TVector3::PseudoRapidity : transvers momentum = 0! return +/- 10e10
StJetMaker2012:INFO  - TVector3::PseudoRapidity : transvers momentum = 0! return +/- 10e10
StJetMaker2012:INFO  - TVector3::PseudoRapidity : transvers momentum = 0! return +/- 10e10
StJetMaker2012:INFO  - TVector3::PseudoRapidity : transvers momentum = 0! return +/- 10e10
StJetMaker2012:INFO  - TVector3::PseudoRapidity : transvers momentum = 0! return +/- 10e10
StJetMaker2012:INFO  - TVector3::PseudoRapidity : transvers momentum = 0! return +/- 10e10
StJetMaker2012:INFO  - TVector3::PseudoRapidity : transvers momentum = 0! return +/- 10e10
StJetMaker2012:INFO  - TVector3::PseudoRapidity : transvers momentum = 0! return +/- 10e10
StJetMaker2012:INFO  - TVector3::PseudoRapidity : transvers momentum = 0! return +/- 10e10
StJetMaker2012:INFO  - TVector3::PseudoRapidity : transvers momentum = 0! return +/- 10e10
StJetMaker2012:INFO  - TVector3::PseudoRapidity : transvers momentum = 0! return +/- 10e10
StJetMaker2012:INFO  - TVector3::PseudoRapidity : transvers momentum = 0! return +/- 10e10
QA :INFO  - QAInfo: Done with Event [no. 122/run 0/evt. 122/Date.Time 20090628.53220/sta 0] Real Time =       0.03 seconds Cpu Time =        0.03 seconds
QA :INFO  - QAInfo: Cpu Times: user / system / user children / system children =     0.03 /     0.00 /     0.00 /     0.00 seconds (tick =   100.00, cps = 1000000)
QA :INFO  - QAInfo: Cpu Times: all threads =     0.024921420 seconds
StPythiaFourPMaker:INFO  - TVector3::PseudoRapidity : transvers momentum = 0! return +/- 10e10
StPythiaFourPMaker:INFO  - TVector3::PseudoRapidity : transvers momentum = 0! return +/- 10e10
StMCAsymMaker:WARN  - No StMcEvent
StMCAsymMaker:INFO  - *** StMCAsymMaker::Make() == StWarn(1) ***
StJetMaker2012:INFO  - TVector3::PseudoRapidity : transvers momentum = 0! return +/- 10e10
StJetMaker2012:INFO  - TVector3::PseudoRapidity : transvers momentum = 0! return +/- 10e10
StJetMaker2012:INFO  - TVector3::PseudoRapidity : transvers momentum = 0! return +/- 10e10
StJetMaker2012:INFO  - TVector3::PseudoRapidity : transvers momentum = 0! return +/- 10e10
StJetMaker2012:INFO  - TVector3::PseudoRapidity : transvers momentum = 0! return +/- 10e10
StJetMaker2012:INFO  - TVector3::PseudoRapidity : transvers momentum = 0! return +/- 10e10
StJetMaker2012:INFO  - TVector3::PseudoRapidity : transvers momentum = 0! return +/- 10e10
StJetMaker2012:INFO  - TVector3::PseudoRapidity : transvers momentum = 0! return +/- 10e10
StJetMaker2012:INFO  - TVector3::PseudoRapidity : transvers momentum = 0! return +/- 10e10
StJetMaker2012:INFO  - TVector3::PseudoRapidity : transvers momentum = 0! return +/- 10e10
StJetMaker2012:INFO  - TVector3::PseudoRapidity : transvers momentum = 0! return +/- 10e10
StJetMaker2012:INFO  - TVector3::PseudoRapidity : transvers momentum = 0! return +/- 10e10
StJetMaker2012:INFO  - TVector3::PseudoRapidity : transvers momentum = 0! return +/- 10e10
StJetMaker2012:INFO  - TVector3::PseudoRapidity : transvers momentum = 0! return +/- 10e10
StJetMaker2012:INFO  - TVector3::PseudoRapidity : transvers momentum = 0! return +/- 10e10
StJetMaker2012:INFO  - TVector3::PseudoRapidity : transvers momentum = 0! return +/- 10e10
StJetMaker2012:INFO  - TVector3::PseudoRapidity : transvers momentum = 0! return +/- 10e10
StJetMaker2012:INFO  - TVector3::PseudoRapidity : transvers momentum = 0! return +/- 10e10
StJetMaker2012:INFO  - TVector3::PseudoRapidity : transvers momentum = 0! return +/- 10e10
StJetMaker2012:INFO  - TVector3::PseudoRapidity : transvers momentum = 0! return +/- 10e10
QA :INFO  - QAInfo: Done with Event [no. 123/run 0/evt. 123/Date.Time 20090628.53220/sta 0] Real Time =       0.02 seconds Cpu Time =        0.01 seconds
QA :INFO  - QAInfo: Cpu Times: user / system / user children / system children =     0.01 /     0.00 /     0.00 /     0.00 seconds (tick =   100.00, cps = 1000000)
QA :INFO  - QAInfo: Cpu Times: all threads =     0.019192040 seconds
StPythiaFourPMaker:INFO  - TVector3::PseudoRapidity : transvers momentum = 0! return +/- 10e10
StPythiaFourPMaker:INFO  - TVector3::PseudoRapidity : transvers momentum = 0! return +/- 10e10
StMCAsymMaker:WARN  - No StMcEvent
StMCAsymMaker:INFO  - *** StMCAsymMaker::Make() == StWarn(1) ***
StJetMaker2012:INFO  - TVector3::PseudoRapidity : transvers momentum = 0! return +/- 10e10
StJetMaker2012:INFO  - TVector3::PseudoRapidity : transvers momentum = 0! return +/- 10e10
StJetMaker2012:INFO  - TVector3::PseudoRapidity : transvers momentum = 0! return +/- 10e10
StJetMaker2012:INFO  - TVector3::PseudoRapidity : transvers momentum = 0! return +/- 10e10
StJetMaker2012:INFO  - TVector3::PseudoRapidity : transvers momentum = 0! return +/- 10e10
StJetMaker2012:INFO  - TVector3::PseudoRapidity : transvers momentum = 0! return +/- 10e10
StJetMaker2012:INFO  - TVector3::PseudoRapidity : transvers momentum = 0! return +/- 10e10
StJetMaker2012:INFO  - TVector3::PseudoRapidity : transvers momentum = 0! return +/- 10e10
StJetMaker2012:INFO  - TVector3::PseudoRapidity : transvers momentum = 0! return +/- 10e10
StJetMaker2012:INFO  - TVector3::PseudoRapidity : transvers momentum = 0! return +/- 10e10
StJetMaker2012:INFO  - TVector3::PseudoRapidity : transvers momentum = 0! return +/- 10e10
StJetMaker2012:INFO  - TVector3::PseudoRapidity : transvers momentum = 0! return +/- 10e10
StJetMaker2012:INFO  - TVector3::PseudoRapidity : transvers momentum = 0! return +/- 10e10
StJetMaker2012:INFO  - TVector3::PseudoRapidity : transvers momentum = 0! return +/- 10e10
StJetMaker2012:INFO  - TVector3::PseudoRapidity : transvers momentum = 0! return +/- 10e10
StJetMaker2012:INFO  - TVector3::PseudoRapidity : transvers momentum = 0! return +/- 10e10
StJetMaker2012:INFO  - TVector3::PseudoRapidity : transvers momentum = 0! return +/- 10e10
StJetMaker2012:INFO  - TVector3::PseudoRapidity : transvers momentum = 0! return +/- 10e10
StJetMaker2012:INFO  - TVector3::PseudoRapidity : transvers momentum = 0! return +/- 10e10
StJetMaker2012:INFO  - TVector3::PseudoRapidity : transvers momentum = 0! return +/- 10e10
QA :INFO  - QAInfo: Done with Event [no. 124/run 0/evt. 124/Date.Time 20090628.53220/sta 0] Real Time =       0.02 seconds Cpu Time =        0.02 seconds
QA :INFO  - QAInfo: Cpu Times: user / system / user children / system children =     0.02 /     0.00 /     0.00 /     0.00 seconds (tick =   100.00, cps = 1000000)
QA :INFO  - QAInfo: Cpu Times: all threads =     0.018216070 seconds
StPythiaFourPMaker:INFO  - TVector3::PseudoRapidity : transvers momentum = 0! return +/- 10e10
StPythiaFourPMaker:INFO  - TVector3::PseudoRapidity : transvers momentum = 0! return +/- 10e10
StMCAsymMaker:WARN  - No StMcEvent
StMCAsymMaker:INFO  - *** StMCAsymMaker::Make() == StWarn(1) ***
StJetMaker2012:INFO  - TVector3::PseudoRapidity : transvers momentum = 0! return +/- 10e10
StJetMaker2012:INFO  - TVector3::PseudoRapidity : transvers momentum = 0! return +/- 10e10
StJetMaker2012:INFO  - TVector3::PseudoRapidity : transvers momentum = 0! return +/- 10e10
StJetMaker2012:INFO  - TVector3::PseudoRapidity : transvers momentum = 0! return +/- 10e10
StJetMaker2012:INFO  - TVector3::PseudoRapidity : transvers momentum = 0! return +/- 10e10
StJetMaker2012:INFO  - TVector3::PseudoRapidity : transvers momentum = 0! return +/- 10e10
StJetMaker2012:INFO  - TVector3::PseudoRapidity : transvers momentum = 0! return +/- 10e10
StJetMaker2012:INFO  - TVector3::PseudoRapidity : transvers momentum = 0! return +/- 10e10
StJetMaker2012:INFO  - TVector3::PseudoRapidity : transvers momentum = 0! return +/- 10e10
StJetMaker2012:INFO  - TVector3::PseudoRapidity : transvers momentum = 0! return +/- 10e10
StJetMaker2012:INFO  - TVector3::PseudoRapidity : transvers momentum = 0! return +/- 10e10
StJetMaker2012:INFO  - TVector3::PseudoRapidity : transvers momentum = 0! return +/- 10e10
StJetMaker2012:INFO  - TVector3::PseudoRapidity : transvers momentum = 0! return +/- 10e10
StJetMaker2012:INFO  - TVector3::PseudoRapidity : transvers momentum = 0! return +/- 10e10
StJetMaker2012:INFO  - TVector3::PseudoRapidity : transvers momentum = 0! return +/- 10e10
StJetMaker2012:INFO  - TVector3::PseudoRapidity : transvers momentum = 0! return +/- 10e10
StJetMaker2012:INFO  - TVector3::PseudoRapidity : transvers momentum = 0! return +/- 10e10
StJetMaker2012:INFO  - TVector3::PseudoRapidity : transvers momentum = 0! return +/- 10e10
StJetMaker2012:INFO  - TVector3::PseudoRapidity : transvers momentum = 0! return +/- 10e10
StJetMaker2012:INFO  - TVector3::PseudoRapidity : transvers momentum = 0! return +/- 10e10
QA :INFO  - QAInfo: Done with Event [no. 125/run 0/evt. 125/Date.Time 20090628.53220/sta 0] Real Time =       0.02 seconds Cpu Time =        0.02 seconds
QA :INFO  - QAInfo: Cpu Times: user / system / user children / system children =     0.02 /     0.00 /     0.00 /     0.00 seconds (tick =   100.00, cps = 1000000)
QA :INFO  - QAInfo: Cpu Times: all threads =     0.020211200 seconds
StPythiaFourPMaker:INFO  - TVector3::PseudoRapidity : transvers momentum = 0! return +/- 10e10
StPythiaFourPMaker:INFO  - TVector3::PseudoRapidity : transvers momentum = 0! return +/- 10e10
StMCAsymMaker:WARN  - No StMcEvent
StMCAsymMaker:INFO  - *** StMCAsymMaker::Make() == StWarn(1) ***
StJetMaker2012:INFO  - TVector3::PseudoRapidity : transvers momentum = 0! return +/- 10e10
StJetMaker2012:INFO  - TVector3::PseudoRapidity : transvers momentum = 0! return +/- 10e10
StJetMaker2012:INFO  - TVector3::PseudoRapidity : transvers momentum = 0! return +/- 10e10
StJetMaker2012:INFO  - TVector3::PseudoRapidity : transvers momentum = 0! return +/- 10e10
StJetMaker2012:INFO  - TVector3::PseudoRapidity : transvers momentum = 0! return +/- 10e10
StJetMaker2012:INFO  - TVector3::PseudoRapidity : transvers momentum = 0! return +/- 10e10
StJetMaker2012:INFO  - TVector3::PseudoRapidity : transvers momentum = 0! return +/- 10e10
StJetMaker2012:INFO  - TVector3::PseudoRapidity : transvers momentum = 0! return +/- 10e10
StJetMaker2012:INFO  - TVector3::PseudoRapidity : transvers momentum = 0! return +/- 10e10
StJetMaker2012:INFO  - TVector3::PseudoRapidity : transvers momentum = 0! return +/- 10e10
StJetMaker2012:INFO  - TVector3::PseudoRapidity : transvers momentum = 0! return +/- 10e10
StJetMaker2012:INFO  - TVector3::PseudoRapidity : transvers momentum = 0! return +/- 10e10
StJetMaker2012:INFO  - TVector3::PseudoRapidity : transvers momentum = 0! return +/- 10e10
StJetMaker2012:INFO  - TVector3::PseudoRapidity : transvers momentum = 0! return +/- 10e10
StJetMaker2012:INFO  - TVector3::PseudoRapidity : transvers momentum = 0! return +/- 10e10
StJetMaker2012:INFO  - TVector3::PseudoRapidity : transvers momentum = 0! return +/- 10e10
StJetMaker2012:INFO  - TVector3::PseudoRapidity : transvers momentum = 0! return +/- 10e10
StJetMaker2012:INFO  - TVector3::PseudoRapidity : transvers momentum = 0! return +/- 10e10
StJetMaker2012:INFO  - TVector3::PseudoRapidity : transvers momentum = 0! return +/- 10e10
StJetMaker2012:INFO  - TVector3::PseudoRapidity : transvers momentum = 0! return +/- 10e10
QA :INFO  - QAInfo: Done with Event [no. 126/run 0/evt. 126/Date.Time 20090628.53220/sta 0] Real Time =       0.02 seconds Cpu Time =        0.02 seconds
QA :INFO  - QAInfo: Cpu Times: user / system / user children / system children =     0.02 /     0.00 /     0.00 /     0.00 seconds (tick =   100.00, cps = 1000000)
QA :INFO  - QAInfo: Cpu Times: all threads =     0.022579400 seconds
StPythiaFourPMaker:INFO  - TVector3::PseudoRapidity : transvers momentum = 0! return +/- 10e10
StPythiaFourPMaker:INFO  - TVector3::PseudoRapidity : transvers momentum = 0! return +/- 10e10
StMCAsymMaker:WARN  - No StMcEvent
StMCAsymMaker:INFO  - *** StMCAsymMaker::Make() == StWarn(1) ***
StJetMaker2012:INFO  - TVector3::PseudoRapidity : transvers momentum = 0! return +/- 10e10
StJetMaker2012:INFO  - TVector3::PseudoRapidity : transvers momentum = 0! return +/- 10e10
StJetMaker2012:INFO  - TVector3::PseudoRapidity : transvers momentum = 0! return +/- 10e10
StJetMaker2012:INFO  - TVector3::PseudoRapidity : transvers momentum = 0! return +/- 10e10
StJetMaker2012:INFO  - TVector3::PseudoRapidity : transvers momentum = 0! return +/- 10e10
StJetMaker2012:INFO  - TVector3::PseudoRapidity : transvers momentum = 0! return +/- 10e10
StJetMaker2012:INFO  - TVector3::PseudoRapidity : transvers momentum = 0! return +/- 10e10
StJetMaker2012:INFO  - TVector3::PseudoRapidity : transvers momentum = 0! return +/- 10e10
StJetMaker2012:INFO  - TVector3::PseudoRapidity : transvers momentum = 0! return +/- 10e10
StJetMaker2012:INFO  - TVector3::PseudoRapidity : transvers momentum = 0! return +/- 10e10
StJetMaker2012:INFO  - TVector3::PseudoRapidity : transvers momentum = 0! return +/- 10e10
StJetMaker2012:INFO  - TVector3::PseudoRapidity : transvers momentum = 0! return +/- 10e10
StJetMaker2012:INFO  - TVector3::PseudoRapidity : transvers momentum = 0! return +/- 10e10
StJetMaker2012:INFO  - TVector3::PseudoRapidity : transvers momentum = 0! return +/- 10e10
StJetMaker2012:INFO  - TVector3::PseudoRapidity : transvers momentum = 0! return +/- 10e10
StJetMaker2012:INFO  - TVector3::PseudoRapidity : transvers momentum = 0! return +/- 10e10
StJetMaker2012:INFO  - TVector3::PseudoRapidity : transvers momentum = 0! return +/- 10e10
StJetMaker2012:INFO  - TVector3::PseudoRapidity : transvers momentum = 0! return +/- 10e10
StJetMaker2012:INFO  - TVector3::PseudoRapidity : transvers momentum = 0! return +/- 10e10
StJetMaker2012:INFO  - TVector3::PseudoRapidity : transvers momentum = 0! return +/- 10e10
QA :INFO  - QAInfo: Done with Event [no. 127/run 0/evt. 127/Date.Time 20090628.53220/sta 0] Real Time =       0.03 seconds Cpu Time =        0.03 seconds
QA :INFO  - QAInfo: Cpu Times: user / system / user children / system children =     0.03 /     0.00 /     0.00 /     0.00 seconds (tick =   100.00, cps = 1000000)
QA :INFO  - QAInfo: Cpu Times: all threads =     0.025569420 seconds
StPythiaFourPMaker:INFO  - TVector3::PseudoRapidity : transvers momentum = 0! return +/- 10e10
StPythiaFourPMaker:INFO  - TVector3::PseudoRapidity : transvers momentum = 0! return +/- 10e10
StMCAsymMaker:WARN  - No StMcEvent
StMCAsymMaker:INFO  - *** StMCAsymMaker::Make() == StWarn(1) ***
StJetMaker2012:INFO  - TVector3::PseudoRapidity : transvers momentum = 0! return +/- 10e10
StJetMaker2012:INFO  - TVector3::PseudoRapidity : transvers momentum = 0! return +/- 10e10
StJetMaker2012:INFO  - TVector3::PseudoRapidity : transvers momentum = 0! return +/- 10e10
StJetMaker2012:INFO  - TVector3::PseudoRapidity : transvers momentum = 0! return +/- 10e10
StJetMaker2012:INFO  - TVector3::PseudoRapidity : transvers momentum = 0! return +/- 10e10
StJetMaker2012:INFO  - TVector3::PseudoRapidity : transvers momentum = 0! return +/- 10e10
StJetMaker2012:INFO  - TVector3::PseudoRapidity : transvers momentum = 0! return +/- 10e10
StJetMaker2012:INFO  - TVector3::PseudoRapidity : transvers momentum = 0! return +/- 10e10
StJetMaker2012:INFO  - TVector3::PseudoRapidity : transvers momentum = 0! return +/- 10e10
StJetMaker2012:INFO  - TVector3::PseudoRapidity : transvers momentum = 0! return +/- 10e10
StJetMaker2012:INFO  - TVector3::PseudoRapidity : transvers momentum = 0! return +/- 10e10
StJetMaker2012:INFO  - TVector3::PseudoRapidity : transvers momentum = 0! return +/- 10e10
StJetMaker2012:INFO  - TVector3::PseudoRapidity : transvers momentum = 0! return +/- 10e10
StJetMaker2012:INFO  - TVector3::PseudoRapidity : transvers momentum = 0! return +/- 10e10
StJetMaker2012:INFO  - TVector3::PseudoRapidity : transvers momentum = 0! return +/- 10e10
StJetMaker2012:INFO  - TVector3::PseudoRapidity : transvers momentum = 0! return +/- 10e10
StJetMaker2012:INFO  - TVector3::PseudoRapidity : transvers momentum = 0! return +/- 10e10
StJetMaker2012:INFO  - TVector3::PseudoRapidity : transvers momentum = 0! return +/- 10e10
StJetMaker2012:INFO  - TVector3::PseudoRapidity : transvers momentum = 0! return +/- 10e10
StJetMaker2012:INFO  - TVector3::PseudoRapidity : transvers momentum = 0! return +/- 10e10
QA :INFO  - QAInfo: Done with Event [no. 128/run 0/evt. 128/Date.Time 20090628.53220/sta 0] Real Time =       0.02 seconds Cpu Time =        0.02 seconds
QA :INFO  - QAInfo: Cpu Times: user / system / user children / system children =     0.02 /     0.00 /     0.00 /     0.00 seconds (tick =   100.00, cps = 1000000)
QA :INFO  - QAInfo: Cpu Times: all threads =     0.022689320 seconds
StPythiaFourPMaker:INFO  - TVector3::PseudoRapidity : transvers momentum = 0! return +/- 10e10
StPythiaFourPMaker:INFO  - TVector3::PseudoRapidity : transvers momentum = 0! return +/- 10e10
StMCAsymMaker:WARN  - No StMcEvent
StMCAsymMaker:INFO  - *** StMCAsymMaker::Make() == StWarn(1) ***
StJetMaker2012:INFO  - TVector3::PseudoRapidity : transvers momentum = 0! return +/- 10e10
StJetMaker2012:INFO  - TVector3::PseudoRapidity : transvers momentum = 0! return +/- 10e10
StJetMaker2012:INFO  - TVector3::PseudoRapidity : transvers momentum = 0! return +/- 10e10
StJetMaker2012:INFO  - TVector3::PseudoRapidity : transvers momentum = 0! return +/- 10e10
StJetMaker2012:INFO  - TVector3::PseudoRapidity : transvers momentum = 0! return +/- 10e10
StJetMaker2012:INFO  - TVector3::PseudoRapidity : transvers momentum = 0! return +/- 10e10
StJetMaker2012:INFO  - TVector3::PseudoRapidity : transvers momentum = 0! return +/- 10e10
StJetMaker2012:INFO  - TVector3::PseudoRapidity : transvers momentum = 0! return +/- 10e10
StJetMaker2012:INFO  - TVector3::PseudoRapidity : transvers momentum = 0! return +/- 10e10
StJetMaker2012:INFO  - TVector3::PseudoRapidity : transvers momentum = 0! return +/- 10e10
StJetMaker2012:INFO  - TVector3::PseudoRapidity : transvers momentum = 0! return +/- 10e10
StJetMaker2012:INFO  - TVector3::PseudoRapidity : transvers momentum = 0! return +/- 10e10
StJetMaker2012:INFO  - TVector3::PseudoRapidity : transvers momentum = 0! return +/- 10e10
StJetMaker2012:INFO  - TVector3::PseudoRapidity : transvers momentum = 0! return +/- 10e10
StJetMaker2012:INFO  - TVector3::PseudoRapidity : transvers momentum = 0! return +/- 10e10
StJetMaker2012:INFO  - TVector3::PseudoRapidity : transvers momentum = 0! return +/- 10e10
StJetMaker2012:INFO  - TVector3::PseudoRapidity : transvers momentum = 0! return +/- 10e10
StJetMaker2012:INFO  - TVector3::PseudoRapidity : transvers momentum = 0! return +/- 10e10
StJetMaker2012:INFO  - TVector3::PseudoRapidity : transvers momentum = 0! return +/- 10e10
StJetMaker2012:INFO  - TVector3::PseudoRapidity : transvers momentum = 0! return +/- 10e10
QA :INFO  - QAInfo: Done with Event [no. 129/run 0/evt. 129/Date.Time 20090628.53220/sta 0] Real Time =       0.02 seconds Cpu Time =        0.02 seconds
QA :INFO  - QAInfo: Cpu Times: user / system / user children / system children =     0.02 /     0.00 /     0.00 /     0.00 seconds (tick =   100.00, cps = 1000000)
QA :INFO  - QAInfo: Cpu Times: all threads =     0.019750310 seconds
StPythiaFourPMaker:INFO  - TVector3::PseudoRapidity : transvers momentum = 0! return +/- 10e10
StPythiaFourPMaker:INFO  - TVector3::PseudoRapidity : transvers momentum = 0! return +/- 10e10
StMCAsymMaker:WARN  - No StMcEvent
StMCAsymMaker:INFO  - *** StMCAsymMaker::Make() == StWarn(1) ***
StJetMaker2012:INFO  - TVector3::PseudoRapidity : transvers momentum = 0! return +/- 10e10
StJetMaker2012:INFO  - TVector3::PseudoRapidity : transvers momentum = 0! return +/- 10e10
StJetMaker2012:INFO  - TVector3::PseudoRapidity : transvers momentum = 0! return +/- 10e10
StJetMaker2012:INFO  - TVector3::PseudoRapidity : transvers momentum = 0! return +/- 10e10
StJetMaker2012:INFO  - TVector3::PseudoRapidity : transvers momentum = 0! return +/- 10e10
StJetMaker2012:INFO  - TVector3::PseudoRapidity : transvers momentum = 0! return +/- 10e10
StJetMaker2012:INFO  - TVector3::PseudoRapidity : transvers momentum = 0! return +/- 10e10
StJetMaker2012:INFO  - TVector3::PseudoRapidity : transvers momentum = 0! return +/- 10e10
StJetMaker2012:INFO  - TVector3::PseudoRapidity : transvers momentum = 0! return +/- 10e10
StJetMaker2012:INFO  - TVector3::PseudoRapidity : transvers momentum = 0! return +/- 10e10
StJetMaker2012:INFO  - TVector3::PseudoRapidity : transvers momentum = 0! return +/- 10e10
StJetMaker2012:INFO  - TVector3::PseudoRapidity : transvers momentum = 0! return +/- 10e10
StJetMaker2012:INFO  - TVector3::PseudoRapidity : transvers momentum = 0! return +/- 10e10
StJetMaker2012:INFO  - TVector3::PseudoRapidity : transvers momentum = 0! return +/- 10e10
StJetMaker2012:INFO  - TVector3::PseudoRapidity : transvers momentum = 0! return +/- 10e10
StJetMaker2012:INFO  - TVector3::PseudoRapidity : transvers momentum = 0! return +/- 10e10
StJetMaker2012:INFO  - TVector3::PseudoRapidity : transvers momentum = 0! return +/- 10e10
StJetMaker2012:INFO  - TVector3::PseudoRapidity : transvers momentum = 0! return +/- 10e10
StJetMaker2012:INFO  - TVector3::PseudoRapidity : transvers momentum = 0! return +/- 10e10
StJetMaker2012:INFO  - TVector3::PseudoRapidity : transvers momentum = 0! return +/- 10e10
QA :INFO  - QAInfo: Done with Event [no. 130/run 0/evt. 130/Date.Time 20090628.53220/sta 0] Real Time =       0.02 seconds Cpu Time =        0.02 seconds
QA :INFO  - QAInfo: Cpu Times: user / system / user children / system children =     0.02 /     0.00 /     0.00 /     0.00 seconds (tick =   100.00, cps = 1000000)
QA :INFO  - QAInfo: Cpu Times: all threads =     0.023904860 seconds
StPythiaFourPMaker:INFO  - TVector3::PseudoRapidity : transvers momentum = 0! return +/- 10e10
StPythiaFourPMaker:INFO  - TVector3::PseudoRapidity : transvers momentum = 0! return +/- 10e10
StMCAsymMaker:WARN  - No StMcEvent
StMCAsymMaker:INFO  - *** StMCAsymMaker::Make() == StWarn(1) ***
StJetMaker2012:INFO  - TVector3::PseudoRapidity : transvers momentum = 0! return +/- 10e10
StJetMaker2012:INFO  - TVector3::PseudoRapidity : transvers momentum = 0! return +/- 10e10
StJetMaker2012:INFO  - TVector3::PseudoRapidity : transvers momentum = 0! return +/- 10e10
StJetMaker2012:INFO  - TVector3::PseudoRapidity : transvers momentum = 0! return +/- 10e10
StJetMaker2012:INFO  - TVector3::PseudoRapidity : transvers momentum = 0! return +/- 10e10
StJetMaker2012:INFO  - TVector3::PseudoRapidity : transvers momentum = 0! return +/- 10e10
StJetMaker2012:INFO  - TVector3::PseudoRapidity : transvers momentum = 0! return +/- 10e10
StJetMaker2012:INFO  - TVector3::PseudoRapidity : transvers momentum = 0! return +/- 10e10
StJetMaker2012:INFO  - TVector3::PseudoRapidity : transvers momentum = 0! return +/- 10e10
StJetMaker2012:INFO  - TVector3::PseudoRapidity : transvers momentum = 0! return +/- 10e10
StJetMaker2012:INFO  - TVector3::PseudoRapidity : transvers momentum = 0! return +/- 10e10
StJetMaker2012:INFO  - TVector3::PseudoRapidity : transvers momentum = 0! return +/- 10e10
StJetMaker2012:INFO  - TVector3::PseudoRapidity : transvers momentum = 0! return +/- 10e10
StJetMaker2012:INFO  - TVector3::PseudoRapidity : transvers momentum = 0! return +/- 10e10
StJetMaker2012:INFO  - TVector3::PseudoRapidity : transvers momentum = 0! return +/- 10e10
StJetMaker2012:INFO  - TVector3::PseudoRapidity : transvers momentum = 0! return +/- 10e10
StJetMaker2012:INFO  - TVector3::PseudoRapidity : transvers momentum = 0! return +/- 10e10
StJetMaker2012:INFO  - TVector3::PseudoRapidity : transvers momentum = 0! return +/- 10e10
StJetMaker2012:INFO  - TVector3::PseudoRapidity : transvers momentum = 0! return +/- 10e10
StJetMaker2012:INFO  - TVector3::PseudoRapidity : transvers momentum = 0! return +/- 10e10
QA :INFO  - QAInfo: Done with Event [no. 131/run 0/evt. 131/Date.Time 20090628.53220/sta 0] Real Time =       0.02 seconds Cpu Time =        0.02 seconds
QA :INFO  - QAInfo: Cpu Times: user / system / user children / system children =     0.02 /     0.00 /     0.00 /     0.00 seconds (tick =   100.00, cps = 1000000)
QA :INFO  - QAInfo: Cpu Times: all threads =     0.020095920 seconds
StPythiaFourPMaker:INFO  - TVector3::PseudoRapidity : transvers momentum = 0! return +/- 10e10
StPythiaFourPMaker:INFO  - TVector3::PseudoRapidity : transvers momentum = 0! return +/- 10e10
StMCAsymMaker:WARN  - No StMcEvent
StMCAsymMaker:INFO  - *** StMCAsymMaker::Make() == StWarn(1) ***
StJetMaker2012:INFO  - TVector3::PseudoRapidity : transvers momentum = 0! return +/- 10e10
StJetMaker2012:INFO  - TVector3::PseudoRapidity : transvers momentum = 0! return +/- 10e10
StJetMaker2012:INFO  - TVector3::PseudoRapidity : transvers momentum = 0! return +/- 10e10
StJetMaker2012:INFO  - TVector3::PseudoRapidity : transvers momentum = 0! return +/- 10e10
StJetMaker2012:INFO  - TVector3::PseudoRapidity : transvers momentum = 0! return +/- 10e10
StJetMaker2012:INFO  - TVector3::PseudoRapidity : transvers momentum = 0! return +/- 10e10
StJetMaker2012:INFO  - TVector3::PseudoRapidity : transvers momentum = 0! return +/- 10e10
StJetMaker2012:INFO  - TVector3::PseudoRapidity : transvers momentum = 0! return +/- 10e10
StJetMaker2012:INFO  - TVector3::PseudoRapidity : transvers momentum = 0! return +/- 10e10
StJetMaker2012:INFO  - TVector3::PseudoRapidity : transvers momentum = 0! return +/- 10e10
StJetMaker2012:INFO  - TVector3::PseudoRapidity : transvers momentum = 0! return +/- 10e10
StJetMaker2012:INFO  - TVector3::PseudoRapidity : transvers momentum = 0! return +/- 10e10
StJetMaker2012:INFO  - TVector3::PseudoRapidity : transvers momentum = 0! return +/- 10e10
StJetMaker2012:INFO  - TVector3::PseudoRapidity : transvers momentum = 0! return +/- 10e10
StJetMaker2012:INFO  - TVector3::PseudoRapidity : transvers momentum = 0! return +/- 10e10
StJetMaker2012:INFO  - TVector3::PseudoRapidity : transvers momentum = 0! return +/- 10e10
StJetMaker2012:INFO  - TVector3::PseudoRapidity : transvers momentum = 0! return +/- 10e10
StJetMaker2012:INFO  - TVector3::PseudoRapidity : transvers momentum = 0! return +/- 10e10
StJetMaker2012:INFO  - TVector3::PseudoRapidity : transvers momentum = 0! return +/- 10e10
StJetMaker2012:INFO  - TVector3::PseudoRapidity : transvers momentum = 0! return +/- 10e10
QA :INFO  - QAInfo: Done with Event [no. 132/run 0/evt. 132/Date.Time 20090628.53220/sta 0] Real Time =       0.02 seconds Cpu Time =        0.02 seconds
QA :INFO  - QAInfo: Cpu Times: user / system / user children / system children =     0.02 /     0.00 /     0.00 /     0.00 seconds (tick =   100.00, cps = 1000000)
QA :INFO  - QAInfo: Cpu Times: all threads =     0.016830800 seconds
StPythiaFourPMaker:INFO  - TVector3::PseudoRapidity : transvers momentum = 0! return +/- 10e10
StPythiaFourPMaker:INFO  - TVector3::PseudoRapidity : transvers momentum = 0! return +/- 10e10
StMCAsymMaker:WARN  - No StMcEvent
StMCAsymMaker:INFO  - *** StMCAsymMaker::Make() == StWarn(1) ***
StJetMaker2012:INFO  - TVector3::PseudoRapidity : transvers momentum = 0! return +/- 10e10
StJetMaker2012:INFO  - TVector3::PseudoRapidity : transvers momentum = 0! return +/- 10e10
StJetMaker2012:INFO  - TVector3::PseudoRapidity : transvers momentum = 0! return +/- 10e10
StJetMaker2012:INFO  - TVector3::PseudoRapidity : transvers momentum = 0! return +/- 10e10
StJetMaker2012:INFO  - TVector3::PseudoRapidity : transvers momentum = 0! return +/- 10e10
StJetMaker2012:INFO  - TVector3::PseudoRapidity : transvers momentum = 0! return +/- 10e10
StJetMaker2012:INFO  - TVector3::PseudoRapidity : transvers momentum = 0! return +/- 10e10
StJetMaker2012:INFO  - TVector3::PseudoRapidity : transvers momentum = 0! return +/- 10e10
StJetMaker2012:INFO  - TVector3::PseudoRapidity : transvers momentum = 0! return +/- 10e10
StJetMaker2012:INFO  - TVector3::PseudoRapidity : transvers momentum = 0! return +/- 10e10
StJetMaker2012:INFO  - TVector3::PseudoRapidity : transvers momentum = 0! return +/- 10e10
StJetMaker2012:INFO  - TVector3::PseudoRapidity : transvers momentum = 0! return +/- 10e10
StJetMaker2012:INFO  - TVector3::PseudoRapidity : transvers momentum = 0! return +/- 10e10
StJetMaker2012:INFO  - TVector3::PseudoRapidity : transvers momentum = 0! return +/- 10e10
StJetMaker2012:INFO  - TVector3::PseudoRapidity : transvers momentum = 0! return +/- 10e10
StJetMaker2012:INFO  - TVector3::PseudoRapidity : transvers momentum = 0! return +/- 10e10
StJetMaker2012:INFO  - TVector3::PseudoRapidity : transvers momentum = 0! return +/- 10e10
StJetMaker2012:INFO  - TVector3::PseudoRapidity : transvers momentum = 0! return +/- 10e10
StJetMaker2012:INFO  - TVector3::PseudoRapidity : transvers momentum = 0! return +/- 10e10
StJetMaker2012:INFO  - TVector3::PseudoRapidity : transvers momentum = 0! return +/- 10e10
QA :INFO  - QAInfo: Done with Event [no. 133/run 0/evt. 133/Date.Time 20090628.53220/sta 0] Real Time =       0.03 seconds Cpu Time =        0.03 seconds
QA :INFO  - QAInfo: Cpu Times: user / system / user children / system children =     0.03 /     0.00 /     0.00 /     0.00 seconds (tick =   100.00, cps = 1000000)
QA :INFO  - QAInfo: Cpu Times: all threads =     0.026432970 seconds
StPythiaFourPMaker:INFO  - TVector3::PseudoRapidity : transvers momentum = 0! return +/- 10e10
StPythiaFourPMaker:INFO  - TVector3::PseudoRapidity : transvers momentum = 0! return +/- 10e10
StMCAsymMaker:WARN  - No StMcEvent
StMCAsymMaker:INFO  - *** StMCAsymMaker::Make() == StWarn(1) ***
StJetMaker2012:INFO  - TVector3::PseudoRapidity : transvers momentum = 0! return +/- 10e10
StJetMaker2012:INFO  - TVector3::PseudoRapidity : transvers momentum = 0! return +/- 10e10
StJetMaker2012:INFO  - TVector3::PseudoRapidity : transvers momentum = 0! return +/- 10e10
StJetMaker2012:INFO  - TVector3::PseudoRapidity : transvers momentum = 0! return +/- 10e10
StJetMaker2012:INFO  - TVector3::PseudoRapidity : transvers momentum = 0! return +/- 10e10
StJetMaker2012:INFO  - TVector3::PseudoRapidity : transvers momentum = 0! return +/- 10e10
StJetMaker2012:INFO  - TVector3::PseudoRapidity : transvers momentum = 0! return +/- 10e10
StJetMaker2012:INFO  - TVector3::PseudoRapidity : transvers momentum = 0! return +/- 10e10
StJetMaker2012:INFO  - TVector3::PseudoRapidity : transvers momentum = 0! return +/- 10e10
StJetMaker2012:INFO  - TVector3::PseudoRapidity : transvers momentum = 0! return +/- 10e10
StJetMaker2012:INFO  - TVector3::PseudoRapidity : transvers momentum = 0! return +/- 10e10
StJetMaker2012:INFO  - TVector3::PseudoRapidity : transvers momentum = 0! return +/- 10e10
StJetMaker2012:INFO  - TVector3::PseudoRapidity : transvers momentum = 0! return +/- 10e10
StJetMaker2012:INFO  - TVector3::PseudoRapidity : transvers momentum = 0! return +/- 10e10
StJetMaker2012:INFO  - TVector3::PseudoRapidity : transvers momentum = 0! return +/- 10e10
StJetMaker2012:INFO  - TVector3::PseudoRapidity : transvers momentum = 0! return +/- 10e10
StJetMaker2012:INFO  - TVector3::PseudoRapidity : transvers momentum = 0! return +/- 10e10
StJetMaker2012:INFO  - TVector3::PseudoRapidity : transvers momentum = 0! return +/- 10e10
StJetMaker2012:INFO  - TVector3::PseudoRapidity : transvers momentum = 0! return +/- 10e10
StJetMaker2012:INFO  - TVector3::PseudoRapidity : transvers momentum = 0! return +/- 10e10
QA :INFO  - QAInfo: Done with Event [no. 134/run 0/evt. 134/Date.Time 20090628.53220/sta 0] Real Time =       0.03 seconds Cpu Time =        0.02 seconds
QA :INFO  - QAInfo: Cpu Times: user / system / user children / system children =     0.02 /     0.00 /     0.00 /     0.00 seconds (tick =   100.00, cps = 1000000)
QA :INFO  - QAInfo: Cpu Times: all threads =     0.025255650 seconds
StPythiaFourPMaker:INFO  - TVector3::PseudoRapidity : transvers momentum = 0! return +/- 10e10
StPythiaFourPMaker:INFO  - TVector3::PseudoRapidity : transvers momentum = 0! return +/- 10e10
StMCAsymMaker:WARN  - No StMcEvent
StMCAsymMaker:INFO  - *** StMCAsymMaker::Make() == StWarn(1) ***
StJetMaker2012:INFO  - TVector3::PseudoRapidity : transvers momentum = 0! return +/- 10e10
StJetMaker2012:INFO  - TVector3::PseudoRapidity : transvers momentum = 0! return +/- 10e10
StJetMaker2012:INFO  - TVector3::PseudoRapidity : transvers momentum = 0! return +/- 10e10
StJetMaker2012:INFO  - TVector3::PseudoRapidity : transvers momentum = 0! return +/- 10e10
StJetMaker2012:INFO  - TVector3::PseudoRapidity : transvers momentum = 0! return +/- 10e10
StJetMaker2012:INFO  - TVector3::PseudoRapidity : transvers momentum = 0! return +/- 10e10
StJetMaker2012:INFO  - TVector3::PseudoRapidity : transvers momentum = 0! return +/- 10e10
StJetMaker2012:INFO  - TVector3::PseudoRapidity : transvers momentum = 0! return +/- 10e10
StJetMaker2012:INFO  - TVector3::PseudoRapidity : transvers momentum = 0! return +/- 10e10
StJetMaker2012:INFO  - TVector3::PseudoRapidity : transvers momentum = 0! return +/- 10e10
StJetMaker2012:INFO  - TVector3::PseudoRapidity : transvers momentum = 0! return +/- 10e10
StJetMaker2012:INFO  - TVector3::PseudoRapidity : transvers momentum = 0! return +/- 10e10
StJetMaker2012:INFO  - TVector3::PseudoRapidity : transvers momentum = 0! return +/- 10e10
StJetMaker2012:INFO  - TVector3::PseudoRapidity : transvers momentum = 0! return +/- 10e10
StJetMaker2012:INFO  - TVector3::PseudoRapidity : transvers momentum = 0! return +/- 10e10
StJetMaker2012:INFO  - TVector3::PseudoRapidity : transvers momentum = 0! return +/- 10e10
StJetMaker2012:INFO  - TVector3::PseudoRapidity : transvers momentum = 0! return +/- 10e10
StJetMaker2012:INFO  - TVector3::PseudoRapidity : transvers momentum = 0! return +/- 10e10
StJetMaker2012:INFO  - TVector3::PseudoRapidity : transvers momentum = 0! return +/- 10e10
StJetMaker2012:INFO  - TVector3::PseudoRapidity : transvers momentum = 0! return +/- 10e10
QA :INFO  - QAInfo: Done with Event [no. 135/run 0/evt. 135/Date.Time 20090628.53220/sta 0] Real Time =       0.02 seconds Cpu Time =        0.03 seconds
QA :INFO  - QAInfo: Cpu Times: user / system / user children / system children =     0.03 /     0.00 /     0.00 /     0.00 seconds (tick =   100.00, cps = 1000000)
QA :INFO  - QAInfo: Cpu Times: all threads =     0.024388420 seconds
StPythiaFourPMaker:INFO  - TVector3::PseudoRapidity : transvers momentum = 0! return +/- 10e10
StPythiaFourPMaker:INFO  - TVector3::PseudoRapidity : transvers momentum = 0! return +/- 10e10
StMCAsymMaker:WARN  - No StMcEvent
StMCAsymMaker:INFO  - *** StMCAsymMaker::Make() == StWarn(1) ***
StJetMaker2012:INFO  - TVector3::PseudoRapidity : transvers momentum = 0! return +/- 10e10
StJetMaker2012:INFO  - TVector3::PseudoRapidity : transvers momentum = 0! return +/- 10e10
StJetMaker2012:INFO  - TVector3::PseudoRapidity : transvers momentum = 0! return +/- 10e10
StJetMaker2012:INFO  - TVector3::PseudoRapidity : transvers momentum = 0! return +/- 10e10
StJetMaker2012:INFO  - TVector3::PseudoRapidity : transvers momentum = 0! return +/- 10e10
StJetMaker2012:INFO  - TVector3::PseudoRapidity : transvers momentum = 0! return +/- 10e10
StJetMaker2012:INFO  - TVector3::PseudoRapidity : transvers momentum = 0! return +/- 10e10
StJetMaker2012:INFO  - TVector3::PseudoRapidity : transvers momentum = 0! return +/- 10e10
StJetMaker2012:INFO  - TVector3::PseudoRapidity : transvers momentum = 0! return +/- 10e10
StJetMaker2012:INFO  - TVector3::PseudoRapidity : transvers momentum = 0! return +/- 10e10
StJetMaker2012:INFO  - TVector3::PseudoRapidity : transvers momentum = 0! return +/- 10e10
StJetMaker2012:INFO  - TVector3::PseudoRapidity : transvers momentum = 0! return +/- 10e10
StJetMaker2012:INFO  - TVector3::PseudoRapidity : transvers momentum = 0! return +/- 10e10
StJetMaker2012:INFO  - TVector3::PseudoRapidity : transvers momentum = 0! return +/- 10e10
StJetMaker2012:INFO  - TVector3::PseudoRapidity : transvers momentum = 0! return +/- 10e10
StJetMaker2012:INFO  - TVector3::PseudoRapidity : transvers momentum = 0! return +/- 10e10
StJetMaker2012:INFO  - TVector3::PseudoRapidity : transvers momentum = 0! return +/- 10e10
StJetMaker2012:INFO  - TVector3::PseudoRapidity : transvers momentum = 0! return +/- 10e10
StJetMaker2012:INFO  - TVector3::PseudoRapidity : transvers momentum = 0! return +/- 10e10
StJetMaker2012:INFO  - TVector3::PseudoRapidity : transvers momentum = 0! return +/- 10e10
QA :INFO  - QAInfo: Done with Event [no. 136/run 0/evt. 136/Date.Time 20090628.53220/sta 0] Real Time =       0.02 seconds Cpu Time =        0.02 seconds
QA :INFO  - QAInfo: Cpu Times: user / system / user children / system children =     0.01 /     0.01 /     0.00 /     0.00 seconds (tick =   100.00, cps = 1000000)
QA :INFO  - QAInfo: Cpu Times: all threads =     0.016915630 seconds
StPythiaFourPMaker:INFO  - TVector3::PseudoRapidity : transvers momentum = 0! return +/- 10e10
StPythiaFourPMaker:INFO  - TVector3::PseudoRapidity : transvers momentum = 0! return +/- 10e10
StMCAsymMaker:WARN  - No StMcEvent
StMCAsymMaker:INFO  - *** StMCAsymMaker::Make() == StWarn(1) ***
StJetMaker2012:INFO  - TVector3::PseudoRapidity : transvers momentum = 0! return +/- 10e10
StJetMaker2012:INFO  - TVector3::PseudoRapidity : transvers momentum = 0! return +/- 10e10
StJetMaker2012:INFO  - TVector3::PseudoRapidity : transvers momentum = 0! return +/- 10e10
StJetMaker2012:INFO  - TVector3::PseudoRapidity : transvers momentum = 0! return +/- 10e10
StJetMaker2012:INFO  - TVector3::PseudoRapidity : transvers momentum = 0! return +/- 10e10
StJetMaker2012:INFO  - TVector3::PseudoRapidity : transvers momentum = 0! return +/- 10e10
StJetMaker2012:INFO  - TVector3::PseudoRapidity : transvers momentum = 0! return +/- 10e10
StJetMaker2012:INFO  - TVector3::PseudoRapidity : transvers momentum = 0! return +/- 10e10
StJetMaker2012:INFO  - TVector3::PseudoRapidity : transvers momentum = 0! return +/- 10e10
StJetMaker2012:INFO  - TVector3::PseudoRapidity : transvers momentum = 0! return +/- 10e10
StJetMaker2012:INFO  - TVector3::PseudoRapidity : transvers momentum = 0! return +/- 10e10
StJetMaker2012:INFO  - TVector3::PseudoRapidity : transvers momentum = 0! return +/- 10e10
StJetMaker2012:INFO  - TVector3::PseudoRapidity : transvers momentum = 0! return +/- 10e10
StJetMaker2012:INFO  - TVector3::PseudoRapidity : transvers momentum = 0! return +/- 10e10
StJetMaker2012:INFO  - TVector3::PseudoRapidity : transvers momentum = 0! return +/- 10e10
StJetMaker2012:INFO  - TVector3::PseudoRapidity : transvers momentum = 0! return +/- 10e10
StJetMaker2012:INFO  - TVector3::PseudoRapidity : transvers momentum = 0! return +/- 10e10
StJetMaker2012:INFO  - TVector3::PseudoRapidity : transvers momentum = 0! return +/- 10e10
StJetMaker2012:INFO  - TVector3::PseudoRapidity : transvers momentum = 0! return +/- 10e10
StJetMaker2012:INFO  - TVector3::PseudoRapidity : transvers momentum = 0! return +/- 10e10
QA :INFO  - QAInfo: Done with Event [no. 137/run 0/evt. 137/Date.Time 20090628.53220/sta 0] Real Time =       0.02 seconds Cpu Time =        0.03 seconds
QA :INFO  - QAInfo: Cpu Times: user / system / user children / system children =     0.03 /     0.00 /     0.00 /     0.00 seconds (tick =   100.00, cps = 1000000)
QA :INFO  - QAInfo: Cpu Times: all threads =     0.022331810 seconds
StPythiaFourPMaker:INFO  - TVector3::PseudoRapidity : transvers momentum = 0! return +/- 10e10
StPythiaFourPMaker:INFO  - TVector3::PseudoRapidity : transvers momentum = 0! return +/- 10e10
StMCAsymMaker:WARN  - No StMcEvent
StMCAsymMaker:INFO  - *** StMCAsymMaker::Make() == StWarn(1) ***
StJetMaker2012:INFO  - TVector3::PseudoRapidity : transvers momentum = 0! return +/- 10e10
StJetMaker2012:INFO  - TVector3::PseudoRapidity : transvers momentum = 0! return +/- 10e10
StJetMaker2012:INFO  - TVector3::PseudoRapidity : transvers momentum = 0! return +/- 10e10
StJetMaker2012:INFO  - TVector3::PseudoRapidity : transvers momentum = 0! return +/- 10e10
StJetMaker2012:INFO  - TVector3::PseudoRapidity : transvers momentum = 0! return +/- 10e10
StJetMaker2012:INFO  - TVector3::PseudoRapidity : transvers momentum = 0! return +/- 10e10
StJetMaker2012:INFO  - TVector3::PseudoRapidity : transvers momentum = 0! return +/- 10e10
StJetMaker2012:INFO  - TVector3::PseudoRapidity : transvers momentum = 0! return +/- 10e10
StJetMaker2012:INFO  - TVector3::PseudoRapidity : transvers momentum = 0! return +/- 10e10
StJetMaker2012:INFO  - TVector3::PseudoRapidity : transvers momentum = 0! return +/- 10e10
StJetMaker2012:INFO  - TVector3::PseudoRapidity : transvers momentum = 0! return +/- 10e10
StJetMaker2012:INFO  - TVector3::PseudoRapidity : transvers momentum = 0! return +/- 10e10
StJetMaker2012:INFO  - TVector3::PseudoRapidity : transvers momentum = 0! return +/- 10e10
StJetMaker2012:INFO  - TVector3::PseudoRapidity : transvers momentum = 0! return +/- 10e10
StJetMaker2012:INFO  - TVector3::PseudoRapidity : transvers momentum = 0! return +/- 10e10
StJetMaker2012:INFO  - TVector3::PseudoRapidity : transvers momentum = 0! return +/- 10e10
StJetMaker2012:INFO  - TVector3::PseudoRapidity : transvers momentum = 0! return +/- 10e10
StJetMaker2012:INFO  - TVector3::PseudoRapidity : transvers momentum = 0! return +/- 10e10
StJetMaker2012:INFO  - TVector3::PseudoRapidity : transvers momentum = 0! return +/- 10e10
StJetMaker2012:INFO  - TVector3::PseudoRapidity : transvers momentum = 0! return +/- 10e10
QA :INFO  - QAInfo: Done with Event [no. 138/run 0/evt. 138/Date.Time 20090628.53220/sta 0] Real Time =       0.02 seconds Cpu Time =        0.02 seconds
QA :INFO  - QAInfo: Cpu Times: user / system / user children / system children =     0.02 /     0.00 /     0.00 /     0.00 seconds (tick =   100.00, cps = 1000000)
QA :INFO  - QAInfo: Cpu Times: all threads =     0.021741460 seconds
StPythiaFourPMaker:INFO  - TVector3::PseudoRapidity : transvers momentum = 0! return +/- 10e10
StPythiaFourPMaker:INFO  - TVector3::PseudoRapidity : transvers momentum = 0! return +/- 10e10
StMCAsymMaker:WARN  - No StMcEvent
StMCAsymMaker:INFO  - *** StMCAsymMaker::Make() == StWarn(1) ***
StJetMaker2012:INFO  - TVector3::PseudoRapidity : transvers momentum = 0! return +/- 10e10
StJetMaker2012:INFO  - TVector3::PseudoRapidity : transvers momentum = 0! return +/- 10e10
StJetMaker2012:INFO  - TVector3::PseudoRapidity : transvers momentum = 0! return +/- 10e10
StJetMaker2012:INFO  - TVector3::PseudoRapidity : transvers momentum = 0! return +/- 10e10
StJetMaker2012:INFO  - TVector3::PseudoRapidity : transvers momentum = 0! return +/- 10e10
StJetMaker2012:INFO  - TVector3::PseudoRapidity : transvers momentum = 0! return +/- 10e10
StJetMaker2012:INFO  - TVector3::PseudoRapidity : transvers momentum = 0! return +/- 10e10
StJetMaker2012:INFO  - TVector3::PseudoRapidity : transvers momentum = 0! return +/- 10e10
StJetMaker2012:INFO  - TVector3::PseudoRapidity : transvers momentum = 0! return +/- 10e10
StJetMaker2012:INFO  - TVector3::PseudoRapidity : transvers momentum = 0! return +/- 10e10
StJetMaker2012:INFO  - TVector3::PseudoRapidity : transvers momentum = 0! return +/- 10e10
StJetMaker2012:INFO  - TVector3::PseudoRapidity : transvers momentum = 0! return +/- 10e10
StJetMaker2012:INFO  - TVector3::PseudoRapidity : transvers momentum = 0! return +/- 10e10
StJetMaker2012:INFO  - TVector3::PseudoRapidity : transvers momentum = 0! return +/- 10e10
StJetMaker2012:INFO  - TVector3::PseudoRapidity : transvers momentum = 0! return +/- 10e10
StJetMaker2012:INFO  - TVector3::PseudoRapidity : transvers momentum = 0! return +/- 10e10
StJetMaker2012:INFO  - TVector3::PseudoRapidity : transvers momentum = 0! return +/- 10e10
StJetMaker2012:INFO  - TVector3::PseudoRapidity : transvers momentum = 0! return +/- 10e10
StJetMaker2012:INFO  - TVector3::PseudoRapidity : transvers momentum = 0! return +/- 10e10
StJetMaker2012:INFO  - TVector3::PseudoRapidity : transvers momentum = 0! return +/- 10e10
QA :INFO  - QAInfo: Done with Event [no. 139/run 0/evt. 139/Date.Time 20090628.53220/sta 0] Real Time =       0.02 seconds Cpu Time =        0.02 seconds
QA :INFO  - QAInfo: Cpu Times: user / system / user children / system children =     0.02 /     0.00 /     0.00 /     0.00 seconds (tick =   100.00, cps = 1000000)
QA :INFO  - QAInfo: Cpu Times: all threads =     0.019766180 seconds
StPythiaFourPMaker:INFO  - TVector3::PseudoRapidity : transvers momentum = 0! return +/- 10e10
StPythiaFourPMaker:INFO  - TVector3::PseudoRapidity : transvers momentum = 0! return +/- 10e10
StMCAsymMaker:WARN  - No StMcEvent
StMCAsymMaker:INFO  - *** StMCAsymMaker::Make() == StWarn(1) ***
StJetMaker2012:INFO  - TVector3::PseudoRapidity : transvers momentum = 0! return +/- 10e10
StJetMaker2012:INFO  - TVector3::PseudoRapidity : transvers momentum = 0! return +/- 10e10
StJetMaker2012:INFO  - TVector3::PseudoRapidity : transvers momentum = 0! return +/- 10e10
StJetMaker2012:INFO  - TVector3::PseudoRapidity : transvers momentum = 0! return +/- 10e10
StJetMaker2012:INFO  - TVector3::PseudoRapidity : transvers momentum = 0! return +/- 10e10
StJetMaker2012:INFO  - TVector3::PseudoRapidity : transvers momentum = 0! return +/- 10e10
StJetMaker2012:INFO  - TVector3::PseudoRapidity : transvers momentum = 0! return +/- 10e10
StJetMaker2012:INFO  - TVector3::PseudoRapidity : transvers momentum = 0! return +/- 10e10
StJetMaker2012:INFO  - TVector3::PseudoRapidity : transvers momentum = 0! return +/- 10e10
StJetMaker2012:INFO  - TVector3::PseudoRapidity : transvers momentum = 0! return +/- 10e10
StJetMaker2012:INFO  - TVector3::PseudoRapidity : transvers momentum = 0! return +/- 10e10
StJetMaker2012:INFO  - TVector3::PseudoRapidity : transvers momentum = 0! return +/- 10e10
StJetMaker2012:INFO  - TVector3::PseudoRapidity : transvers momentum = 0! return +/- 10e10
StJetMaker2012:INFO  - TVector3::PseudoRapidity : transvers momentum = 0! return +/- 10e10
StJetMaker2012:INFO  - TVector3::PseudoRapidity : transvers momentum = 0! return +/- 10e10
StJetMaker2012:INFO  - TVector3::PseudoRapidity : transvers momentum = 0! return +/- 10e10
StJetMaker2012:INFO  - TVector3::PseudoRapidity : transvers momentum = 0! return +/- 10e10
StJetMaker2012:INFO  - TVector3::PseudoRapidity : transvers momentum = 0! return +/- 10e10
StJetMaker2012:INFO  - TVector3::PseudoRapidity : transvers momentum = 0! return +/- 10e10
StJetMaker2012:INFO  - TVector3::PseudoRapidity : transvers momentum = 0! return +/- 10e10
QA :INFO  - QAInfo: Done with Event [no. 140/run 0/evt. 140/Date.Time 20090628.53220/sta 0] Real Time =       0.02 seconds Cpu Time =        0.02 seconds
QA :INFO  - QAInfo: Cpu Times: user / system / user children / system children =     0.02 /     0.00 /     0.00 /     0.00 seconds (tick =   100.00, cps = 1000000)
QA :INFO  - QAInfo: Cpu Times: all threads =     0.023320070 seconds
StPythiaFourPMaker:INFO  - TVector3::PseudoRapidity : transvers momentum = 0! return +/- 10e10
StPythiaFourPMaker:INFO  - TVector3::PseudoRapidity : transvers momentum = 0! return +/- 10e10
StMCAsymMaker:WARN  - No StMcEvent
StMCAsymMaker:INFO  - *** StMCAsymMaker::Make() == StWarn(1) ***
StJetMaker2012:INFO  - TVector3::PseudoRapidity : transvers momentum = 0! return +/- 10e10
StJetMaker2012:INFO  - TVector3::PseudoRapidity : transvers momentum = 0! return +/- 10e10
StJetMaker2012:INFO  - TVector3::PseudoRapidity : transvers momentum = 0! return +/- 10e10
StJetMaker2012:INFO  - TVector3::PseudoRapidity : transvers momentum = 0! return +/- 10e10
StJetMaker2012:INFO  - TVector3::PseudoRapidity : transvers momentum = 0! return +/- 10e10
StJetMaker2012:INFO  - TVector3::PseudoRapidity : transvers momentum = 0! return +/- 10e10
StJetMaker2012:INFO  - TVector3::PseudoRapidity : transvers momentum = 0! return +/- 10e10
StJetMaker2012:INFO  - TVector3::PseudoRapidity : transvers momentum = 0! return +/- 10e10
StJetMaker2012:INFO  - TVector3::PseudoRapidity : transvers momentum = 0! return +/- 10e10
StJetMaker2012:INFO  - TVector3::PseudoRapidity : transvers momentum = 0! return +/- 10e10
StJetMaker2012:INFO  - TVector3::PseudoRapidity : transvers momentum = 0! return +/- 10e10
StJetMaker2012:INFO  - TVector3::PseudoRapidity : transvers momentum = 0! return +/- 10e10
StJetMaker2012:INFO  - TVector3::PseudoRapidity : transvers momentum = 0! return +/- 10e10
StJetMaker2012:INFO  - TVector3::PseudoRapidity : transvers momentum = 0! return +/- 10e10
StJetMaker2012:INFO  - TVector3::PseudoRapidity : transvers momentum = 0! return +/- 10e10
StJetMaker2012:INFO  - TVector3::PseudoRapidity : transvers momentum = 0! return +/- 10e10
StJetMaker2012:INFO  - TVector3::PseudoRapidity : transvers momentum = 0! return +/- 10e10
StJetMaker2012:INFO  - TVector3::PseudoRapidity : transvers momentum = 0! return +/- 10e10
StJetMaker2012:INFO  - TVector3::PseudoRapidity : transvers momentum = 0! return +/- 10e10
StJetMaker2012:INFO  - TVector3::PseudoRapidity : transvers momentum = 0! return +/- 10e10
QA :INFO  - QAInfo: Done with Event [no. 141/run 0/evt. 141/Date.Time 20090628.53220/sta 0] Real Time =       0.02 seconds Cpu Time =        0.02 seconds
QA :INFO  - QAInfo: Cpu Times: user / system / user children / system children =     0.02 /     0.00 /     0.00 /     0.00 seconds (tick =   100.00, cps = 1000000)
QA :INFO  - QAInfo: Cpu Times: all threads =     0.018218960 seconds
StPythiaFourPMaker:INFO  - TVector3::PseudoRapidity : transvers momentum = 0! return +/- 10e10
StPythiaFourPMaker:INFO  - TVector3::PseudoRapidity : transvers momentum = 0! return +/- 10e10
StMCAsymMaker:WARN  - No StMcEvent
StMCAsymMaker:INFO  - *** StMCAsymMaker::Make() == StWarn(1) ***
StJetMaker2012:INFO  - TVector3::PseudoRapidity : transvers momentum = 0! return +/- 10e10
StJetMaker2012:INFO  - TVector3::PseudoRapidity : transvers momentum = 0! return +/- 10e10
StJetMaker2012:INFO  - TVector3::PseudoRapidity : transvers momentum = 0! return +/- 10e10
StJetMaker2012:INFO  - TVector3::PseudoRapidity : transvers momentum = 0! return +/- 10e10
StJetMaker2012:INFO  - TVector3::PseudoRapidity : transvers momentum = 0! return +/- 10e10
StJetMaker2012:INFO  - TVector3::PseudoRapidity : transvers momentum = 0! return +/- 10e10
StJetMaker2012:INFO  - TVector3::PseudoRapidity : transvers momentum = 0! return +/- 10e10
StJetMaker2012:INFO  - TVector3::PseudoRapidity : transvers momentum = 0! return +/- 10e10
StJetMaker2012:INFO  - TVector3::PseudoRapidity : transvers momentum = 0! return +/- 10e10
StJetMaker2012:INFO  - TVector3::PseudoRapidity : transvers momentum = 0! return +/- 10e10
StJetMaker2012:INFO  - TVector3::PseudoRapidity : transvers momentum = 0! return +/- 10e10
StJetMaker2012:INFO  - TVector3::PseudoRapidity : transvers momentum = 0! return +/- 10e10
StJetMaker2012:INFO  - TVector3::PseudoRapidity : transvers momentum = 0! return +/- 10e10
StJetMaker2012:INFO  - TVector3::PseudoRapidity : transvers momentum = 0! return +/- 10e10
StJetMaker2012:INFO  - TVector3::PseudoRapidity : transvers momentum = 0! return +/- 10e10
StJetMaker2012:INFO  - TVector3::PseudoRapidity : transvers momentum = 0! return +/- 10e10
StJetMaker2012:INFO  - TVector3::PseudoRapidity : transvers momentum = 0! return +/- 10e10
StJetMaker2012:INFO  - TVector3::PseudoRapidity : transvers momentum = 0! return +/- 10e10
StJetMaker2012:INFO  - TVector3::PseudoRapidity : transvers momentum = 0! return +/- 10e10
StJetMaker2012:INFO  - TVector3::PseudoRapidity : transvers momentum = 0! return +/- 10e10
QA :INFO  - QAInfo: Done with Event [no. 142/run 0/evt. 142/Date.Time 20090628.53220/sta 0] Real Time =       0.02 seconds Cpu Time =        0.02 seconds
QA :INFO  - QAInfo: Cpu Times: user / system / user children / system children =     0.02 /     0.00 /     0.00 /     0.00 seconds (tick =   100.00, cps = 1000000)
QA :INFO  - QAInfo: Cpu Times: all threads =     0.022924220 seconds
StPythiaFourPMaker:INFO  - TVector3::PseudoRapidity : transvers momentum = 0! return +/- 10e10
StPythiaFourPMaker:INFO  - TVector3::PseudoRapidity : transvers momentum = 0! return +/- 10e10
StMCAsymMaker:WARN  - No StMcEvent
StMCAsymMaker:INFO  - *** StMCAsymMaker::Make() == StWarn(1) ***
StJetMaker2012:INFO  - TVector3::PseudoRapidity : transvers momentum = 0! return +/- 10e10
StJetMaker2012:INFO  - TVector3::PseudoRapidity : transvers momentum = 0! return +/- 10e10
StJetMaker2012:INFO  - TVector3::PseudoRapidity : transvers momentum = 0! return +/- 10e10
StJetMaker2012:INFO  - TVector3::PseudoRapidity : transvers momentum = 0! return +/- 10e10
StJetMaker2012:INFO  - TVector3::PseudoRapidity : transvers momentum = 0! return +/- 10e10
StJetMaker2012:INFO  - TVector3::PseudoRapidity : transvers momentum = 0! return +/- 10e10
StJetMaker2012:INFO  - TVector3::PseudoRapidity : transvers momentum = 0! return +/- 10e10
StJetMaker2012:INFO  - TVector3::PseudoRapidity : transvers momentum = 0! return +/- 10e10
StJetMaker2012:INFO  - TVector3::PseudoRapidity : transvers momentum = 0! return +/- 10e10
StJetMaker2012:INFO  - TVector3::PseudoRapidity : transvers momentum = 0! return +/- 10e10
StJetMaker2012:INFO  - TVector3::PseudoRapidity : transvers momentum = 0! return +/- 10e10
StJetMaker2012:INFO  - TVector3::PseudoRapidity : transvers momentum = 0! return +/- 10e10
StJetMaker2012:INFO  - TVector3::PseudoRapidity : transvers momentum = 0! return +/- 10e10
StJetMaker2012:INFO  - TVector3::PseudoRapidity : transvers momentum = 0! return +/- 10e10
StJetMaker2012:INFO  - TVector3::PseudoRapidity : transvers momentum = 0! return +/- 10e10
StJetMaker2012:INFO  - TVector3::PseudoRapidity : transvers momentum = 0! return +/- 10e10
StJetMaker2012:INFO  - TVector3::PseudoRapidity : transvers momentum = 0! return +/- 10e10
StJetMaker2012:INFO  - TVector3::PseudoRapidity : transvers momentum = 0! return +/- 10e10
StJetMaker2012:INFO  - TVector3::PseudoRapidity : transvers momentum = 0! return +/- 10e10
StJetMaker2012:INFO  - TVector3::PseudoRapidity : transvers momentum = 0! return +/- 10e10
QA :INFO  - QAInfo: Done with Event [no. 143/run 0/evt. 143/Date.Time 20090628.53220/sta 0] Real Time =       0.03 seconds Cpu Time =        0.03 seconds
QA :INFO  - QAInfo: Cpu Times: user / system / user children / system children =     0.03 /     0.00 /     0.00 /     0.00 seconds (tick =   100.00, cps = 1000000)
QA :INFO  - QAInfo: Cpu Times: all threads =     0.030387940 seconds
StPythiaFourPMaker:INFO  - TVector3::PseudoRapidity : transvers momentum = 0! return +/- 10e10
StPythiaFourPMaker:INFO  - TVector3::PseudoRapidity : transvers momentum = 0! return +/- 10e10
StMCAsymMaker:WARN  - No StMcEvent
StMCAsymMaker:INFO  - *** StMCAsymMaker::Make() == StWarn(1) ***
StJetMaker2012:INFO  - TVector3::PseudoRapidity : transvers momentum = 0! return +/- 10e10
StJetMaker2012:INFO  - TVector3::PseudoRapidity : transvers momentum = 0! return +/- 10e10
StJetMaker2012:INFO  - TVector3::PseudoRapidity : transvers momentum = 0! return +/- 10e10
StJetMaker2012:INFO  - TVector3::PseudoRapidity : transvers momentum = 0! return +/- 10e10
StJetMaker2012:INFO  - TVector3::PseudoRapidity : transvers momentum = 0! return +/- 10e10
StJetMaker2012:INFO  - TVector3::PseudoRapidity : transvers momentum = 0! return +/- 10e10
StJetMaker2012:INFO  - TVector3::PseudoRapidity : transvers momentum = 0! return +/- 10e10
StJetMaker2012:INFO  - TVector3::PseudoRapidity : transvers momentum = 0! return +/- 10e10
StJetMaker2012:INFO  - TVector3::PseudoRapidity : transvers momentum = 0! return +/- 10e10
StJetMaker2012:INFO  - TVector3::PseudoRapidity : transvers momentum = 0! return +/- 10e10
StJetMaker2012:INFO  - TVector3::PseudoRapidity : transvers momentum = 0! return +/- 10e10
StJetMaker2012:INFO  - TVector3::PseudoRapidity : transvers momentum = 0! return +/- 10e10
StJetMaker2012:INFO  - TVector3::PseudoRapidity : transvers momentum = 0! return +/- 10e10
StJetMaker2012:INFO  - TVector3::PseudoRapidity : transvers momentum = 0! return +/- 10e10
StJetMaker2012:INFO  - TVector3::PseudoRapidity : transvers momentum = 0! return +/- 10e10
StJetMaker2012:INFO  - TVector3::PseudoRapidity : transvers momentum = 0! return +/- 10e10
StJetMaker2012:INFO  - TVector3::PseudoRapidity : transvers momentum = 0! return +/- 10e10
StJetMaker2012:INFO  - TVector3::PseudoRapidity : transvers momentum = 0! return +/- 10e10
StJetMaker2012:INFO  - TVector3::PseudoRapidity : transvers momentum = 0! return +/- 10e10
StJetMaker2012:INFO  - TVector3::PseudoRapidity : transvers momentum = 0! return +/- 10e10
QA :INFO  - QAInfo: Done with Event [no. 144/run 0/evt. 144/Date.Time 20090628.53220/sta 0] Real Time =       0.03 seconds Cpu Time =        0.03 seconds
QA :INFO  - QAInfo: Cpu Times: user / system / user children / system children =     0.03 /     0.00 /     0.00 /     0.00 seconds (tick =   100.00, cps = 1000000)
QA :INFO  - QAInfo: Cpu Times: all threads =     0.025052530 seconds
StPythiaFourPMaker:INFO  - TVector3::PseudoRapidity : transvers momentum = 0! return +/- 10e10
StPythiaFourPMaker:INFO  - TVector3::PseudoRapidity : transvers momentum = 0! return +/- 10e10
StMCAsymMaker:WARN  - No StMcEvent
StMCAsymMaker:INFO  - *** StMCAsymMaker::Make() == StWarn(1) ***
StJetMaker2012:INFO  - TVector3::PseudoRapidity : transvers momentum = 0! return +/- 10e10
StJetMaker2012:INFO  - TVector3::PseudoRapidity : transvers momentum = 0! return +/- 10e10
StJetMaker2012:INFO  - TVector3::PseudoRapidity : transvers momentum = 0! return +/- 10e10
StJetMaker2012:INFO  - TVector3::PseudoRapidity : transvers momentum = 0! return +/- 10e10
StJetMaker2012:INFO  - TVector3::PseudoRapidity : transvers momentum = 0! return +/- 10e10
StJetMaker2012:INFO  - TVector3::PseudoRapidity : transvers momentum = 0! return +/- 10e10
StJetMaker2012:INFO  - TVector3::PseudoRapidity : transvers momentum = 0! return +/- 10e10
StJetMaker2012:INFO  - TVector3::PseudoRapidity : transvers momentum = 0! return +/- 10e10
StJetMaker2012:INFO  - TVector3::PseudoRapidity : transvers momentum = 0! return +/- 10e10
StJetMaker2012:INFO  - TVector3::PseudoRapidity : transvers momentum = 0! return +/- 10e10
StJetMaker2012:INFO  - TVector3::PseudoRapidity : transvers momentum = 0! return +/- 10e10
StJetMaker2012:INFO  - TVector3::PseudoRapidity : transvers momentum = 0! return +/- 10e10
StJetMaker2012:INFO  - TVector3::PseudoRapidity : transvers momentum = 0! return +/- 10e10
StJetMaker2012:INFO  - TVector3::PseudoRapidity : transvers momentum = 0! return +/- 10e10
StJetMaker2012:INFO  - TVector3::PseudoRapidity : transvers momentum = 0! return +/- 10e10
StJetMaker2012:INFO  - TVector3::PseudoRapidity : transvers momentum = 0! return +/- 10e10
StJetMaker2012:INFO  - TVector3::PseudoRapidity : transvers momentum = 0! return +/- 10e10
StJetMaker2012:INFO  - TVector3::PseudoRapidity : transvers momentum = 0! return +/- 10e10
StJetMaker2012:INFO  - TVector3::PseudoRapidity : transvers momentum = 0! return +/- 10e10
StJetMaker2012:INFO  - TVector3::PseudoRapidity : transvers momentum = 0! return +/- 10e10
QA :INFO  - QAInfo: Done with Event [no. 145/run 0/evt. 145/Date.Time 20090628.53220/sta 0] Real Time =       0.03 seconds Cpu Time =        0.02 seconds
QA :INFO  - QAInfo: Cpu Times: user / system / user children / system children =     0.02 /     0.00 /     0.00 /     0.00 seconds (tick =   100.00, cps = 1000000)
QA :INFO  - QAInfo: Cpu Times: all threads =     0.025806360 seconds
StPythiaFourPMaker:INFO  - TVector3::PseudoRapidity : transvers momentum = 0! return +/- 10e10
StPythiaFourPMaker:INFO  - TVector3::PseudoRapidity : transvers momentum = 0! return +/- 10e10
StMCAsymMaker:WARN  - No StMcEvent
StMCAsymMaker:INFO  - *** StMCAsymMaker::Make() == StWarn(1) ***
StJetMaker2012:INFO  - TVector3::PseudoRapidity : transvers momentum = 0! return +/- 10e10
StJetMaker2012:INFO  - TVector3::PseudoRapidity : transvers momentum = 0! return +/- 10e10
StJetMaker2012:INFO  - TVector3::PseudoRapidity : transvers momentum = 0! return +/- 10e10
StJetMaker2012:INFO  - TVector3::PseudoRapidity : transvers momentum = 0! return +/- 10e10
StJetMaker2012:INFO  - TVector3::PseudoRapidity : transvers momentum = 0! return +/- 10e10
StJetMaker2012:INFO  - TVector3::PseudoRapidity : transvers momentum = 0! return +/- 10e10
StJetMaker2012:INFO  - TVector3::PseudoRapidity : transvers momentum = 0! return +/- 10e10
StJetMaker2012:INFO  - TVector3::PseudoRapidity : transvers momentum = 0! return +/- 10e10
StJetMaker2012:INFO  - TVector3::PseudoRapidity : transvers momentum = 0! return +/- 10e10
StJetMaker2012:INFO  - TVector3::PseudoRapidity : transvers momentum = 0! return +/- 10e10
StJetMaker2012:INFO  - TVector3::PseudoRapidity : transvers momentum = 0! return +/- 10e10
StJetMaker2012:INFO  - TVector3::PseudoRapidity : transvers momentum = 0! return +/- 10e10
StJetMaker2012:INFO  - TVector3::PseudoRapidity : transvers momentum = 0! return +/- 10e10
StJetMaker2012:INFO  - TVector3::PseudoRapidity : transvers momentum = 0! return +/- 10e10
StJetMaker2012:INFO  - TVector3::PseudoRapidity : transvers momentum = 0! return +/- 10e10
StJetMaker2012:INFO  - TVector3::PseudoRapidity : transvers momentum = 0! return +/- 10e10
StJetMaker2012:INFO  - TVector3::PseudoRapidity : transvers momentum = 0! return +/- 10e10
StJetMaker2012:INFO  - TVector3::PseudoRapidity : transvers momentum = 0! return +/- 10e10
StJetMaker2012:INFO  - TVector3::PseudoRapidity : transvers momentum = 0! return +/- 10e10
StJetMaker2012:INFO  - TVector3::PseudoRapidity : transvers momentum = 0! return +/- 10e10
QA :INFO  - QAInfo: Done with Event [no. 146/run 0/evt. 146/Date.Time 20090628.53220/sta 0] Real Time =       0.03 seconds Cpu Time =        0.03 seconds
QA :INFO  - QAInfo: Cpu Times: user / system / user children / system children =     0.03 /     0.00 /     0.00 /     0.00 seconds (tick =   100.00, cps = 1000000)
QA :INFO  - QAInfo: Cpu Times: all threads =     0.025900980 seconds
StPythiaFourPMaker:INFO  - TVector3::PseudoRapidity : transvers momentum = 0! return +/- 10e10
StPythiaFourPMaker:INFO  - TVector3::PseudoRapidity : transvers momentum = 0! return +/- 10e10
StMCAsymMaker:WARN  - No StMcEvent
StMCAsymMaker:INFO  - *** StMCAsymMaker::Make() == StWarn(1) ***
StJetMaker2012:INFO  - TVector3::PseudoRapidity : transvers momentum = 0! return +/- 10e10
StJetMaker2012:INFO  - TVector3::PseudoRapidity : transvers momentum = 0! return +/- 10e10
StJetMaker2012:INFO  - TVector3::PseudoRapidity : transvers momentum = 0! return +/- 10e10
StJetMaker2012:INFO  - TVector3::PseudoRapidity : transvers momentum = 0! return +/- 10e10
StJetMaker2012:INFO  - TVector3::PseudoRapidity : transvers momentum = 0! return +/- 10e10
StJetMaker2012:INFO  - TVector3::PseudoRapidity : transvers momentum = 0! return +/- 10e10
StJetMaker2012:INFO  - TVector3::PseudoRapidity : transvers momentum = 0! return +/- 10e10
StJetMaker2012:INFO  - TVector3::PseudoRapidity : transvers momentum = 0! return +/- 10e10
StJetMaker2012:INFO  - TVector3::PseudoRapidity : transvers momentum = 0! return +/- 10e10
StJetMaker2012:INFO  - TVector3::PseudoRapidity : transvers momentum = 0! return +/- 10e10
StJetMaker2012:INFO  - TVector3::PseudoRapidity : transvers momentum = 0! return +/- 10e10
StJetMaker2012:INFO  - TVector3::PseudoRapidity : transvers momentum = 0! return +/- 10e10
StJetMaker2012:INFO  - TVector3::PseudoRapidity : transvers momentum = 0! return +/- 10e10
StJetMaker2012:INFO  - TVector3::PseudoRapidity : transvers momentum = 0! return +/- 10e10
StJetMaker2012:INFO  - TVector3::PseudoRapidity : transvers momentum = 0! return +/- 10e10
StJetMaker2012:INFO  - TVector3::PseudoRapidity : transvers momentum = 0! return +/- 10e10
StJetMaker2012:INFO  - TVector3::PseudoRapidity : transvers momentum = 0! return +/- 10e10
StJetMaker2012:INFO  - TVector3::PseudoRapidity : transvers momentum = 0! return +/- 10e10
StJetMaker2012:INFO  - TVector3::PseudoRapidity : transvers momentum = 0! return +/- 10e10
StJetMaker2012:INFO  - TVector3::PseudoRapidity : transvers momentum = 0! return +/- 10e10
QA :INFO  - QAInfo: Done with Event [no. 147/run 0/evt. 147/Date.Time 20090628.53220/sta 0] Real Time =       0.03 seconds Cpu Time =        0.03 seconds
QA :INFO  - QAInfo: Cpu Times: user / system / user children / system children =     0.03 /     0.00 /     0.00 /     0.00 seconds (tick =   100.00, cps = 1000000)
QA :INFO  - QAInfo: Cpu Times: all threads =     0.025349580 seconds
StPythiaFourPMaker:INFO  - TVector3::PseudoRapidity : transvers momentum = 0! return +/- 10e10
StPythiaFourPMaker:INFO  - TVector3::PseudoRapidity : transvers momentum = 0! return +/- 10e10
StMCAsymMaker:WARN  - No StMcEvent
StMCAsymMaker:INFO  - *** StMCAsymMaker::Make() == StWarn(1) ***
StJetMaker2012:INFO  - TVector3::PseudoRapidity : transvers momentum = 0! return +/- 10e10
StJetMaker2012:INFO  - TVector3::PseudoRapidity : transvers momentum = 0! return +/- 10e10
StJetMaker2012:INFO  - TVector3::PseudoRapidity : transvers momentum = 0! return +/- 10e10
StJetMaker2012:INFO  - TVector3::PseudoRapidity : transvers momentum = 0! return +/- 10e10
StJetMaker2012:INFO  - TVector3::PseudoRapidity : transvers momentum = 0! return +/- 10e10
StJetMaker2012:INFO  - TVector3::PseudoRapidity : transvers momentum = 0! return +/- 10e10
StJetMaker2012:INFO  - TVector3::PseudoRapidity : transvers momentum = 0! return +/- 10e10
StJetMaker2012:INFO  - TVector3::PseudoRapidity : transvers momentum = 0! return +/- 10e10
StJetMaker2012:INFO  - TVector3::PseudoRapidity : transvers momentum = 0! return +/- 10e10
StJetMaker2012:INFO  - TVector3::PseudoRapidity : transvers momentum = 0! return +/- 10e10
StJetMaker2012:INFO  - TVector3::PseudoRapidity : transvers momentum = 0! return +/- 10e10
StJetMaker2012:INFO  - TVector3::PseudoRapidity : transvers momentum = 0! return +/- 10e10
StJetMaker2012:INFO  - TVector3::PseudoRapidity : transvers momentum = 0! return +/- 10e10
StJetMaker2012:INFO  - TVector3::PseudoRapidity : transvers momentum = 0! return +/- 10e10
StJetMaker2012:INFO  - TVector3::PseudoRapidity : transvers momentum = 0! return +/- 10e10
StJetMaker2012:INFO  - TVector3::PseudoRapidity : transvers momentum = 0! return +/- 10e10
StJetMaker2012:INFO  - TVector3::PseudoRapidity : transvers momentum = 0! return +/- 10e10
StJetMaker2012:INFO  - TVector3::PseudoRapidity : transvers momentum = 0! return +/- 10e10
StJetMaker2012:INFO  - TVector3::PseudoRapidity : transvers momentum = 0! return +/- 10e10
StJetMaker2012:INFO  - TVector3::PseudoRapidity : transvers momentum = 0! return +/- 10e10
QA :INFO  - QAInfo: Done with Event [no. 148/run 0/evt. 148/Date.Time 20090628.53220/sta 0] Real Time =       0.02 seconds Cpu Time =        0.02 seconds
QA :INFO  - QAInfo: Cpu Times: user / system / user children / system children =     0.02 /     0.00 /     0.00 /     0.00 seconds (tick =   100.00, cps = 1000000)
QA :INFO  - QAInfo: Cpu Times: all threads =     0.023173430 seconds
StPythiaFourPMaker:INFO  - TVector3::PseudoRapidity : transvers momentum = 0! return +/- 10e10
StPythiaFourPMaker:INFO  - TVector3::PseudoRapidity : transvers momentum = 0! return +/- 10e10
StMCAsymMaker:WARN  - No StMcEvent
StMCAsymMaker:INFO  - *** StMCAsymMaker::Make() == StWarn(1) ***
StJetMaker2012:INFO  - TVector3::PseudoRapidity : transvers momentum = 0! return +/- 10e10
StJetMaker2012:INFO  - TVector3::PseudoRapidity : transvers momentum = 0! return +/- 10e10
StJetMaker2012:INFO  - TVector3::PseudoRapidity : transvers momentum = 0! return +/- 10e10
StJetMaker2012:INFO  - TVector3::PseudoRapidity : transvers momentum = 0! return +/- 10e10
StJetMaker2012:INFO  - TVector3::PseudoRapidity : transvers momentum = 0! return +/- 10e10
StJetMaker2012:INFO  - TVector3::PseudoRapidity : transvers momentum = 0! return +/- 10e10
StJetMaker2012:INFO  - TVector3::PseudoRapidity : transvers momentum = 0! return +/- 10e10
StJetMaker2012:INFO  - TVector3::PseudoRapidity : transvers momentum = 0! return +/- 10e10
StJetMaker2012:INFO  - TVector3::PseudoRapidity : transvers momentum = 0! return +/- 10e10
StJetMaker2012:INFO  - TVector3::PseudoRapidity : transvers momentum = 0! return +/- 10e10
StJetMaker2012:INFO  - TVector3::PseudoRapidity : transvers momentum = 0! return +/- 10e10
StJetMaker2012:INFO  - TVector3::PseudoRapidity : transvers momentum = 0! return +/- 10e10
StJetMaker2012:INFO  - TVector3::PseudoRapidity : transvers momentum = 0! return +/- 10e10
StJetMaker2012:INFO  - TVector3::PseudoRapidity : transvers momentum = 0! return +/- 10e10
StJetMaker2012:INFO  - TVector3::PseudoRapidity : transvers momentum = 0! return +/- 10e10
StJetMaker2012:INFO  - TVector3::PseudoRapidity : transvers momentum = 0! return +/- 10e10
StJetMaker2012:INFO  - TVector3::PseudoRapidity : transvers momentum = 0! return +/- 10e10
StJetMaker2012:INFO  - TVector3::PseudoRapidity : transvers momentum = 0! return +/- 10e10
StJetMaker2012:INFO  - TVector3::PseudoRapidity : transvers momentum = 0! return +/- 10e10
StJetMaker2012:INFO  - TVector3::PseudoRapidity : transvers momentum = 0! return +/- 10e10
QA :INFO  - QAInfo: Done with Event [no. 149/run 0/evt. 149/Date.Time 20090628.53220/sta 0] Real Time =       0.02 seconds Cpu Time =        0.02 seconds
QA :INFO  - QAInfo: Cpu Times: user / system / user children / system children =     0.02 /     0.00 /     0.00 /     0.00 seconds (tick =   100.00, cps = 1000000)
QA :INFO  - QAInfo: Cpu Times: all threads =     0.023962740 seconds
StPythiaFourPMaker:INFO  - TVector3::PseudoRapidity : transvers momentum = 0! return +/- 10e10
StPythiaFourPMaker:INFO  - TVector3::PseudoRapidity : transvers momentum = 0! return +/- 10e10
StMCAsymMaker:WARN  - No StMcEvent
StMCAsymMaker:INFO  - *** StMCAsymMaker::Make() == StWarn(1) ***
StJetMaker2012:INFO  - TVector3::PseudoRapidity : transvers momentum = 0! return +/- 10e10
StJetMaker2012:INFO  - TVector3::PseudoRapidity : transvers momentum = 0! return +/- 10e10
StJetMaker2012:INFO  - TVector3::PseudoRapidity : transvers momentum = 0! return +/- 10e10
StJetMaker2012:INFO  - TVector3::PseudoRapidity : transvers momentum = 0! return +/- 10e10
StJetMaker2012:INFO  - TVector3::PseudoRapidity : transvers momentum = 0! return +/- 10e10
StJetMaker2012:INFO  - TVector3::PseudoRapidity : transvers momentum = 0! return +/- 10e10
StJetMaker2012:INFO  - TVector3::PseudoRapidity : transvers momentum = 0! return +/- 10e10
StJetMaker2012:INFO  - TVector3::PseudoRapidity : transvers momentum = 0! return +/- 10e10
StJetMaker2012:INFO  - TVector3::PseudoRapidity : transvers momentum = 0! return +/- 10e10
StJetMaker2012:INFO  - TVector3::PseudoRapidity : transvers momentum = 0! return +/- 10e10
StJetMaker2012:INFO  - TVector3::PseudoRapidity : transvers momentum = 0! return +/- 10e10
StJetMaker2012:INFO  - TVector3::PseudoRapidity : transvers momentum = 0! return +/- 10e10
StJetMaker2012:INFO  - TVector3::PseudoRapidity : transvers momentum = 0! return +/- 10e10
StJetMaker2012:INFO  - TVector3::PseudoRapidity : transvers momentum = 0! return +/- 10e10
StJetMaker2012:INFO  - TVector3::PseudoRapidity : transvers momentum = 0! return +/- 10e10
StJetMaker2012:INFO  - TVector3::PseudoRapidity : transvers momentum = 0! return +/- 10e10
StJetMaker2012:INFO  - TVector3::PseudoRapidity : transvers momentum = 0! return +/- 10e10
StJetMaker2012:INFO  - TVector3::PseudoRapidity : transvers momentum = 0! return +/- 10e10
StJetMaker2012:INFO  - TVector3::PseudoRapidity : transvers momentum = 0! return +/- 10e10
StJetMaker2012:INFO  - TVector3::PseudoRapidity : transvers momentum = 0! return +/- 10e10
QA :INFO  - QAInfo: Done with Event [no. 150/run 0/evt. 150/Date.Time 20090628.53220/sta 0] Real Time =       0.02 seconds Cpu Time =        0.02 seconds
QA :INFO  - QAInfo: Cpu Times: user / system / user children / system children =     0.02 /     0.00 /     0.00 /     0.00 seconds (tick =   100.00, cps = 1000000)
QA :INFO  - QAInfo: Cpu Times: all threads =     0.020361450 seconds
StPythiaFourPMaker:INFO  - TVector3::PseudoRapidity : transvers momentum = 0! return +/- 10e10
StPythiaFourPMaker:INFO  - TVector3::PseudoRapidity : transvers momentum = 0! return +/- 10e10
StMCAsymMaker:WARN  - No StMcEvent
StMCAsymMaker:INFO  - *** StMCAsymMaker::Make() == StWarn(1) ***
StJetMaker2012:INFO  - TVector3::PseudoRapidity : transvers momentum = 0! return +/- 10e10
StJetMaker2012:INFO  - TVector3::PseudoRapidity : transvers momentum = 0! return +/- 10e10
StJetMaker2012:INFO  - TVector3::PseudoRapidity : transvers momentum = 0! return +/- 10e10
StJetMaker2012:INFO  - TVector3::PseudoRapidity : transvers momentum = 0! return +/- 10e10
StJetMaker2012:INFO  - TVector3::PseudoRapidity : transvers momentum = 0! return +/- 10e10
StJetMaker2012:INFO  - TVector3::PseudoRapidity : transvers momentum = 0! return +/- 10e10
StJetMaker2012:INFO  - TVector3::PseudoRapidity : transvers momentum = 0! return +/- 10e10
StJetMaker2012:INFO  - TVector3::PseudoRapidity : transvers momentum = 0! return +/- 10e10
StJetMaker2012:INFO  - TVector3::PseudoRapidity : transvers momentum = 0! return +/- 10e10
StJetMaker2012:INFO  - TVector3::PseudoRapidity : transvers momentum = 0! return +/- 10e10
StJetMaker2012:INFO  - TVector3::PseudoRapidity : transvers momentum = 0! return +/- 10e10
StJetMaker2012:INFO  - TVector3::PseudoRapidity : transvers momentum = 0! return +/- 10e10
StJetMaker2012:INFO  - TVector3::PseudoRapidity : transvers momentum = 0! return +/- 10e10
StJetMaker2012:INFO  - TVector3::PseudoRapidity : transvers momentum = 0! return +/- 10e10
StJetMaker2012:INFO  - TVector3::PseudoRapidity : transvers momentum = 0! return +/- 10e10
StJetMaker2012:INFO  - TVector3::PseudoRapidity : transvers momentum = 0! return +/- 10e10
StJetMaker2012:INFO  - TVector3::PseudoRapidity : transvers momentum = 0! return +/- 10e10
StJetMaker2012:INFO  - TVector3::PseudoRapidity : transvers momentum = 0! return +/- 10e10
StJetMaker2012:INFO  - TVector3::PseudoRapidity : transvers momentum = 0! return +/- 10e10
StJetMaker2012:INFO  - TVector3::PseudoRapidity : transvers momentum = 0! return +/- 10e10
QA :INFO  - QAInfo: Done with Event [no. 151/run 0/evt. 151/Date.Time 20090628.53220/sta 0] Real Time =       0.02 seconds Cpu Time =        0.02 seconds
QA :INFO  - QAInfo: Cpu Times: user / system / user children / system children =     0.02 /     0.00 /     0.00 /     0.00 seconds (tick =   100.00, cps = 1000000)
QA :INFO  - QAInfo: Cpu Times: all threads =     0.019117110 seconds
StPythiaFourPMaker:INFO  - TVector3::PseudoRapidity : transvers momentum = 0! return +/- 10e10
StPythiaFourPMaker:INFO  - TVector3::PseudoRapidity : transvers momentum = 0! return +/- 10e10
StMCAsymMaker:WARN  - No StMcEvent
StMCAsymMaker:INFO  - *** StMCAsymMaker::Make() == StWarn(1) ***
StJetMaker2012:INFO  - TVector3::PseudoRapidity : transvers momentum = 0! return +/- 10e10
StJetMaker2012:INFO  - TVector3::PseudoRapidity : transvers momentum = 0! return +/- 10e10
StJetMaker2012:INFO  - TVector3::PseudoRapidity : transvers momentum = 0! return +/- 10e10
StJetMaker2012:INFO  - TVector3::PseudoRapidity : transvers momentum = 0! return +/- 10e10
StJetMaker2012:INFO  - TVector3::PseudoRapidity : transvers momentum = 0! return +/- 10e10
StJetMaker2012:INFO  - TVector3::PseudoRapidity : transvers momentum = 0! return +/- 10e10
StJetMaker2012:INFO  - TVector3::PseudoRapidity : transvers momentum = 0! return +/- 10e10
StJetMaker2012:INFO  - TVector3::PseudoRapidity : transvers momentum = 0! return +/- 10e10
StJetMaker2012:INFO  - TVector3::PseudoRapidity : transvers momentum = 0! return +/- 10e10
StJetMaker2012:INFO  - TVector3::PseudoRapidity : transvers momentum = 0! return +/- 10e10
StJetMaker2012:INFO  - TVector3::PseudoRapidity : transvers momentum = 0! return +/- 10e10
StJetMaker2012:INFO  - TVector3::PseudoRapidity : transvers momentum = 0! return +/- 10e10
StJetMaker2012:INFO  - TVector3::PseudoRapidity : transvers momentum = 0! return +/- 10e10
StJetMaker2012:INFO  - TVector3::PseudoRapidity : transvers momentum = 0! return +/- 10e10
StJetMaker2012:INFO  - TVector3::PseudoRapidity : transvers momentum = 0! return +/- 10e10
StJetMaker2012:INFO  - TVector3::PseudoRapidity : transvers momentum = 0! return +/- 10e10
StJetMaker2012:INFO  - TVector3::PseudoRapidity : transvers momentum = 0! return +/- 10e10
StJetMaker2012:INFO  - TVector3::PseudoRapidity : transvers momentum = 0! return +/- 10e10
StJetMaker2012:INFO  - TVector3::PseudoRapidity : transvers momentum = 0! return +/- 10e10
StJetMaker2012:INFO  - TVector3::PseudoRapidity : transvers momentum = 0! return +/- 10e10
QA :INFO  - QAInfo: Done with Event [no. 152/run 0/evt. 152/Date.Time 20090628.53220/sta 0] Real Time =       0.02 seconds Cpu Time =        0.02 seconds
QA :INFO  - QAInfo: Cpu Times: user / system / user children / system children =     0.02 /     0.00 /     0.00 /     0.00 seconds (tick =   100.00, cps = 1000000)
QA :INFO  - QAInfo: Cpu Times: all threads =     0.018521280 seconds
StPythiaFourPMaker:INFO  - TVector3::PseudoRapidity : transvers momentum = 0! return +/- 10e10
StPythiaFourPMaker:INFO  - TVector3::PseudoRapidity : transvers momentum = 0! return +/- 10e10
StMCAsymMaker:WARN  - No StMcEvent
StMCAsymMaker:INFO  - *** StMCAsymMaker::Make() == StWarn(1) ***
StJetMaker2012:INFO  - TVector3::PseudoRapidity : transvers momentum = 0! return +/- 10e10
StJetMaker2012:INFO  - TVector3::PseudoRapidity : transvers momentum = 0! return +/- 10e10
StJetMaker2012:INFO  - TVector3::PseudoRapidity : transvers momentum = 0! return +/- 10e10
StJetMaker2012:INFO  - TVector3::PseudoRapidity : transvers momentum = 0! return +/- 10e10
StJetMaker2012:INFO  - TVector3::PseudoRapidity : transvers momentum = 0! return +/- 10e10
StJetMaker2012:INFO  - TVector3::PseudoRapidity : transvers momentum = 0! return +/- 10e10
StJetMaker2012:INFO  - TVector3::PseudoRapidity : transvers momentum = 0! return +/- 10e10
StJetMaker2012:INFO  - TVector3::PseudoRapidity : transvers momentum = 0! return +/- 10e10
StJetMaker2012:INFO  - TVector3::PseudoRapidity : transvers momentum = 0! return +/- 10e10
StJetMaker2012:INFO  - TVector3::PseudoRapidity : transvers momentum = 0! return +/- 10e10
StJetMaker2012:INFO  - TVector3::PseudoRapidity : transvers momentum = 0! return +/- 10e10
StJetMaker2012:INFO  - TVector3::PseudoRapidity : transvers momentum = 0! return +/- 10e10
StJetMaker2012:INFO  - TVector3::PseudoRapidity : transvers momentum = 0! return +/- 10e10
StJetMaker2012:INFO  - TVector3::PseudoRapidity : transvers momentum = 0! return +/- 10e10
StJetMaker2012:INFO  - TVector3::PseudoRapidity : transvers momentum = 0! return +/- 10e10
StJetMaker2012:INFO  - TVector3::PseudoRapidity : transvers momentum = 0! return +/- 10e10
StJetMaker2012:INFO  - TVector3::PseudoRapidity : transvers momentum = 0! return +/- 10e10
StJetMaker2012:INFO  - TVector3::PseudoRapidity : transvers momentum = 0! return +/- 10e10
StJetMaker2012:INFO  - TVector3::PseudoRapidity : transvers momentum = 0! return +/- 10e10
StJetMaker2012:INFO  - TVector3::PseudoRapidity : transvers momentum = 0! return +/- 10e10
QA :INFO  - QAInfo: Done with Event [no. 153/run 0/evt. 153/Date.Time 20090628.53220/sta 0] Real Time =       0.02 seconds Cpu Time =        0.02 seconds
QA :INFO  - QAInfo: Cpu Times: user / system / user children / system children =     0.02 /     0.00 /     0.00 /     0.00 seconds (tick =   100.00, cps = 1000000)
QA :INFO  - QAInfo: Cpu Times: all threads =     0.021299650 seconds
StPythiaFourPMaker:INFO  - TVector3::PseudoRapidity : transvers momentum = 0! return +/- 10e10
StPythiaFourPMaker:INFO  - TVector3::PseudoRapidity : transvers momentum = 0! return +/- 10e10
StMCAsymMaker:WARN  - No StMcEvent
StMCAsymMaker:INFO  - *** StMCAsymMaker::Make() == StWarn(1) ***
StJetMaker2012:INFO  - TVector3::PseudoRapidity : transvers momentum = 0! return +/- 10e10
StJetMaker2012:INFO  - TVector3::PseudoRapidity : transvers momentum = 0! return +/- 10e10
StJetMaker2012:INFO  - TVector3::PseudoRapidity : transvers momentum = 0! return +/- 10e10
StJetMaker2012:INFO  - TVector3::PseudoRapidity : transvers momentum = 0! return +/- 10e10
StJetMaker2012:INFO  - TVector3::PseudoRapidity : transvers momentum = 0! return +/- 10e10
StJetMaker2012:INFO  - TVector3::PseudoRapidity : transvers momentum = 0! return +/- 10e10
StJetMaker2012:INFO  - TVector3::PseudoRapidity : transvers momentum = 0! return +/- 10e10
StJetMaker2012:INFO  - TVector3::PseudoRapidity : transvers momentum = 0! return +/- 10e10
StJetMaker2012:INFO  - TVector3::PseudoRapidity : transvers momentum = 0! return +/- 10e10
StJetMaker2012:INFO  - TVector3::PseudoRapidity : transvers momentum = 0! return +/- 10e10
StJetMaker2012:INFO  - TVector3::PseudoRapidity : transvers momentum = 0! return +/- 10e10
StJetMaker2012:INFO  - TVector3::PseudoRapidity : transvers momentum = 0! return +/- 10e10
StJetMaker2012:INFO  - TVector3::PseudoRapidity : transvers momentum = 0! return +/- 10e10
StJetMaker2012:INFO  - TVector3::PseudoRapidity : transvers momentum = 0! return +/- 10e10
StJetMaker2012:INFO  - TVector3::PseudoRapidity : transvers momentum = 0! return +/- 10e10
StJetMaker2012:INFO  - TVector3::PseudoRapidity : transvers momentum = 0! return +/- 10e10
StJetMaker2012:INFO  - TVector3::PseudoRapidity : transvers momentum = 0! return +/- 10e10
StJetMaker2012:INFO  - TVector3::PseudoRapidity : transvers momentum = 0! return +/- 10e10
StJetMaker2012:INFO  - TVector3::PseudoRapidity : transvers momentum = 0! return +/- 10e10
StJetMaker2012:INFO  - TVector3::PseudoRapidity : transvers momentum = 0! return +/- 10e10
QA :INFO  - QAInfo: Done with Event [no. 154/run 0/evt. 154/Date.Time 20090628.53220/sta 0] Real Time =       0.02 seconds Cpu Time =        0.02 seconds
QA :INFO  - QAInfo: Cpu Times: user / system / user children / system children =     0.02 /     0.00 /     0.00 /     0.00 seconds (tick =   100.00, cps = 1000000)
QA :INFO  - QAInfo: Cpu Times: all threads =     0.020635290 seconds
StPythiaFourPMaker:INFO  - TVector3::PseudoRapidity : transvers momentum = 0! return +/- 10e10
StPythiaFourPMaker:INFO  - TVector3::PseudoRapidity : transvers momentum = 0! return +/- 10e10
StMCAsymMaker:WARN  - No StMcEvent
StMCAsymMaker:INFO  - *** StMCAsymMaker::Make() == StWarn(1) ***
StJetMaker2012:INFO  - TVector3::PseudoRapidity : transvers momentum = 0! return +/- 10e10
StJetMaker2012:INFO  - TVector3::PseudoRapidity : transvers momentum = 0! return +/- 10e10
StJetMaker2012:INFO  - TVector3::PseudoRapidity : transvers momentum = 0! return +/- 10e10
StJetMaker2012:INFO  - TVector3::PseudoRapidity : transvers momentum = 0! return +/- 10e10
StJetMaker2012:INFO  - TVector3::PseudoRapidity : transvers momentum = 0! return +/- 10e10
StJetMaker2012:INFO  - TVector3::PseudoRapidity : transvers momentum = 0! return +/- 10e10
StJetMaker2012:INFO  - TVector3::PseudoRapidity : transvers momentum = 0! return +/- 10e10
StJetMaker2012:INFO  - TVector3::PseudoRapidity : transvers momentum = 0! return +/- 10e10
StJetMaker2012:INFO  - TVector3::PseudoRapidity : transvers momentum = 0! return +/- 10e10
StJetMaker2012:INFO  - TVector3::PseudoRapidity : transvers momentum = 0! return +/- 10e10
StJetMaker2012:INFO  - TVector3::PseudoRapidity : transvers momentum = 0! return +/- 10e10
StJetMaker2012:INFO  - TVector3::PseudoRapidity : transvers momentum = 0! return +/- 10e10
StJetMaker2012:INFO  - TVector3::PseudoRapidity : transvers momentum = 0! return +/- 10e10
StJetMaker2012:INFO  - TVector3::PseudoRapidity : transvers momentum = 0! return +/- 10e10
StJetMaker2012:INFO  - TVector3::PseudoRapidity : transvers momentum = 0! return +/- 10e10
StJetMaker2012:INFO  - TVector3::PseudoRapidity : transvers momentum = 0! return +/- 10e10
StJetMaker2012:INFO  - TVector3::PseudoRapidity : transvers momentum = 0! return +/- 10e10
StJetMaker2012:INFO  - TVector3::PseudoRapidity : transvers momentum = 0! return +/- 10e10
StJetMaker2012:INFO  - TVector3::PseudoRapidity : transvers momentum = 0! return +/- 10e10
StJetMaker2012:INFO  - TVector3::PseudoRapidity : transvers momentum = 0! return +/- 10e10
QA :INFO  - QAInfo: Done with Event [no. 155/run 0/evt. 155/Date.Time 20090628.53220/sta 0] Real Time =       0.02 seconds Cpu Time =        0.02 seconds
QA :INFO  - QAInfo: Cpu Times: user / system / user children / system children =     0.02 /     0.00 /     0.00 /     0.00 seconds (tick =   100.00, cps = 1000000)
QA :INFO  - QAInfo: Cpu Times: all threads =     0.020628750 seconds
StPythiaFourPMaker:INFO  - TVector3::PseudoRapidity : transvers momentum = 0! return +/- 10e10
StPythiaFourPMaker:INFO  - TVector3::PseudoRapidity : transvers momentum = 0! return +/- 10e10
StMCAsymMaker:WARN  - No StMcEvent
StMCAsymMaker:INFO  - *** StMCAsymMaker::Make() == StWarn(1) ***
StJetMaker2012:INFO  - TVector3::PseudoRapidity : transvers momentum = 0! return +/- 10e10
StJetMaker2012:INFO  - TVector3::PseudoRapidity : transvers momentum = 0! return +/- 10e10
StJetMaker2012:INFO  - TVector3::PseudoRapidity : transvers momentum = 0! return +/- 10e10
StJetMaker2012:INFO  - TVector3::PseudoRapidity : transvers momentum = 0! return +/- 10e10
StJetMaker2012:INFO  - TVector3::PseudoRapidity : transvers momentum = 0! return +/- 10e10
StJetMaker2012:INFO  - TVector3::PseudoRapidity : transvers momentum = 0! return +/- 10e10
StJetMaker2012:INFO  - TVector3::PseudoRapidity : transvers momentum = 0! return +/- 10e10
StJetMaker2012:INFO  - TVector3::PseudoRapidity : transvers momentum = 0! return +/- 10e10
StJetMaker2012:INFO  - TVector3::PseudoRapidity : transvers momentum = 0! return +/- 10e10
StJetMaker2012:INFO  - TVector3::PseudoRapidity : transvers momentum = 0! return +/- 10e10
StJetMaker2012:INFO  - TVector3::PseudoRapidity : transvers momentum = 0! return +/- 10e10
StJetMaker2012:INFO  - TVector3::PseudoRapidity : transvers momentum = 0! return +/- 10e10
StJetMaker2012:INFO  - TVector3::PseudoRapidity : transvers momentum = 0! return +/- 10e10
StJetMaker2012:INFO  - TVector3::PseudoRapidity : transvers momentum = 0! return +/- 10e10
StJetMaker2012:INFO  - TVector3::PseudoRapidity : transvers momentum = 0! return +/- 10e10
StJetMaker2012:INFO  - TVector3::PseudoRapidity : transvers momentum = 0! return +/- 10e10
StJetMaker2012:INFO  - TVector3::PseudoRapidity : transvers momentum = 0! return +/- 10e10
StJetMaker2012:INFO  - TVector3::PseudoRapidity : transvers momentum = 0! return +/- 10e10
StJetMaker2012:INFO  - TVector3::PseudoRapidity : transvers momentum = 0! return +/- 10e10
StJetMaker2012:INFO  - TVector3::PseudoRapidity : transvers momentum = 0! return +/- 10e10
QA :INFO  - QAInfo: Done with Event [no. 156/run 0/evt. 156/Date.Time 20090628.53220/sta 0] Real Time =       0.02 seconds Cpu Time =        0.02 seconds
QA :INFO  - QAInfo: Cpu Times: user / system / user children / system children =     0.02 /     0.00 /     0.00 /     0.00 seconds (tick =   100.00, cps = 1000000)
QA :INFO  - QAInfo: Cpu Times: all threads =     0.017883660 seconds
StPythiaFourPMaker:INFO  - TVector3::PseudoRapidity : transvers momentum = 0! return +/- 10e10
StPythiaFourPMaker:INFO  - TVector3::PseudoRapidity : transvers momentum = 0! return +/- 10e10
StMCAsymMaker:WARN  - No StMcEvent
StMCAsymMaker:INFO  - *** StMCAsymMaker::Make() == StWarn(1) ***
StJetMaker2012:INFO  - TVector3::PseudoRapidity : transvers momentum = 0! return +/- 10e10
StJetMaker2012:INFO  - TVector3::PseudoRapidity : transvers momentum = 0! return +/- 10e10
StJetMaker2012:INFO  - TVector3::PseudoRapidity : transvers momentum = 0! return +/- 10e10
StJetMaker2012:INFO  - TVector3::PseudoRapidity : transvers momentum = 0! return +/- 10e10
StJetMaker2012:INFO  - TVector3::PseudoRapidity : transvers momentum = 0! return +/- 10e10
StJetMaker2012:INFO  - TVector3::PseudoRapidity : transvers momentum = 0! return +/- 10e10
StJetMaker2012:INFO  - TVector3::PseudoRapidity : transvers momentum = 0! return +/- 10e10
StJetMaker2012:INFO  - TVector3::PseudoRapidity : transvers momentum = 0! return +/- 10e10
StJetMaker2012:INFO  - TVector3::PseudoRapidity : transvers momentum = 0! return +/- 10e10
StJetMaker2012:INFO  - TVector3::PseudoRapidity : transvers momentum = 0! return +/- 10e10
StJetMaker2012:INFO  - TVector3::PseudoRapidity : transvers momentum = 0! return +/- 10e10
StJetMaker2012:INFO  - TVector3::PseudoRapidity : transvers momentum = 0! return +/- 10e10
StJetMaker2012:INFO  - TVector3::PseudoRapidity : transvers momentum = 0! return +/- 10e10
StJetMaker2012:INFO  - TVector3::PseudoRapidity : transvers momentum = 0! return +/- 10e10
StJetMaker2012:INFO  - TVector3::PseudoRapidity : transvers momentum = 0! return +/- 10e10
StJetMaker2012:INFO  - TVector3::PseudoRapidity : transvers momentum = 0! return +/- 10e10
StJetMaker2012:INFO  - TVector3::PseudoRapidity : transvers momentum = 0! return +/- 10e10
StJetMaker2012:INFO  - TVector3::PseudoRapidity : transvers momentum = 0! return +/- 10e10
StJetMaker2012:INFO  - TVector3::PseudoRapidity : transvers momentum = 0! return +/- 10e10
StJetMaker2012:INFO  - TVector3::PseudoRapidity : transvers momentum = 0! return +/- 10e10
QA :INFO  - QAInfo: Done with Event [no. 157/run 0/evt. 157/Date.Time 20090628.53220/sta 0] Real Time =       0.02 seconds Cpu Time =        0.02 seconds
QA :INFO  - QAInfo: Cpu Times: user / system / user children / system children =     0.02 /     0.00 /     0.00 /     0.00 seconds (tick =   100.00, cps = 1000000)
QA :INFO  - QAInfo: Cpu Times: all threads =     0.018004700 seconds
StPythiaFourPMaker:INFO  - TVector3::PseudoRapidity : transvers momentum = 0! return +/- 10e10
StPythiaFourPMaker:INFO  - TVector3::PseudoRapidity : transvers momentum = 0! return +/- 10e10
StMCAsymMaker:WARN  - No StMcEvent
StMCAsymMaker:INFO  - *** StMCAsymMaker::Make() == StWarn(1) ***
StJetMaker2012:INFO  - TVector3::PseudoRapidity : transvers momentum = 0! return +/- 10e10
StJetMaker2012:INFO  - TVector3::PseudoRapidity : transvers momentum = 0! return +/- 10e10
StJetMaker2012:INFO  - TVector3::PseudoRapidity : transvers momentum = 0! return +/- 10e10
StJetMaker2012:INFO  - TVector3::PseudoRapidity : transvers momentum = 0! return +/- 10e10
StJetMaker2012:INFO  - TVector3::PseudoRapidity : transvers momentum = 0! return +/- 10e10
StJetMaker2012:INFO  - TVector3::PseudoRapidity : transvers momentum = 0! return +/- 10e10
StJetMaker2012:INFO  - TVector3::PseudoRapidity : transvers momentum = 0! return +/- 10e10
StJetMaker2012:INFO  - TVector3::PseudoRapidity : transvers momentum = 0! return +/- 10e10
StJetMaker2012:INFO  - TVector3::PseudoRapidity : transvers momentum = 0! return +/- 10e10
StJetMaker2012:INFO  - TVector3::PseudoRapidity : transvers momentum = 0! return +/- 10e10
StJetMaker2012:INFO  - TVector3::PseudoRapidity : transvers momentum = 0! return +/- 10e10
StJetMaker2012:INFO  - TVector3::PseudoRapidity : transvers momentum = 0! return +/- 10e10
StJetMaker2012:INFO  - TVector3::PseudoRapidity : transvers momentum = 0! return +/- 10e10
StJetMaker2012:INFO  - TVector3::PseudoRapidity : transvers momentum = 0! return +/- 10e10
StJetMaker2012:INFO  - TVector3::PseudoRapidity : transvers momentum = 0! return +/- 10e10
StJetMaker2012:INFO  - TVector3::PseudoRapidity : transvers momentum = 0! return +/- 10e10
StJetMaker2012:INFO  - TVector3::PseudoRapidity : transvers momentum = 0! return +/- 10e10
StJetMaker2012:INFO  - TVector3::PseudoRapidity : transvers momentum = 0! return +/- 10e10
StJetMaker2012:INFO  - TVector3::PseudoRapidity : transvers momentum = 0! return +/- 10e10
StJetMaker2012:INFO  - TVector3::PseudoRapidity : transvers momentum = 0! return +/- 10e10
QA :INFO  - QAInfo: Done with Event [no. 158/run 0/evt. 158/Date.Time 20090628.53220/sta 0] Real Time =       0.02 seconds Cpu Time =        0.02 seconds
QA :INFO  - QAInfo: Cpu Times: user / system / user children / system children =     0.02 /     0.00 /     0.00 /     0.00 seconds (tick =   100.00, cps = 1000000)
QA :INFO  - QAInfo: Cpu Times: all threads =     0.022285650 seconds
StPythiaFourPMaker:INFO  - TVector3::PseudoRapidity : transvers momentum = 0! return +/- 10e10
StPythiaFourPMaker:INFO  - TVector3::PseudoRapidity : transvers momentum = 0! return +/- 10e10
StMCAsymMaker:WARN  - No StMcEvent
StMCAsymMaker:INFO  - *** StMCAsymMaker::Make() == StWarn(1) ***
StJetMaker2012:INFO  - TVector3::PseudoRapidity : transvers momentum = 0! return +/- 10e10
StJetMaker2012:INFO  - TVector3::PseudoRapidity : transvers momentum = 0! return +/- 10e10
StJetMaker2012:INFO  - TVector3::PseudoRapidity : transvers momentum = 0! return +/- 10e10
StJetMaker2012:INFO  - TVector3::PseudoRapidity : transvers momentum = 0! return +/- 10e10
StJetMaker2012:INFO  - TVector3::PseudoRapidity : transvers momentum = 0! return +/- 10e10
StJetMaker2012:INFO  - TVector3::PseudoRapidity : transvers momentum = 0! return +/- 10e10
StJetMaker2012:INFO  - TVector3::PseudoRapidity : transvers momentum = 0! return +/- 10e10
StJetMaker2012:INFO  - TVector3::PseudoRapidity : transvers momentum = 0! return +/- 10e10
StJetMaker2012:INFO  - TVector3::PseudoRapidity : transvers momentum = 0! return +/- 10e10
StJetMaker2012:INFO  - TVector3::PseudoRapidity : transvers momentum = 0! return +/- 10e10
StJetMaker2012:INFO  - TVector3::PseudoRapidity : transvers momentum = 0! return +/- 10e10
StJetMaker2012:INFO  - TVector3::PseudoRapidity : transvers momentum = 0! return +/- 10e10
StJetMaker2012:INFO  - TVector3::PseudoRapidity : transvers momentum = 0! return +/- 10e10
StJetMaker2012:INFO  - TVector3::PseudoRapidity : transvers momentum = 0! return +/- 10e10
StJetMaker2012:INFO  - TVector3::PseudoRapidity : transvers momentum = 0! return +/- 10e10
StJetMaker2012:INFO  - TVector3::PseudoRapidity : transvers momentum = 0! return +/- 10e10
StJetMaker2012:INFO  - TVector3::PseudoRapidity : transvers momentum = 0! return +/- 10e10
StJetMaker2012:INFO  - TVector3::PseudoRapidity : transvers momentum = 0! return +/- 10e10
StJetMaker2012:INFO  - TVector3::PseudoRapidity : transvers momentum = 0! return +/- 10e10
StJetMaker2012:INFO  - TVector3::PseudoRapidity : transvers momentum = 0! return +/- 10e10
QA :INFO  - QAInfo: Done with Event [no. 159/run 0/evt. 159/Date.Time 20090628.53220/sta 0] Real Time =       0.02 seconds Cpu Time =        0.02 seconds
QA :INFO  - QAInfo: Cpu Times: user / system / user children / system children =     0.02 /     0.00 /     0.00 /     0.00 seconds (tick =   100.00, cps = 1000000)
QA :INFO  - QAInfo: Cpu Times: all threads =     0.020090779 seconds
StPythiaFourPMaker:INFO  - TVector3::PseudoRapidity : transvers momentum = 0! return +/- 10e10
StPythiaFourPMaker:INFO  - TVector3::PseudoRapidity : transvers momentum = 0! return +/- 10e10
StMCAsymMaker:WARN  - No StMcEvent
StMCAsymMaker:INFO  - *** StMCAsymMaker::Make() == StWarn(1) ***
StJetMaker2012:INFO  - TVector3::PseudoRapidity : transvers momentum = 0! return +/- 10e10
StJetMaker2012:INFO  - TVector3::PseudoRapidity : transvers momentum = 0! return +/- 10e10
StJetMaker2012:INFO  - TVector3::PseudoRapidity : transvers momentum = 0! return +/- 10e10
StJetMaker2012:INFO  - TVector3::PseudoRapidity : transvers momentum = 0! return +/- 10e10
StJetMaker2012:INFO  - TVector3::PseudoRapidity : transvers momentum = 0! return +/- 10e10
StJetMaker2012:INFO  - TVector3::PseudoRapidity : transvers momentum = 0! return +/- 10e10
StJetMaker2012:INFO  - TVector3::PseudoRapidity : transvers momentum = 0! return +/- 10e10
StJetMaker2012:INFO  - TVector3::PseudoRapidity : transvers momentum = 0! return +/- 10e10
StJetMaker2012:INFO  - TVector3::PseudoRapidity : transvers momentum = 0! return +/- 10e10
StJetMaker2012:INFO  - TVector3::PseudoRapidity : transvers momentum = 0! return +/- 10e10
StJetMaker2012:INFO  - TVector3::PseudoRapidity : transvers momentum = 0! return +/- 10e10
StJetMaker2012:INFO  - TVector3::PseudoRapidity : transvers momentum = 0! return +/- 10e10
StJetMaker2012:INFO  - TVector3::PseudoRapidity : transvers momentum = 0! return +/- 10e10
StJetMaker2012:INFO  - TVector3::PseudoRapidity : transvers momentum = 0! return +/- 10e10
StJetMaker2012:INFO  - TVector3::PseudoRapidity : transvers momentum = 0! return +/- 10e10
StJetMaker2012:INFO  - TVector3::PseudoRapidity : transvers momentum = 0! return +/- 10e10
StJetMaker2012:INFO  - TVector3::PseudoRapidity : transvers momentum = 0! return +/- 10e10
StJetMaker2012:INFO  - TVector3::PseudoRapidity : transvers momentum = 0! return +/- 10e10
StJetMaker2012:INFO  - TVector3::PseudoRapidity : transvers momentum = 0! return +/- 10e10
StJetMaker2012:INFO  - TVector3::PseudoRapidity : transvers momentum = 0! return +/- 10e10
QA :INFO  - QAInfo: Done with Event [no. 160/run 0/evt. 160/Date.Time 20090628.53220/sta 0] Real Time =       0.02 seconds Cpu Time =        0.02 seconds
QA :INFO  - QAInfo: Cpu Times: user / system / user children / system children =     0.02 /     0.00 /     0.00 /     0.00 seconds (tick =   100.00, cps = 1000000)
QA :INFO  - QAInfo: Cpu Times: all threads =     0.022636000 seconds
StPythiaFourPMaker:INFO  - TVector3::PseudoRapidity : transvers momentum = 0! return +/- 10e10
StPythiaFourPMaker:INFO  - TVector3::PseudoRapidity : transvers momentum = 0! return +/- 10e10
StMCAsymMaker:WARN  - No StMcEvent
StMCAsymMaker:INFO  - *** StMCAsymMaker::Make() == StWarn(1) ***
StJetMaker2012:INFO  - TVector3::PseudoRapidity : transvers momentum = 0! return +/- 10e10
StJetMaker2012:INFO  - TVector3::PseudoRapidity : transvers momentum = 0! return +/- 10e10
StJetMaker2012:INFO  - TVector3::PseudoRapidity : transvers momentum = 0! return +/- 10e10
StJetMaker2012:INFO  - TVector3::PseudoRapidity : transvers momentum = 0! return +/- 10e10
StJetMaker2012:INFO  - TVector3::PseudoRapidity : transvers momentum = 0! return +/- 10e10
StJetMaker2012:INFO  - TVector3::PseudoRapidity : transvers momentum = 0! return +/- 10e10
StJetMaker2012:INFO  - TVector3::PseudoRapidity : transvers momentum = 0! return +/- 10e10
StJetMaker2012:INFO  - TVector3::PseudoRapidity : transvers momentum = 0! return +/- 10e10
StJetMaker2012:INFO  - TVector3::PseudoRapidity : transvers momentum = 0! return +/- 10e10
StJetMaker2012:INFO  - TVector3::PseudoRapidity : transvers momentum = 0! return +/- 10e10
StJetMaker2012:INFO  - TVector3::PseudoRapidity : transvers momentum = 0! return +/- 10e10
StJetMaker2012:INFO  - TVector3::PseudoRapidity : transvers momentum = 0! return +/- 10e10
StJetMaker2012:INFO  - TVector3::PseudoRapidity : transvers momentum = 0! return +/- 10e10
StJetMaker2012:INFO  - TVector3::PseudoRapidity : transvers momentum = 0! return +/- 10e10
StJetMaker2012:INFO  - TVector3::PseudoRapidity : transvers momentum = 0! return +/- 10e10
StJetMaker2012:INFO  - TVector3::PseudoRapidity : transvers momentum = 0! return +/- 10e10
StJetMaker2012:INFO  - TVector3::PseudoRapidity : transvers momentum = 0! return +/- 10e10
StJetMaker2012:INFO  - TVector3::PseudoRapidity : transvers momentum = 0! return +/- 10e10
StJetMaker2012:INFO  - TVector3::PseudoRapidity : transvers momentum = 0! return +/- 10e10
StJetMaker2012:INFO  - TVector3::PseudoRapidity : transvers momentum = 0! return +/- 10e10
QA :INFO  - QAInfo: Done with Event [no. 161/run 0/evt. 161/Date.Time 20090628.53220/sta 0] Real Time =       0.03 seconds Cpu Time =        0.03 seconds
QA :INFO  - QAInfo: Cpu Times: user / system / user children / system children =     0.03 /     0.00 /     0.00 /     0.00 seconds (tick =   100.00, cps = 1000000)
QA :INFO  - QAInfo: Cpu Times: all threads =     0.032307490 seconds
StPythiaFourPMaker:INFO  - TVector3::PseudoRapidity : transvers momentum = 0! return +/- 10e10
StPythiaFourPMaker:INFO  - TVector3::PseudoRapidity : transvers momentum = 0! return +/- 10e10
StMCAsymMaker:WARN  - No StMcEvent
StMCAsymMaker:INFO  - *** StMCAsymMaker::Make() == StWarn(1) ***
StJetMaker2012:INFO  - TVector3::PseudoRapidity : transvers momentum = 0! return +/- 10e10
StJetMaker2012:INFO  - TVector3::PseudoRapidity : transvers momentum = 0! return +/- 10e10
StJetMaker2012:INFO  - TVector3::PseudoRapidity : transvers momentum = 0! return +/- 10e10
StJetMaker2012:INFO  - TVector3::PseudoRapidity : transvers momentum = 0! return +/- 10e10
StJetMaker2012:INFO  - TVector3::PseudoRapidity : transvers momentum = 0! return +/- 10e10
StJetMaker2012:INFO  - TVector3::PseudoRapidity : transvers momentum = 0! return +/- 10e10
StJetMaker2012:INFO  - TVector3::PseudoRapidity : transvers momentum = 0! return +/- 10e10
StJetMaker2012:INFO  - TVector3::PseudoRapidity : transvers momentum = 0! return +/- 10e10
StJetMaker2012:INFO  - TVector3::PseudoRapidity : transvers momentum = 0! return +/- 10e10
StJetMaker2012:INFO  - TVector3::PseudoRapidity : transvers momentum = 0! return +/- 10e10
StJetMaker2012:INFO  - TVector3::PseudoRapidity : transvers momentum = 0! return +/- 10e10
StJetMaker2012:INFO  - TVector3::PseudoRapidity : transvers momentum = 0! return +/- 10e10
StJetMaker2012:INFO  - TVector3::PseudoRapidity : transvers momentum = 0! return +/- 10e10
StJetMaker2012:INFO  - TVector3::PseudoRapidity : transvers momentum = 0! return +/- 10e10
StJetMaker2012:INFO  - TVector3::PseudoRapidity : transvers momentum = 0! return +/- 10e10
StJetMaker2012:INFO  - TVector3::PseudoRapidity : transvers momentum = 0! return +/- 10e10
StJetMaker2012:INFO  - TVector3::PseudoRapidity : transvers momentum = 0! return +/- 10e10
StJetMaker2012:INFO  - TVector3::PseudoRapidity : transvers momentum = 0! return +/- 10e10
StJetMaker2012:INFO  - TVector3::PseudoRapidity : transvers momentum = 0! return +/- 10e10
StJetMaker2012:INFO  - TVector3::PseudoRapidity : transvers momentum = 0! return +/- 10e10
QA :INFO  - QAInfo: Done with Event [no. 162/run 0/evt. 162/Date.Time 20090628.53220/sta 0] Real Time =       0.03 seconds Cpu Time =        0.03 seconds
QA :INFO  - QAInfo: Cpu Times: user / system / user children / system children =     0.03 /     0.00 /     0.00 /     0.00 seconds (tick =   100.00, cps = 1000000)
QA :INFO  - QAInfo: Cpu Times: all threads =     0.028659780 seconds
StPythiaFourPMaker:INFO  - TVector3::PseudoRapidity : transvers momentum = 0! return +/- 10e10
StPythiaFourPMaker:INFO  - TVector3::PseudoRapidity : transvers momentum = 0! return +/- 10e10
StMCAsymMaker:WARN  - No StMcEvent
StMCAsymMaker:INFO  - *** StMCAsymMaker::Make() == StWarn(1) ***
StJetMaker2012:INFO  - TVector3::PseudoRapidity : transvers momentum = 0! return +/- 10e10
StJetMaker2012:INFO  - TVector3::PseudoRapidity : transvers momentum = 0! return +/- 10e10
StJetMaker2012:INFO  - TVector3::PseudoRapidity : transvers momentum = 0! return +/- 10e10
StJetMaker2012:INFO  - TVector3::PseudoRapidity : transvers momentum = 0! return +/- 10e10
StJetMaker2012:INFO  - TVector3::PseudoRapidity : transvers momentum = 0! return +/- 10e10
StJetMaker2012:INFO  - TVector3::PseudoRapidity : transvers momentum = 0! return +/- 10e10
StJetMaker2012:INFO  - TVector3::PseudoRapidity : transvers momentum = 0! return +/- 10e10
StJetMaker2012:INFO  - TVector3::PseudoRapidity : transvers momentum = 0! return +/- 10e10
StJetMaker2012:INFO  - TVector3::PseudoRapidity : transvers momentum = 0! return +/- 10e10
StJetMaker2012:INFO  - TVector3::PseudoRapidity : transvers momentum = 0! return +/- 10e10
StJetMaker2012:INFO  - TVector3::PseudoRapidity : transvers momentum = 0! return +/- 10e10
StJetMaker2012:INFO  - TVector3::PseudoRapidity : transvers momentum = 0! return +/- 10e10
StJetMaker2012:INFO  - TVector3::PseudoRapidity : transvers momentum = 0! return +/- 10e10
StJetMaker2012:INFO  - TVector3::PseudoRapidity : transvers momentum = 0! return +/- 10e10
StJetMaker2012:INFO  - TVector3::PseudoRapidity : transvers momentum = 0! return +/- 10e10
StJetMaker2012:INFO  - TVector3::PseudoRapidity : transvers momentum = 0! return +/- 10e10
StJetMaker2012:INFO  - TVector3::PseudoRapidity : transvers momentum = 0! return +/- 10e10
StJetMaker2012:INFO  - TVector3::PseudoRapidity : transvers momentum = 0! return +/- 10e10
StJetMaker2012:INFO  - TVector3::PseudoRapidity : transvers momentum = 0! return +/- 10e10
StJetMaker2012:INFO  - TVector3::PseudoRapidity : transvers momentum = 0! return +/- 10e10
QA :INFO  - QAInfo: Done with Event [no. 163/run 0/evt. 163/Date.Time 20090628.53220/sta 0] Real Time =       0.02 seconds Cpu Time =        0.02 seconds
QA :INFO  - QAInfo: Cpu Times: user / system / user children / system children =     0.02 /     0.00 /     0.00 /     0.00 seconds (tick =   100.00, cps = 1000000)
QA :INFO  - QAInfo: Cpu Times: all threads =     0.020061880 seconds
StPythiaFourPMaker:INFO  - TVector3::PseudoRapidity : transvers momentum = 0! return +/- 10e10
StPythiaFourPMaker:INFO  - TVector3::PseudoRapidity : transvers momentum = 0! return +/- 10e10
StMCAsymMaker:WARN  - No StMcEvent
StMCAsymMaker:INFO  - *** StMCAsymMaker::Make() == StWarn(1) ***
StJetMaker2012:INFO  - TVector3::PseudoRapidity : transvers momentum = 0! return +/- 10e10
StJetMaker2012:INFO  - TVector3::PseudoRapidity : transvers momentum = 0! return +/- 10e10
StJetMaker2012:INFO  - TVector3::PseudoRapidity : transvers momentum = 0! return +/- 10e10
StJetMaker2012:INFO  - TVector3::PseudoRapidity : transvers momentum = 0! return +/- 10e10
StJetMaker2012:INFO  - TVector3::PseudoRapidity : transvers momentum = 0! return +/- 10e10
StJetMaker2012:INFO  - TVector3::PseudoRapidity : transvers momentum = 0! return +/- 10e10
StJetMaker2012:INFO  - TVector3::PseudoRapidity : transvers momentum = 0! return +/- 10e10
StJetMaker2012:INFO  - TVector3::PseudoRapidity : transvers momentum = 0! return +/- 10e10
StJetMaker2012:INFO  - TVector3::PseudoRapidity : transvers momentum = 0! return +/- 10e10
StJetMaker2012:INFO  - TVector3::PseudoRapidity : transvers momentum = 0! return +/- 10e10
StJetMaker2012:INFO  - TVector3::PseudoRapidity : transvers momentum = 0! return +/- 10e10
StJetMaker2012:INFO  - TVector3::PseudoRapidity : transvers momentum = 0! return +/- 10e10
StJetMaker2012:INFO  - TVector3::PseudoRapidity : transvers momentum = 0! return +/- 10e10
StJetMaker2012:INFO  - TVector3::PseudoRapidity : transvers momentum = 0! return +/- 10e10
StJetMaker2012:INFO  - TVector3::PseudoRapidity : transvers momentum = 0! return +/- 10e10
StJetMaker2012:INFO  - TVector3::PseudoRapidity : transvers momentum = 0! return +/- 10e10
StJetMaker2012:INFO  - TVector3::PseudoRapidity : transvers momentum = 0! return +/- 10e10
StJetMaker2012:INFO  - TVector3::PseudoRapidity : transvers momentum = 0! return +/- 10e10
StJetMaker2012:INFO  - TVector3::PseudoRapidity : transvers momentum = 0! return +/- 10e10
StJetMaker2012:INFO  - TVector3::PseudoRapidity : transvers momentum = 0! return +/- 10e10
QA :INFO  - QAInfo: Done with Event [no. 164/run 0/evt. 164/Date.Time 20090628.53220/sta 0] Real Time =       0.02 seconds Cpu Time =        0.03 seconds
QA :INFO  - QAInfo: Cpu Times: user / system / user children / system children =     0.03 /     0.00 /     0.00 /     0.00 seconds (tick =   100.00, cps = 1000000)
QA :INFO  - QAInfo: Cpu Times: all threads =     0.023205080 seconds
StPythiaFourPMaker:INFO  - TVector3::PseudoRapidity : transvers momentum = 0! return +/- 10e10
StPythiaFourPMaker:INFO  - TVector3::PseudoRapidity : transvers momentum = 0! return +/- 10e10
StMCAsymMaker:WARN  - No StMcEvent
StMCAsymMaker:INFO  - *** StMCAsymMaker::Make() == StWarn(1) ***
StJetMaker2012:INFO  - TVector3::PseudoRapidity : transvers momentum = 0! return +/- 10e10
StJetMaker2012:INFO  - TVector3::PseudoRapidity : transvers momentum = 0! return +/- 10e10
StJetMaker2012:INFO  - TVector3::PseudoRapidity : transvers momentum = 0! return +/- 10e10
StJetMaker2012:INFO  - TVector3::PseudoRapidity : transvers momentum = 0! return +/- 10e10
StJetMaker2012:INFO  - TVector3::PseudoRapidity : transvers momentum = 0! return +/- 10e10
StJetMaker2012:INFO  - TVector3::PseudoRapidity : transvers momentum = 0! return +/- 10e10
StJetMaker2012:INFO  - TVector3::PseudoRapidity : transvers momentum = 0! return +/- 10e10
StJetMaker2012:INFO  - TVector3::PseudoRapidity : transvers momentum = 0! return +/- 10e10
StJetMaker2012:INFO  - TVector3::PseudoRapidity : transvers momentum = 0! return +/- 10e10
StJetMaker2012:INFO  - TVector3::PseudoRapidity : transvers momentum = 0! return +/- 10e10
StJetMaker2012:INFO  - TVector3::PseudoRapidity : transvers momentum = 0! return +/- 10e10
StJetMaker2012:INFO  - TVector3::PseudoRapidity : transvers momentum = 0! return +/- 10e10
StJetMaker2012:INFO  - TVector3::PseudoRapidity : transvers momentum = 0! return +/- 10e10
StJetMaker2012:INFO  - TVector3::PseudoRapidity : transvers momentum = 0! return +/- 10e10
StJetMaker2012:INFO  - TVector3::PseudoRapidity : transvers momentum = 0! return +/- 10e10
StJetMaker2012:INFO  - TVector3::PseudoRapidity : transvers momentum = 0! return +/- 10e10
StJetMaker2012:INFO  - TVector3::PseudoRapidity : transvers momentum = 0! return +/- 10e10
StJetMaker2012:INFO  - TVector3::PseudoRapidity : transvers momentum = 0! return +/- 10e10
StJetMaker2012:INFO  - TVector3::PseudoRapidity : transvers momentum = 0! return +/- 10e10
StJetMaker2012:INFO  - TVector3::PseudoRapidity : transvers momentum = 0! return +/- 10e10
QA :INFO  - QAInfo: Done with Event [no. 165/run 0/evt. 165/Date.Time 20090628.53220/sta 0] Real Time =       0.02 seconds Cpu Time =        0.02 seconds
QA :INFO  - QAInfo: Cpu Times: user / system / user children / system children =     0.02 /     0.00 /     0.00 /     0.00 seconds (tick =   100.00, cps = 1000000)
QA :INFO  - QAInfo: Cpu Times: all threads =     0.019847820 seconds
StPythiaFourPMaker:INFO  - TVector3::PseudoRapidity : transvers momentum = 0! return +/- 10e10
StPythiaFourPMaker:INFO  - TVector3::PseudoRapidity : transvers momentum = 0! return +/- 10e10
StMCAsymMaker:WARN  - No StMcEvent
StMCAsymMaker:INFO  - *** StMCAsymMaker::Make() == StWarn(1) ***
StJetMaker2012:INFO  - TVector3::PseudoRapidity : transvers momentum = 0! return +/- 10e10
StJetMaker2012:INFO  - TVector3::PseudoRapidity : transvers momentum = 0! return +/- 10e10
StJetMaker2012:INFO  - TVector3::PseudoRapidity : transvers momentum = 0! return +/- 10e10
StJetMaker2012:INFO  - TVector3::PseudoRapidity : transvers momentum = 0! return +/- 10e10
StJetMaker2012:INFO  - TVector3::PseudoRapidity : transvers momentum = 0! return +/- 10e10
StJetMaker2012:INFO  - TVector3::PseudoRapidity : transvers momentum = 0! return +/- 10e10
StJetMaker2012:INFO  - TVector3::PseudoRapidity : transvers momentum = 0! return +/- 10e10
StJetMaker2012:INFO  - TVector3::PseudoRapidity : transvers momentum = 0! return +/- 10e10
StJetMaker2012:INFO  - TVector3::PseudoRapidity : transvers momentum = 0! return +/- 10e10
StJetMaker2012:INFO  - TVector3::PseudoRapidity : transvers momentum = 0! return +/- 10e10
StJetMaker2012:INFO  - TVector3::PseudoRapidity : transvers momentum = 0! return +/- 10e10
StJetMaker2012:INFO  - TVector3::PseudoRapidity : transvers momentum = 0! return +/- 10e10
StJetMaker2012:INFO  - TVector3::PseudoRapidity : transvers momentum = 0! return +/- 10e10
StJetMaker2012:INFO  - TVector3::PseudoRapidity : transvers momentum = 0! return +/- 10e10
StJetMaker2012:INFO  - TVector3::PseudoRapidity : transvers momentum = 0! return +/- 10e10
StJetMaker2012:INFO  - TVector3::PseudoRapidity : transvers momentum = 0! return +/- 10e10
StJetMaker2012:INFO  - TVector3::PseudoRapidity : transvers momentum = 0! return +/- 10e10
StJetMaker2012:INFO  - TVector3::PseudoRapidity : transvers momentum = 0! return +/- 10e10
StJetMaker2012:INFO  - TVector3::PseudoRapidity : transvers momentum = 0! return +/- 10e10
StJetMaker2012:INFO  - TVector3::PseudoRapidity : transvers momentum = 0! return +/- 10e10
QA :INFO  - QAInfo: Done with Event [no. 166/run 0/evt. 166/Date.Time 20090628.53220/sta 0] Real Time =       0.02 seconds Cpu Time =        0.01 seconds
QA :INFO  - QAInfo: Cpu Times: user / system / user children / system children =     0.01 /     0.00 /     0.00 /     0.00 seconds (tick =   100.00, cps = 1000000)
QA :INFO  - QAInfo: Cpu Times: all threads =     0.019202350 seconds
StPythiaFourPMaker:INFO  - TVector3::PseudoRapidity : transvers momentum = 0! return +/- 10e10
StPythiaFourPMaker:INFO  - TVector3::PseudoRapidity : transvers momentum = 0! return +/- 10e10
StMCAsymMaker:WARN  - No StMcEvent
StMCAsymMaker:INFO  - *** StMCAsymMaker::Make() == StWarn(1) ***
StJetMaker2012:INFO  - TVector3::PseudoRapidity : transvers momentum = 0! return +/- 10e10
StJetMaker2012:INFO  - TVector3::PseudoRapidity : transvers momentum = 0! return +/- 10e10
StJetMaker2012:INFO  - TVector3::PseudoRapidity : transvers momentum = 0! return +/- 10e10
StJetMaker2012:INFO  - TVector3::PseudoRapidity : transvers momentum = 0! return +/- 10e10
StJetMaker2012:INFO  - TVector3::PseudoRapidity : transvers momentum = 0! return +/- 10e10
StJetMaker2012:INFO  - TVector3::PseudoRapidity : transvers momentum = 0! return +/- 10e10
StJetMaker2012:INFO  - TVector3::PseudoRapidity : transvers momentum = 0! return +/- 10e10
StJetMaker2012:INFO  - TVector3::PseudoRapidity : transvers momentum = 0! return +/- 10e10
StJetMaker2012:INFO  - TVector3::PseudoRapidity : transvers momentum = 0! return +/- 10e10
StJetMaker2012:INFO  - TVector3::PseudoRapidity : transvers momentum = 0! return +/- 10e10
StJetMaker2012:INFO  - TVector3::PseudoRapidity : transvers momentum = 0! return +/- 10e10
StJetMaker2012:INFO  - TVector3::PseudoRapidity : transvers momentum = 0! return +/- 10e10
StJetMaker2012:INFO  - TVector3::PseudoRapidity : transvers momentum = 0! return +/- 10e10
StJetMaker2012:INFO  - TVector3::PseudoRapidity : transvers momentum = 0! return +/- 10e10
StJetMaker2012:INFO  - TVector3::PseudoRapidity : transvers momentum = 0! return +/- 10e10
StJetMaker2012:INFO  - TVector3::PseudoRapidity : transvers momentum = 0! return +/- 10e10
StJetMaker2012:INFO  - TVector3::PseudoRapidity : transvers momentum = 0! return +/- 10e10
StJetMaker2012:INFO  - TVector3::PseudoRapidity : transvers momentum = 0! return +/- 10e10
StJetMaker2012:INFO  - TVector3::PseudoRapidity : transvers momentum = 0! return +/- 10e10
StJetMaker2012:INFO  - TVector3::PseudoRapidity : transvers momentum = 0! return +/- 10e10
QA :INFO  - QAInfo: Done with Event [no. 167/run 0/evt. 167/Date.Time 20090628.53220/sta 0] Real Time =       0.02 seconds Cpu Time =        0.02 seconds
QA :INFO  - QAInfo: Cpu Times: user / system / user children / system children =     0.02 /     0.00 /     0.00 /     0.00 seconds (tick =   100.00, cps = 1000000)
QA :INFO  - QAInfo: Cpu Times: all threads =     0.018968860 seconds
StPythiaFourPMaker:INFO  - TVector3::PseudoRapidity : transvers momentum = 0! return +/- 10e10
StPythiaFourPMaker:INFO  - TVector3::PseudoRapidity : transvers momentum = 0! return +/- 10e10
StMCAsymMaker:WARN  - No StMcEvent
StMCAsymMaker:INFO  - *** StMCAsymMaker::Make() == StWarn(1) ***
StJetMaker2012:INFO  - TVector3::PseudoRapidity : transvers momentum = 0! return +/- 10e10
StJetMaker2012:INFO  - TVector3::PseudoRapidity : transvers momentum = 0! return +/- 10e10
StJetMaker2012:INFO  - TVector3::PseudoRapidity : transvers momentum = 0! return +/- 10e10
StJetMaker2012:INFO  - TVector3::PseudoRapidity : transvers momentum = 0! return +/- 10e10
StJetMaker2012:INFO  - TVector3::PseudoRapidity : transvers momentum = 0! return +/- 10e10
StJetMaker2012:INFO  - TVector3::PseudoRapidity : transvers momentum = 0! return +/- 10e10
StJetMaker2012:INFO  - TVector3::PseudoRapidity : transvers momentum = 0! return +/- 10e10
StJetMaker2012:INFO  - TVector3::PseudoRapidity : transvers momentum = 0! return +/- 10e10
StJetMaker2012:INFO  - TVector3::PseudoRapidity : transvers momentum = 0! return +/- 10e10
StJetMaker2012:INFO  - TVector3::PseudoRapidity : transvers momentum = 0! return +/- 10e10
StJetMaker2012:INFO  - TVector3::PseudoRapidity : transvers momentum = 0! return +/- 10e10
StJetMaker2012:INFO  - TVector3::PseudoRapidity : transvers momentum = 0! return +/- 10e10
StJetMaker2012:INFO  - TVector3::PseudoRapidity : transvers momentum = 0! return +/- 10e10
StJetMaker2012:INFO  - TVector3::PseudoRapidity : transvers momentum = 0! return +/- 10e10
StJetMaker2012:INFO  - TVector3::PseudoRapidity : transvers momentum = 0! return +/- 10e10
StJetMaker2012:INFO  - TVector3::PseudoRapidity : transvers momentum = 0! return +/- 10e10
StJetMaker2012:INFO  - TVector3::PseudoRapidity : transvers momentum = 0! return +/- 10e10
StJetMaker2012:INFO  - TVector3::PseudoRapidity : transvers momentum = 0! return +/- 10e10
StJetMaker2012:INFO  - TVector3::PseudoRapidity : transvers momentum = 0! return +/- 10e10
StJetMaker2012:INFO  - TVector3::PseudoRapidity : transvers momentum = 0! return +/- 10e10
QA :INFO  - QAInfo: Done with Event [no. 168/run 0/evt. 168/Date.Time 20090628.53220/sta 0] Real Time =       0.02 seconds Cpu Time =        0.02 seconds
QA :INFO  - QAInfo: Cpu Times: user / system / user children / system children =     0.02 /     0.00 /     0.00 /     0.00 seconds (tick =   100.00, cps = 1000000)
QA :INFO  - QAInfo: Cpu Times: all threads =     0.017616120 seconds
StPythiaFourPMaker:INFO  - TVector3::PseudoRapidity : transvers momentum = 0! return +/- 10e10
StPythiaFourPMaker:INFO  - TVector3::PseudoRapidity : transvers momentum = 0! return +/- 10e10
StMCAsymMaker:WARN  - No StMcEvent
StMCAsymMaker:INFO  - *** StMCAsymMaker::Make() == StWarn(1) ***
StJetMaker2012:INFO  - TVector3::PseudoRapidity : transvers momentum = 0! return +/- 10e10
StJetMaker2012:INFO  - TVector3::PseudoRapidity : transvers momentum = 0! return +/- 10e10
StJetMaker2012:INFO  - TVector3::PseudoRapidity : transvers momentum = 0! return +/- 10e10
StJetMaker2012:INFO  - TVector3::PseudoRapidity : transvers momentum = 0! return +/- 10e10
StJetMaker2012:INFO  - TVector3::PseudoRapidity : transvers momentum = 0! return +/- 10e10
StJetMaker2012:INFO  - TVector3::PseudoRapidity : transvers momentum = 0! return +/- 10e10
StJetMaker2012:INFO  - TVector3::PseudoRapidity : transvers momentum = 0! return +/- 10e10
StJetMaker2012:INFO  - TVector3::PseudoRapidity : transvers momentum = 0! return +/- 10e10
StJetMaker2012:INFO  - TVector3::PseudoRapidity : transvers momentum = 0! return +/- 10e10
StJetMaker2012:INFO  - TVector3::PseudoRapidity : transvers momentum = 0! return +/- 10e10
StJetMaker2012:INFO  - TVector3::PseudoRapidity : transvers momentum = 0! return +/- 10e10
StJetMaker2012:INFO  - TVector3::PseudoRapidity : transvers momentum = 0! return +/- 10e10
StJetMaker2012:INFO  - TVector3::PseudoRapidity : transvers momentum = 0! return +/- 10e10
StJetMaker2012:INFO  - TVector3::PseudoRapidity : transvers momentum = 0! return +/- 10e10
StJetMaker2012:INFO  - TVector3::PseudoRapidity : transvers momentum = 0! return +/- 10e10
StJetMaker2012:INFO  - TVector3::PseudoRapidity : transvers momentum = 0! return +/- 10e10
StJetMaker2012:INFO  - TVector3::PseudoRapidity : transvers momentum = 0! return +/- 10e10
StJetMaker2012:INFO  - TVector3::PseudoRapidity : transvers momentum = 0! return +/- 10e10
StJetMaker2012:INFO  - TVector3::PseudoRapidity : transvers momentum = 0! return +/- 10e10
StJetMaker2012:INFO  - TVector3::PseudoRapidity : transvers momentum = 0! return +/- 10e10
QA :INFO  - QAInfo: Done with Event [no. 169/run 0/evt. 169/Date.Time 20090628.53220/sta 0] Real Time =       0.02 seconds Cpu Time =        0.02 seconds
QA :INFO  - QAInfo: Cpu Times: user / system / user children / system children =     0.02 /     0.00 /     0.00 /     0.00 seconds (tick =   100.00, cps = 1000000)
QA :INFO  - QAInfo: Cpu Times: all threads =     0.018520030 seconds
StPythiaFourPMaker:INFO  - TVector3::PseudoRapidity : transvers momentum = 0! return +/- 10e10
StPythiaFourPMaker:INFO  - TVector3::PseudoRapidity : transvers momentum = 0! return +/- 10e10
StMCAsymMaker:WARN  - No StMcEvent
StMCAsymMaker:INFO  - *** StMCAsymMaker::Make() == StWarn(1) ***
StJetMaker2012:INFO  - TVector3::PseudoRapidity : transvers momentum = 0! return +/- 10e10
StJetMaker2012:INFO  - TVector3::PseudoRapidity : transvers momentum = 0! return +/- 10e10
StJetMaker2012:INFO  - TVector3::PseudoRapidity : transvers momentum = 0! return +/- 10e10
StJetMaker2012:INFO  - TVector3::PseudoRapidity : transvers momentum = 0! return +/- 10e10
StJetMaker2012:INFO  - TVector3::PseudoRapidity : transvers momentum = 0! return +/- 10e10
StJetMaker2012:INFO  - TVector3::PseudoRapidity : transvers momentum = 0! return +/- 10e10
StJetMaker2012:INFO  - TVector3::PseudoRapidity : transvers momentum = 0! return +/- 10e10
StJetMaker2012:INFO  - TVector3::PseudoRapidity : transvers momentum = 0! return +/- 10e10
StJetMaker2012:INFO  - TVector3::PseudoRapidity : transvers momentum = 0! return +/- 10e10
StJetMaker2012:INFO  - TVector3::PseudoRapidity : transvers momentum = 0! return +/- 10e10
StJetMaker2012:INFO  - TVector3::PseudoRapidity : transvers momentum = 0! return +/- 10e10
StJetMaker2012:INFO  - TVector3::PseudoRapidity : transvers momentum = 0! return +/- 10e10
StJetMaker2012:INFO  - TVector3::PseudoRapidity : transvers momentum = 0! return +/- 10e10
StJetMaker2012:INFO  - TVector3::PseudoRapidity : transvers momentum = 0! return +/- 10e10
StJetMaker2012:INFO  - TVector3::PseudoRapidity : transvers momentum = 0! return +/- 10e10
StJetMaker2012:INFO  - TVector3::PseudoRapidity : transvers momentum = 0! return +/- 10e10
StJetMaker2012:INFO  - TVector3::PseudoRapidity : transvers momentum = 0! return +/- 10e10
StJetMaker2012:INFO  - TVector3::PseudoRapidity : transvers momentum = 0! return +/- 10e10
StJetMaker2012:INFO  - TVector3::PseudoRapidity : transvers momentum = 0! return +/- 10e10
StJetMaker2012:INFO  - TVector3::PseudoRapidity : transvers momentum = 0! return +/- 10e10
QA :INFO  - QAInfo: Done with Event [no. 170/run 0/evt. 170/Date.Time 20090628.53220/sta 0] Real Time =       0.02 seconds Cpu Time =        0.02 seconds
QA :INFO  - QAInfo: Cpu Times: user / system / user children / system children =     0.02 /     0.00 /     0.00 /     0.00 seconds (tick =   100.00, cps = 1000000)
QA :INFO  - QAInfo: Cpu Times: all threads =     0.022020380 seconds
StPythiaFourPMaker:INFO  - TVector3::PseudoRapidity : transvers momentum = 0! return +/- 10e10
StPythiaFourPMaker:INFO  - TVector3::PseudoRapidity : transvers momentum = 0! return +/- 10e10
StMCAsymMaker:WARN  - No StMcEvent
StMCAsymMaker:INFO  - *** StMCAsymMaker::Make() == StWarn(1) ***
StJetMaker2012:INFO  - TVector3::PseudoRapidity : transvers momentum = 0! return +/- 10e10
StJetMaker2012:INFO  - TVector3::PseudoRapidity : transvers momentum = 0! return +/- 10e10
StJetMaker2012:INFO  - TVector3::PseudoRapidity : transvers momentum = 0! return +/- 10e10
StJetMaker2012:INFO  - TVector3::PseudoRapidity : transvers momentum = 0! return +/- 10e10
StJetMaker2012:INFO  - TVector3::PseudoRapidity : transvers momentum = 0! return +/- 10e10
StJetMaker2012:INFO  - TVector3::PseudoRapidity : transvers momentum = 0! return +/- 10e10
StJetMaker2012:INFO  - TVector3::PseudoRapidity : transvers momentum = 0! return +/- 10e10
StJetMaker2012:INFO  - TVector3::PseudoRapidity : transvers momentum = 0! return +/- 10e10
StJetMaker2012:INFO  - TVector3::PseudoRapidity : transvers momentum = 0! return +/- 10e10
StJetMaker2012:INFO  - TVector3::PseudoRapidity : transvers momentum = 0! return +/- 10e10
StJetMaker2012:INFO  - TVector3::PseudoRapidity : transvers momentum = 0! return +/- 10e10
StJetMaker2012:INFO  - TVector3::PseudoRapidity : transvers momentum = 0! return +/- 10e10
StJetMaker2012:INFO  - TVector3::PseudoRapidity : transvers momentum = 0! return +/- 10e10
StJetMaker2012:INFO  - TVector3::PseudoRapidity : transvers momentum = 0! return +/- 10e10
StJetMaker2012:INFO  - TVector3::PseudoRapidity : transvers momentum = 0! return +/- 10e10
StJetMaker2012:INFO  - TVector3::PseudoRapidity : transvers momentum = 0! return +/- 10e10
StJetMaker2012:INFO  - TVector3::PseudoRapidity : transvers momentum = 0! return +/- 10e10
StJetMaker2012:INFO  - TVector3::PseudoRapidity : transvers momentum = 0! return +/- 10e10
StJetMaker2012:INFO  - TVector3::PseudoRapidity : transvers momentum = 0! return +/- 10e10
StJetMaker2012:INFO  - TVector3::PseudoRapidity : transvers momentum = 0! return +/- 10e10
QA :INFO  - QAInfo: Done with Event [no. 171/run 0/evt. 171/Date.Time 20090628.53220/sta 0] Real Time =       0.02 seconds Cpu Time =        0.02 seconds
QA :INFO  - QAInfo: Cpu Times: user / system / user children / system children =     0.02 /     0.00 /     0.00 /     0.00 seconds (tick =   100.00, cps = 1000000)
QA :INFO  - QAInfo: Cpu Times: all threads =     0.023392230 seconds
StPythiaFourPMaker:INFO  - TVector3::PseudoRapidity : transvers momentum = 0! return +/- 10e10
StPythiaFourPMaker:INFO  - TVector3::PseudoRapidity : transvers momentum = 0! return +/- 10e10
StMCAsymMaker:WARN  - No StMcEvent
StMCAsymMaker:INFO  - *** StMCAsymMaker::Make() == StWarn(1) ***
StJetMaker2012:INFO  - TVector3::PseudoRapidity : transvers momentum = 0! return +/- 10e10
StJetMaker2012:INFO  - TVector3::PseudoRapidity : transvers momentum = 0! return +/- 10e10
StJetMaker2012:INFO  - TVector3::PseudoRapidity : transvers momentum = 0! return +/- 10e10
StJetMaker2012:INFO  - TVector3::PseudoRapidity : transvers momentum = 0! return +/- 10e10
StJetMaker2012:INFO  - TVector3::PseudoRapidity : transvers momentum = 0! return +/- 10e10
StJetMaker2012:INFO  - TVector3::PseudoRapidity : transvers momentum = 0! return +/- 10e10
StJetMaker2012:INFO  - TVector3::PseudoRapidity : transvers momentum = 0! return +/- 10e10
StJetMaker2012:INFO  - TVector3::PseudoRapidity : transvers momentum = 0! return +/- 10e10
StJetMaker2012:INFO  - TVector3::PseudoRapidity : transvers momentum = 0! return +/- 10e10
StJetMaker2012:INFO  - TVector3::PseudoRapidity : transvers momentum = 0! return +/- 10e10
StJetMaker2012:INFO  - TVector3::PseudoRapidity : transvers momentum = 0! return +/- 10e10
StJetMaker2012:INFO  - TVector3::PseudoRapidity : transvers momentum = 0! return +/- 10e10
StJetMaker2012:INFO  - TVector3::PseudoRapidity : transvers momentum = 0! return +/- 10e10
StJetMaker2012:INFO  - TVector3::PseudoRapidity : transvers momentum = 0! return +/- 10e10
StJetMaker2012:INFO  - TVector3::PseudoRapidity : transvers momentum = 0! return +/- 10e10
StJetMaker2012:INFO  - TVector3::PseudoRapidity : transvers momentum = 0! return +/- 10e10
StJetMaker2012:INFO  - TVector3::PseudoRapidity : transvers momentum = 0! return +/- 10e10
StJetMaker2012:INFO  - TVector3::PseudoRapidity : transvers momentum = 0! return +/- 10e10
StJetMaker2012:INFO  - TVector3::PseudoRapidity : transvers momentum = 0! return +/- 10e10
StJetMaker2012:INFO  - TVector3::PseudoRapidity : transvers momentum = 0! return +/- 10e10
QA :INFO  - QAInfo: Done with Event [no. 172/run 0/evt. 172/Date.Time 20090628.53220/sta 0] Real Time =       0.02 seconds Cpu Time =        0.02 seconds
QA :INFO  - QAInfo: Cpu Times: user / system / user children / system children =     0.02 /     0.00 /     0.00 /     0.00 seconds (tick =   100.00, cps = 1000000)
QA :INFO  - QAInfo: Cpu Times: all threads =     0.020334920 seconds
StPythiaFourPMaker:INFO  - TVector3::PseudoRapidity : transvers momentum = 0! return +/- 10e10
StPythiaFourPMaker:INFO  - TVector3::PseudoRapidity : transvers momentum = 0! return +/- 10e10
StMCAsymMaker:WARN  - No StMcEvent
StMCAsymMaker:INFO  - *** StMCAsymMaker::Make() == StWarn(1) ***
StJetMaker2012:INFO  - TVector3::PseudoRapidity : transvers momentum = 0! return +/- 10e10
StJetMaker2012:INFO  - TVector3::PseudoRapidity : transvers momentum = 0! return +/- 10e10
StJetMaker2012:INFO  - TVector3::PseudoRapidity : transvers momentum = 0! return +/- 10e10
StJetMaker2012:INFO  - TVector3::PseudoRapidity : transvers momentum = 0! return +/- 10e10
StJetMaker2012:INFO  - TVector3::PseudoRapidity : transvers momentum = 0! return +/- 10e10
StJetMaker2012:INFO  - TVector3::PseudoRapidity : transvers momentum = 0! return +/- 10e10
StJetMaker2012:INFO  - TVector3::PseudoRapidity : transvers momentum = 0! return +/- 10e10
StJetMaker2012:INFO  - TVector3::PseudoRapidity : transvers momentum = 0! return +/- 10e10
StJetMaker2012:INFO  - TVector3::PseudoRapidity : transvers momentum = 0! return +/- 10e10
StJetMaker2012:INFO  - TVector3::PseudoRapidity : transvers momentum = 0! return +/- 10e10
StJetMaker2012:INFO  - TVector3::PseudoRapidity : transvers momentum = 0! return +/- 10e10
StJetMaker2012:INFO  - TVector3::PseudoRapidity : transvers momentum = 0! return +/- 10e10
StJetMaker2012:INFO  - TVector3::PseudoRapidity : transvers momentum = 0! return +/- 10e10
StJetMaker2012:INFO  - TVector3::PseudoRapidity : transvers momentum = 0! return +/- 10e10
StJetMaker2012:INFO  - TVector3::PseudoRapidity : transvers momentum = 0! return +/- 10e10
StJetMaker2012:INFO  - TVector3::PseudoRapidity : transvers momentum = 0! return +/- 10e10
StJetMaker2012:INFO  - TVector3::PseudoRapidity : transvers momentum = 0! return +/- 10e10
StJetMaker2012:INFO  - TVector3::PseudoRapidity : transvers momentum = 0! return +/- 10e10
StJetMaker2012:INFO  - TVector3::PseudoRapidity : transvers momentum = 0! return +/- 10e10
StJetMaker2012:INFO  - TVector3::PseudoRapidity : transvers momentum = 0! return +/- 10e10
QA :INFO  - QAInfo: Done with Event [no. 173/run 0/evt. 173/Date.Time 20090628.53220/sta 0] Real Time =       0.02 seconds Cpu Time =        0.03 seconds
QA :INFO  - QAInfo: Cpu Times: user / system / user children / system children =     0.03 /     0.00 /     0.00 /     0.00 seconds (tick =   100.00, cps = 1000000)
QA :INFO  - QAInfo: Cpu Times: all threads =     0.024458510 seconds
StPythiaFourPMaker:INFO  - TVector3::PseudoRapidity : transvers momentum = 0! return +/- 10e10
StPythiaFourPMaker:INFO  - TVector3::PseudoRapidity : transvers momentum = 0! return +/- 10e10
StMCAsymMaker:WARN  - No StMcEvent
StMCAsymMaker:INFO  - *** StMCAsymMaker::Make() == StWarn(1) ***
StJetMaker2012:INFO  - TVector3::PseudoRapidity : transvers momentum = 0! return +/- 10e10
StJetMaker2012:INFO  - TVector3::PseudoRapidity : transvers momentum = 0! return +/- 10e10
StJetMaker2012:INFO  - TVector3::PseudoRapidity : transvers momentum = 0! return +/- 10e10
StJetMaker2012:INFO  - TVector3::PseudoRapidity : transvers momentum = 0! return +/- 10e10
StJetMaker2012:INFO  - TVector3::PseudoRapidity : transvers momentum = 0! return +/- 10e10
StJetMaker2012:INFO  - TVector3::PseudoRapidity : transvers momentum = 0! return +/- 10e10
StJetMaker2012:INFO  - TVector3::PseudoRapidity : transvers momentum = 0! return +/- 10e10
StJetMaker2012:INFO  - TVector3::PseudoRapidity : transvers momentum = 0! return +/- 10e10
StJetMaker2012:INFO  - TVector3::PseudoRapidity : transvers momentum = 0! return +/- 10e10
StJetMaker2012:INFO  - TVector3::PseudoRapidity : transvers momentum = 0! return +/- 10e10
StJetMaker2012:INFO  - TVector3::PseudoRapidity : transvers momentum = 0! return +/- 10e10
StJetMaker2012:INFO  - TVector3::PseudoRapidity : transvers momentum = 0! return +/- 10e10
StJetMaker2012:INFO  - TVector3::PseudoRapidity : transvers momentum = 0! return +/- 10e10
StJetMaker2012:INFO  - TVector3::PseudoRapidity : transvers momentum = 0! return +/- 10e10
StJetMaker2012:INFO  - TVector3::PseudoRapidity : transvers momentum = 0! return +/- 10e10
StJetMaker2012:INFO  - TVector3::PseudoRapidity : transvers momentum = 0! return +/- 10e10
StJetMaker2012:INFO  - TVector3::PseudoRapidity : transvers momentum = 0! return +/- 10e10
StJetMaker2012:INFO  - TVector3::PseudoRapidity : transvers momentum = 0! return +/- 10e10
StJetMaker2012:INFO  - TVector3::PseudoRapidity : transvers momentum = 0! return +/- 10e10
StJetMaker2012:INFO  - TVector3::PseudoRapidity : transvers momentum = 0! return +/- 10e10
QA :INFO  - QAInfo: Done with Event [no. 174/run 0/evt. 174/Date.Time 20090628.53220/sta 0] Real Time =       0.02 seconds Cpu Time =        0.02 seconds
QA :INFO  - QAInfo: Cpu Times: user / system / user children / system children =     0.02 /     0.00 /     0.00 /     0.00 seconds (tick =   100.00, cps = 1000000)
QA :INFO  - QAInfo: Cpu Times: all threads =     0.020408500 seconds
StPythiaFourPMaker:INFO  - TVector3::PseudoRapidity : transvers momentum = 0! return +/- 10e10
StPythiaFourPMaker:INFO  - TVector3::PseudoRapidity : transvers momentum = 0! return +/- 10e10
StMCAsymMaker:WARN  - No StMcEvent
StMCAsymMaker:INFO  - *** StMCAsymMaker::Make() == StWarn(1) ***
StJetMaker2012:INFO  - TVector3::PseudoRapidity : transvers momentum = 0! return +/- 10e10
StJetMaker2012:INFO  - TVector3::PseudoRapidity : transvers momentum = 0! return +/- 10e10
StJetMaker2012:INFO  - TVector3::PseudoRapidity : transvers momentum = 0! return +/- 10e10
StJetMaker2012:INFO  - TVector3::PseudoRapidity : transvers momentum = 0! return +/- 10e10
StJetMaker2012:INFO  - TVector3::PseudoRapidity : transvers momentum = 0! return +/- 10e10
StJetMaker2012:INFO  - TVector3::PseudoRapidity : transvers momentum = 0! return +/- 10e10
StJetMaker2012:INFO  - TVector3::PseudoRapidity : transvers momentum = 0! return +/- 10e10
StJetMaker2012:INFO  - TVector3::PseudoRapidity : transvers momentum = 0! return +/- 10e10
StJetMaker2012:INFO  - TVector3::PseudoRapidity : transvers momentum = 0! return +/- 10e10
StJetMaker2012:INFO  - TVector3::PseudoRapidity : transvers momentum = 0! return +/- 10e10
StJetMaker2012:INFO  - TVector3::PseudoRapidity : transvers momentum = 0! return +/- 10e10
StJetMaker2012:INFO  - TVector3::PseudoRapidity : transvers momentum = 0! return +/- 10e10
StJetMaker2012:INFO  - TVector3::PseudoRapidity : transvers momentum = 0! return +/- 10e10
StJetMaker2012:INFO  - TVector3::PseudoRapidity : transvers momentum = 0! return +/- 10e10
StJetMaker2012:INFO  - TVector3::PseudoRapidity : transvers momentum = 0! return +/- 10e10
StJetMaker2012:INFO  - TVector3::PseudoRapidity : transvers momentum = 0! return +/- 10e10
StJetMaker2012:INFO  - TVector3::PseudoRapidity : transvers momentum = 0! return +/- 10e10
StJetMaker2012:INFO  - TVector3::PseudoRapidity : transvers momentum = 0! return +/- 10e10
StJetMaker2012:INFO  - TVector3::PseudoRapidity : transvers momentum = 0! return +/- 10e10
StJetMaker2012:INFO  - TVector3::PseudoRapidity : transvers momentum = 0! return +/- 10e10
QA :INFO  - QAInfo: Done with Event [no. 175/run 0/evt. 175/Date.Time 20090628.53220/sta 0] Real Time =       0.03 seconds Cpu Time =        0.02 seconds
QA :INFO  - QAInfo: Cpu Times: user / system / user children / system children =     0.02 /     0.00 /     0.00 /     0.00 seconds (tick =   100.00, cps = 1000000)
QA :INFO  - QAInfo: Cpu Times: all threads =     0.025473930 seconds
StPythiaFourPMaker:INFO  - TVector3::PseudoRapidity : transvers momentum = 0! return +/- 10e10
StPythiaFourPMaker:INFO  - TVector3::PseudoRapidity : transvers momentum = 0! return +/- 10e10
StMCAsymMaker:WARN  - No StMcEvent
StMCAsymMaker:INFO  - *** StMCAsymMaker::Make() == StWarn(1) ***
StJetMaker2012:INFO  - TVector3::PseudoRapidity : transvers momentum = 0! return +/- 10e10
StJetMaker2012:INFO  - TVector3::PseudoRapidity : transvers momentum = 0! return +/- 10e10
StJetMaker2012:INFO  - TVector3::PseudoRapidity : transvers momentum = 0! return +/- 10e10
StJetMaker2012:INFO  - TVector3::PseudoRapidity : transvers momentum = 0! return +/- 10e10
StJetMaker2012:INFO  - TVector3::PseudoRapidity : transvers momentum = 0! return +/- 10e10
StJetMaker2012:INFO  - TVector3::PseudoRapidity : transvers momentum = 0! return +/- 10e10
StJetMaker2012:INFO  - TVector3::PseudoRapidity : transvers momentum = 0! return +/- 10e10
StJetMaker2012:INFO  - TVector3::PseudoRapidity : transvers momentum = 0! return +/- 10e10
StJetMaker2012:INFO  - TVector3::PseudoRapidity : transvers momentum = 0! return +/- 10e10
StJetMaker2012:INFO  - TVector3::PseudoRapidity : transvers momentum = 0! return +/- 10e10
StJetMaker2012:INFO  - TVector3::PseudoRapidity : transvers momentum = 0! return +/- 10e10
StJetMaker2012:INFO  - TVector3::PseudoRapidity : transvers momentum = 0! return +/- 10e10
StJetMaker2012:INFO  - TVector3::PseudoRapidity : transvers momentum = 0! return +/- 10e10
StJetMaker2012:INFO  - TVector3::PseudoRapidity : transvers momentum = 0! return +/- 10e10
StJetMaker2012:INFO  - TVector3::PseudoRapidity : transvers momentum = 0! return +/- 10e10
StJetMaker2012:INFO  - TVector3::PseudoRapidity : transvers momentum = 0! return +/- 10e10
StJetMaker2012:INFO  - TVector3::PseudoRapidity : transvers momentum = 0! return +/- 10e10
StJetMaker2012:INFO  - TVector3::PseudoRapidity : transvers momentum = 0! return +/- 10e10
StJetMaker2012:INFO  - TVector3::PseudoRapidity : transvers momentum = 0! return +/- 10e10
StJetMaker2012:INFO  - TVector3::PseudoRapidity : transvers momentum = 0! return +/- 10e10
QA :INFO  - QAInfo: Done with Event [no. 176/run 0/evt. 176/Date.Time 20090628.53220/sta 0] Real Time =       0.02 seconds Cpu Time =        0.04 seconds
QA :INFO  - QAInfo: Cpu Times: user / system / user children / system children =     0.03 /     0.01 /     0.00 /     0.00 seconds (tick =   100.00, cps = 1000000)
QA :INFO  - QAInfo: Cpu Times: all threads =     0.021483760 seconds
StPythiaFourPMaker:INFO  - TVector3::PseudoRapidity : transvers momentum = 0! return +/- 10e10
StPythiaFourPMaker:INFO  - TVector3::PseudoRapidity : transvers momentum = 0! return +/- 10e10
StMCAsymMaker:WARN  - No StMcEvent
StMCAsymMaker:INFO  - *** StMCAsymMaker::Make() == StWarn(1) ***
StJetMaker2012:INFO  - TVector3::PseudoRapidity : transvers momentum = 0! return +/- 10e10
StJetMaker2012:INFO  - TVector3::PseudoRapidity : transvers momentum = 0! return +/- 10e10
StJetMaker2012:INFO  - TVector3::PseudoRapidity : transvers momentum = 0! return +/- 10e10
StJetMaker2012:INFO  - TVector3::PseudoRapidity : transvers momentum = 0! return +/- 10e10
StJetMaker2012:INFO  - TVector3::PseudoRapidity : transvers momentum = 0! return +/- 10e10
StJetMaker2012:INFO  - TVector3::PseudoRapidity : transvers momentum = 0! return +/- 10e10
StJetMaker2012:INFO  - TVector3::PseudoRapidity : transvers momentum = 0! return +/- 10e10
StJetMaker2012:INFO  - TVector3::PseudoRapidity : transvers momentum = 0! return +/- 10e10
StJetMaker2012:INFO  - TVector3::PseudoRapidity : transvers momentum = 0! return +/- 10e10
StJetMaker2012:INFO  - TVector3::PseudoRapidity : transvers momentum = 0! return +/- 10e10
StJetMaker2012:INFO  - TVector3::PseudoRapidity : transvers momentum = 0! return +/- 10e10
StJetMaker2012:INFO  - TVector3::PseudoRapidity : transvers momentum = 0! return +/- 10e10
StJetMaker2012:INFO  - TVector3::PseudoRapidity : transvers momentum = 0! return +/- 10e10
StJetMaker2012:INFO  - TVector3::PseudoRapidity : transvers momentum = 0! return +/- 10e10
StJetMaker2012:INFO  - TVector3::PseudoRapidity : transvers momentum = 0! return +/- 10e10
StJetMaker2012:INFO  - TVector3::PseudoRapidity : transvers momentum = 0! return +/- 10e10
StJetMaker2012:INFO  - TVector3::PseudoRapidity : transvers momentum = 0! return +/- 10e10
StJetMaker2012:INFO  - TVector3::PseudoRapidity : transvers momentum = 0! return +/- 10e10
StJetMaker2012:INFO  - TVector3::PseudoRapidity : transvers momentum = 0! return +/- 10e10
StJetMaker2012:INFO  - TVector3::PseudoRapidity : transvers momentum = 0! return +/- 10e10
QA :INFO  - QAInfo: Done with Event [no. 177/run 0/evt. 177/Date.Time 20090628.53220/sta 0] Real Time =       0.02 seconds Cpu Time =        0.01 seconds
QA :INFO  - QAInfo: Cpu Times: user / system / user children / system children =     0.01 /     0.00 /     0.00 /     0.00 seconds (tick =   100.00, cps = 1000000)
QA :INFO  - QAInfo: Cpu Times: all threads =     0.019335170 seconds
StPythiaFourPMaker:INFO  - TVector3::PseudoRapidity : transvers momentum = 0! return +/- 10e10
StPythiaFourPMaker:INFO  - TVector3::PseudoRapidity : transvers momentum = 0! return +/- 10e10
StMCAsymMaker:WARN  - No StMcEvent
StMCAsymMaker:INFO  - *** StMCAsymMaker::Make() == StWarn(1) ***
StJetMaker2012:INFO  - TVector3::PseudoRapidity : transvers momentum = 0! return +/- 10e10
StJetMaker2012:INFO  - TVector3::PseudoRapidity : transvers momentum = 0! return +/- 10e10
StJetMaker2012:INFO  - TVector3::PseudoRapidity : transvers momentum = 0! return +/- 10e10
StJetMaker2012:INFO  - TVector3::PseudoRapidity : transvers momentum = 0! return +/- 10e10
StJetMaker2012:INFO  - TVector3::PseudoRapidity : transvers momentum = 0! return +/- 10e10
StJetMaker2012:INFO  - TVector3::PseudoRapidity : transvers momentum = 0! return +/- 10e10
StJetMaker2012:INFO  - TVector3::PseudoRapidity : transvers momentum = 0! return +/- 10e10
StJetMaker2012:INFO  - TVector3::PseudoRapidity : transvers momentum = 0! return +/- 10e10
StJetMaker2012:INFO  - TVector3::PseudoRapidity : transvers momentum = 0! return +/- 10e10
StJetMaker2012:INFO  - TVector3::PseudoRapidity : transvers momentum = 0! return +/- 10e10
StJetMaker2012:INFO  - TVector3::PseudoRapidity : transvers momentum = 0! return +/- 10e10
StJetMaker2012:INFO  - TVector3::PseudoRapidity : transvers momentum = 0! return +/- 10e10
StJetMaker2012:INFO  - TVector3::PseudoRapidity : transvers momentum = 0! return +/- 10e10
StJetMaker2012:INFO  - TVector3::PseudoRapidity : transvers momentum = 0! return +/- 10e10
StJetMaker2012:INFO  - TVector3::PseudoRapidity : transvers momentum = 0! return +/- 10e10
StJetMaker2012:INFO  - TVector3::PseudoRapidity : transvers momentum = 0! return +/- 10e10
StJetMaker2012:INFO  - TVector3::PseudoRapidity : transvers momentum = 0! return +/- 10e10
StJetMaker2012:INFO  - TVector3::PseudoRapidity : transvers momentum = 0! return +/- 10e10
StJetMaker2012:INFO  - TVector3::PseudoRapidity : transvers momentum = 0! return +/- 10e10
StJetMaker2012:INFO  - TVector3::PseudoRapidity : transvers momentum = 0! return +/- 10e10
QA :INFO  - QAInfo: Done with Event [no. 178/run 0/evt. 178/Date.Time 20090628.53220/sta 0] Real Time =       0.02 seconds Cpu Time =        0.03 seconds
QA :INFO  - QAInfo: Cpu Times: user / system / user children / system children =     0.03 /     0.00 /     0.00 /     0.00 seconds (tick =   100.00, cps = 1000000)
QA :INFO  - QAInfo: Cpu Times: all threads =     0.024171190 seconds
StPythiaFourPMaker:INFO  - TVector3::PseudoRapidity : transvers momentum = 0! return +/- 10e10
StPythiaFourPMaker:INFO  - TVector3::PseudoRapidity : transvers momentum = 0! return +/- 10e10
StMCAsymMaker:WARN  - No StMcEvent
StMCAsymMaker:INFO  - *** StMCAsymMaker::Make() == StWarn(1) ***
StJetMaker2012:INFO  - TVector3::PseudoRapidity : transvers momentum = 0! return +/- 10e10
StJetMaker2012:INFO  - TVector3::PseudoRapidity : transvers momentum = 0! return +/- 10e10
StJetMaker2012:INFO  - TVector3::PseudoRapidity : transvers momentum = 0! return +/- 10e10
StJetMaker2012:INFO  - TVector3::PseudoRapidity : transvers momentum = 0! return +/- 10e10
StJetMaker2012:INFO  - TVector3::PseudoRapidity : transvers momentum = 0! return +/- 10e10
StJetMaker2012:INFO  - TVector3::PseudoRapidity : transvers momentum = 0! return +/- 10e10
StJetMaker2012:INFO  - TVector3::PseudoRapidity : transvers momentum = 0! return +/- 10e10
StJetMaker2012:INFO  - TVector3::PseudoRapidity : transvers momentum = 0! return +/- 10e10
StJetMaker2012:INFO  - TVector3::PseudoRapidity : transvers momentum = 0! return +/- 10e10
StJetMaker2012:INFO  - TVector3::PseudoRapidity : transvers momentum = 0! return +/- 10e10
StJetMaker2012:INFO  - TVector3::PseudoRapidity : transvers momentum = 0! return +/- 10e10
StJetMaker2012:INFO  - TVector3::PseudoRapidity : transvers momentum = 0! return +/- 10e10
StJetMaker2012:INFO  - TVector3::PseudoRapidity : transvers momentum = 0! return +/- 10e10
StJetMaker2012:INFO  - TVector3::PseudoRapidity : transvers momentum = 0! return +/- 10e10
StJetMaker2012:INFO  - TVector3::PseudoRapidity : transvers momentum = 0! return +/- 10e10
StJetMaker2012:INFO  - TVector3::PseudoRapidity : transvers momentum = 0! return +/- 10e10
StJetMaker2012:INFO  - TVector3::PseudoRapidity : transvers momentum = 0! return +/- 10e10
StJetMaker2012:INFO  - TVector3::PseudoRapidity : transvers momentum = 0! return +/- 10e10
StJetMaker2012:INFO  - TVector3::PseudoRapidity : transvers momentum = 0! return +/- 10e10
StJetMaker2012:INFO  - TVector3::PseudoRapidity : transvers momentum = 0! return +/- 10e10
QA :INFO  - QAInfo: Done with Event [no. 179/run 0/evt. 179/Date.Time 20090628.53220/sta 0] Real Time =       0.02 seconds Cpu Time =        0.02 seconds
QA :INFO  - QAInfo: Cpu Times: user / system / user children / system children =     0.02 /     0.00 /     0.00 /     0.00 seconds (tick =   100.00, cps = 1000000)
QA :INFO  - QAInfo: Cpu Times: all threads =     0.021839260 seconds
StPythiaFourPMaker:INFO  - TVector3::PseudoRapidity : transvers momentum = 0! return +/- 10e10
StPythiaFourPMaker:INFO  - TVector3::PseudoRapidity : transvers momentum = 0! return +/- 10e10
StMCAsymMaker:WARN  - No StMcEvent
StMCAsymMaker:INFO  - *** StMCAsymMaker::Make() == StWarn(1) ***
StJetMaker2012:INFO  - TVector3::PseudoRapidity : transvers momentum = 0! return +/- 10e10
StJetMaker2012:INFO  - TVector3::PseudoRapidity : transvers momentum = 0! return +/- 10e10
StJetMaker2012:INFO  - TVector3::PseudoRapidity : transvers momentum = 0! return +/- 10e10
StJetMaker2012:INFO  - TVector3::PseudoRapidity : transvers momentum = 0! return +/- 10e10
StJetMaker2012:INFO  - TVector3::PseudoRapidity : transvers momentum = 0! return +/- 10e10
StJetMaker2012:INFO  - TVector3::PseudoRapidity : transvers momentum = 0! return +/- 10e10
StJetMaker2012:INFO  - TVector3::PseudoRapidity : transvers momentum = 0! return +/- 10e10
StJetMaker2012:INFO  - TVector3::PseudoRapidity : transvers momentum = 0! return +/- 10e10
StJetMaker2012:INFO  - TVector3::PseudoRapidity : transvers momentum = 0! return +/- 10e10
StJetMaker2012:INFO  - TVector3::PseudoRapidity : transvers momentum = 0! return +/- 10e10
StJetMaker2012:INFO  - TVector3::PseudoRapidity : transvers momentum = 0! return +/- 10e10
StJetMaker2012:INFO  - TVector3::PseudoRapidity : transvers momentum = 0! return +/- 10e10
StJetMaker2012:INFO  - TVector3::PseudoRapidity : transvers momentum = 0! return +/- 10e10
StJetMaker2012:INFO  - TVector3::PseudoRapidity : transvers momentum = 0! return +/- 10e10
StJetMaker2012:INFO  - TVector3::PseudoRapidity : transvers momentum = 0! return +/- 10e10
StJetMaker2012:INFO  - TVector3::PseudoRapidity : transvers momentum = 0! return +/- 10e10
StJetMaker2012:INFO  - TVector3::PseudoRapidity : transvers momentum = 0! return +/- 10e10
StJetMaker2012:INFO  - TVector3::PseudoRapidity : transvers momentum = 0! return +/- 10e10
StJetMaker2012:INFO  - TVector3::PseudoRapidity : transvers momentum = 0! return +/- 10e10
StJetMaker2012:INFO  - TVector3::PseudoRapidity : transvers momentum = 0! return +/- 10e10
QA :INFO  - QAInfo: Done with Event [no. 180/run 0/evt. 180/Date.Time 20090628.53220/sta 0] Real Time =       0.02 seconds Cpu Time =        0.02 seconds
QA :INFO  - QAInfo: Cpu Times: user / system / user children / system children =     0.02 /     0.00 /     0.00 /     0.00 seconds (tick =   100.00, cps = 1000000)
QA :INFO  - QAInfo: Cpu Times: all threads =     0.021879930 seconds
StPythiaFourPMaker:INFO  - TVector3::PseudoRapidity : transvers momentum = 0! return +/- 10e10
StPythiaFourPMaker:INFO  - TVector3::PseudoRapidity : transvers momentum = 0! return +/- 10e10
StMCAsymMaker:WARN  - No StMcEvent
StMCAsymMaker:INFO  - *** StMCAsymMaker::Make() == StWarn(1) ***
StJetMaker2012:INFO  - TVector3::PseudoRapidity : transvers momentum = 0! return +/- 10e10
StJetMaker2012:INFO  - TVector3::PseudoRapidity : transvers momentum = 0! return +/- 10e10
StJetMaker2012:INFO  - TVector3::PseudoRapidity : transvers momentum = 0! return +/- 10e10
StJetMaker2012:INFO  - TVector3::PseudoRapidity : transvers momentum = 0! return +/- 10e10
StJetMaker2012:INFO  - TVector3::PseudoRapidity : transvers momentum = 0! return +/- 10e10
StJetMaker2012:INFO  - TVector3::PseudoRapidity : transvers momentum = 0! return +/- 10e10
StJetMaker2012:INFO  - TVector3::PseudoRapidity : transvers momentum = 0! return +/- 10e10
StJetMaker2012:INFO  - TVector3::PseudoRapidity : transvers momentum = 0! return +/- 10e10
StJetMaker2012:INFO  - TVector3::PseudoRapidity : transvers momentum = 0! return +/- 10e10
StJetMaker2012:INFO  - TVector3::PseudoRapidity : transvers momentum = 0! return +/- 10e10
StJetMaker2012:INFO  - TVector3::PseudoRapidity : transvers momentum = 0! return +/- 10e10
StJetMaker2012:INFO  - TVector3::PseudoRapidity : transvers momentum = 0! return +/- 10e10
StJetMaker2012:INFO  - TVector3::PseudoRapidity : transvers momentum = 0! return +/- 10e10
StJetMaker2012:INFO  - TVector3::PseudoRapidity : transvers momentum = 0! return +/- 10e10
StJetMaker2012:INFO  - TVector3::PseudoRapidity : transvers momentum = 0! return +/- 10e10
StJetMaker2012:INFO  - TVector3::PseudoRapidity : transvers momentum = 0! return +/- 10e10
StJetMaker2012:INFO  - TVector3::PseudoRapidity : transvers momentum = 0! return +/- 10e10
StJetMaker2012:INFO  - TVector3::PseudoRapidity : transvers momentum = 0! return +/- 10e10
StJetMaker2012:INFO  - TVector3::PseudoRapidity : transvers momentum = 0! return +/- 10e10
StJetMaker2012:INFO  - TVector3::PseudoRapidity : transvers momentum = 0! return +/- 10e10
QA :INFO  - QAInfo: Done with Event [no. 181/run 0/evt. 181/Date.Time 20090628.53220/sta 0] Real Time =       0.02 seconds Cpu Time =        0.02 seconds
QA :INFO  - QAInfo: Cpu Times: user / system / user children / system children =     0.02 /     0.00 /     0.00 /     0.00 seconds (tick =   100.00, cps = 1000000)
QA :INFO  - QAInfo: Cpu Times: all threads =     0.020794770 seconds
StPythiaFourPMaker:INFO  - TVector3::PseudoRapidity : transvers momentum = 0! return +/- 10e10
StPythiaFourPMaker:INFO  - TVector3::PseudoRapidity : transvers momentum = 0! return +/- 10e10
StMCAsymMaker:WARN  - No StMcEvent
StMCAsymMaker:INFO  - *** StMCAsymMaker::Make() == StWarn(1) ***
StJetMaker2012:INFO  - TVector3::PseudoRapidity : transvers momentum = 0! return +/- 10e10
StJetMaker2012:INFO  - TVector3::PseudoRapidity : transvers momentum = 0! return +/- 10e10
StJetMaker2012:INFO  - TVector3::PseudoRapidity : transvers momentum = 0! return +/- 10e10
StJetMaker2012:INFO  - TVector3::PseudoRapidity : transvers momentum = 0! return +/- 10e10
StJetMaker2012:INFO  - TVector3::PseudoRapidity : transvers momentum = 0! return +/- 10e10
StJetMaker2012:INFO  - TVector3::PseudoRapidity : transvers momentum = 0! return +/- 10e10
StJetMaker2012:INFO  - TVector3::PseudoRapidity : transvers momentum = 0! return +/- 10e10
StJetMaker2012:INFO  - TVector3::PseudoRapidity : transvers momentum = 0! return +/- 10e10
StJetMaker2012:INFO  - TVector3::PseudoRapidity : transvers momentum = 0! return +/- 10e10
StJetMaker2012:INFO  - TVector3::PseudoRapidity : transvers momentum = 0! return +/- 10e10
StJetMaker2012:INFO  - TVector3::PseudoRapidity : transvers momentum = 0! return +/- 10e10
StJetMaker2012:INFO  - TVector3::PseudoRapidity : transvers momentum = 0! return +/- 10e10
StJetMaker2012:INFO  - TVector3::PseudoRapidity : transvers momentum = 0! return +/- 10e10
StJetMaker2012:INFO  - TVector3::PseudoRapidity : transvers momentum = 0! return +/- 10e10
StJetMaker2012:INFO  - TVector3::PseudoRapidity : transvers momentum = 0! return +/- 10e10
StJetMaker2012:INFO  - TVector3::PseudoRapidity : transvers momentum = 0! return +/- 10e10
StJetMaker2012:INFO  - TVector3::PseudoRapidity : transvers momentum = 0! return +/- 10e10
StJetMaker2012:INFO  - TVector3::PseudoRapidity : transvers momentum = 0! return +/- 10e10
StJetMaker2012:INFO  - TVector3::PseudoRapidity : transvers momentum = 0! return +/- 10e10
StJetMaker2012:INFO  - TVector3::PseudoRapidity : transvers momentum = 0! return +/- 10e10
QA :INFO  - QAInfo: Done with Event [no. 182/run 0/evt. 182/Date.Time 20090628.53220/sta 0] Real Time =       0.02 seconds Cpu Time =        0.02 seconds
QA :INFO  - QAInfo: Cpu Times: user / system / user children / system children =     0.02 /     0.00 /     0.00 /     0.00 seconds (tick =   100.00, cps = 1000000)
QA :INFO  - QAInfo: Cpu Times: all threads =     0.020799670 seconds
StPythiaFourPMaker:INFO  - TVector3::PseudoRapidity : transvers momentum = 0! return +/- 10e10
StPythiaFourPMaker:INFO  - TVector3::PseudoRapidity : transvers momentum = 0! return +/- 10e10
StMCAsymMaker:WARN  - No StMcEvent
StMCAsymMaker:INFO  - *** StMCAsymMaker::Make() == StWarn(1) ***
StJetMaker2012:INFO  - TVector3::PseudoRapidity : transvers momentum = 0! return +/- 10e10
StJetMaker2012:INFO  - TVector3::PseudoRapidity : transvers momentum = 0! return +/- 10e10
StJetMaker2012:INFO  - TVector3::PseudoRapidity : transvers momentum = 0! return +/- 10e10
StJetMaker2012:INFO  - TVector3::PseudoRapidity : transvers momentum = 0! return +/- 10e10
StJetMaker2012:INFO  - TVector3::PseudoRapidity : transvers momentum = 0! return +/- 10e10
StJetMaker2012:INFO  - TVector3::PseudoRapidity : transvers momentum = 0! return +/- 10e10
StJetMaker2012:INFO  - TVector3::PseudoRapidity : transvers momentum = 0! return +/- 10e10
StJetMaker2012:INFO  - TVector3::PseudoRapidity : transvers momentum = 0! return +/- 10e10
StJetMaker2012:INFO  - TVector3::PseudoRapidity : transvers momentum = 0! return +/- 10e10
StJetMaker2012:INFO  - TVector3::PseudoRapidity : transvers momentum = 0! return +/- 10e10
StJetMaker2012:INFO  - TVector3::PseudoRapidity : transvers momentum = 0! return +/- 10e10
StJetMaker2012:INFO  - TVector3::PseudoRapidity : transvers momentum = 0! return +/- 10e10
StJetMaker2012:INFO  - TVector3::PseudoRapidity : transvers momentum = 0! return +/- 10e10
StJetMaker2012:INFO  - TVector3::PseudoRapidity : transvers momentum = 0! return +/- 10e10
StJetMaker2012:INFO  - TVector3::PseudoRapidity : transvers momentum = 0! return +/- 10e10
StJetMaker2012:INFO  - TVector3::PseudoRapidity : transvers momentum = 0! return +/- 10e10
StJetMaker2012:INFO  - TVector3::PseudoRapidity : transvers momentum = 0! return +/- 10e10
StJetMaker2012:INFO  - TVector3::PseudoRapidity : transvers momentum = 0! return +/- 10e10
StJetMaker2012:INFO  - TVector3::PseudoRapidity : transvers momentum = 0! return +/- 10e10
StJetMaker2012:INFO  - TVector3::PseudoRapidity : transvers momentum = 0! return +/- 10e10
QA :INFO  - QAInfo: Done with Event [no. 183/run 0/evt. 183/Date.Time 20090628.53220/sta 0] Real Time =       0.02 seconds Cpu Time =        0.02 seconds
QA :INFO  - QAInfo: Cpu Times: user / system / user children / system children =     0.02 /     0.00 /     0.00 /     0.00 seconds (tick =   100.00, cps = 1000000)
QA :INFO  - QAInfo: Cpu Times: all threads =     0.021591250 seconds
StPythiaFourPMaker:INFO  - TVector3::PseudoRapidity : transvers momentum = 0! return +/- 10e10
StPythiaFourPMaker:INFO  - TVector3::PseudoRapidity : transvers momentum = 0! return +/- 10e10
StMCAsymMaker:WARN  - No StMcEvent
StMCAsymMaker:INFO  - *** StMCAsymMaker::Make() == StWarn(1) ***
StJetMaker2012:INFO  - TVector3::PseudoRapidity : transvers momentum = 0! return +/- 10e10
StJetMaker2012:INFO  - TVector3::PseudoRapidity : transvers momentum = 0! return +/- 10e10
StJetMaker2012:INFO  - TVector3::PseudoRapidity : transvers momentum = 0! return +/- 10e10
StJetMaker2012:INFO  - TVector3::PseudoRapidity : transvers momentum = 0! return +/- 10e10
StJetMaker2012:INFO  - TVector3::PseudoRapidity : transvers momentum = 0! return +/- 10e10
StJetMaker2012:INFO  - TVector3::PseudoRapidity : transvers momentum = 0! return +/- 10e10
StJetMaker2012:INFO  - TVector3::PseudoRapidity : transvers momentum = 0! return +/- 10e10
StJetMaker2012:INFO  - TVector3::PseudoRapidity : transvers momentum = 0! return +/- 10e10
StJetMaker2012:INFO  - TVector3::PseudoRapidity : transvers momentum = 0! return +/- 10e10
StJetMaker2012:INFO  - TVector3::PseudoRapidity : transvers momentum = 0! return +/- 10e10
StJetMaker2012:INFO  - TVector3::PseudoRapidity : transvers momentum = 0! return +/- 10e10
StJetMaker2012:INFO  - TVector3::PseudoRapidity : transvers momentum = 0! return +/- 10e10
StJetMaker2012:INFO  - TVector3::PseudoRapidity : transvers momentum = 0! return +/- 10e10
StJetMaker2012:INFO  - TVector3::PseudoRapidity : transvers momentum = 0! return +/- 10e10
StJetMaker2012:INFO  - TVector3::PseudoRapidity : transvers momentum = 0! return +/- 10e10
StJetMaker2012:INFO  - TVector3::PseudoRapidity : transvers momentum = 0! return +/- 10e10
StJetMaker2012:INFO  - TVector3::PseudoRapidity : transvers momentum = 0! return +/- 10e10
StJetMaker2012:INFO  - TVector3::PseudoRapidity : transvers momentum = 0! return +/- 10e10
StJetMaker2012:INFO  - TVector3::PseudoRapidity : transvers momentum = 0! return +/- 10e10
StJetMaker2012:INFO  - TVector3::PseudoRapidity : transvers momentum = 0! return +/- 10e10
QA :INFO  - QAInfo: Done with Event [no. 184/run 0/evt. 184/Date.Time 20090628.53220/sta 0] Real Time =       0.02 seconds Cpu Time =        0.02 seconds
QA :INFO  - QAInfo: Cpu Times: user / system / user children / system children =     0.02 /     0.00 /     0.00 /     0.00 seconds (tick =   100.00, cps = 1000000)
QA :INFO  - QAInfo: Cpu Times: all threads =     0.020186800 seconds
StPythiaFourPMaker:INFO  - TVector3::PseudoRapidity : transvers momentum = 0! return +/- 10e10
StPythiaFourPMaker:INFO  - TVector3::PseudoRapidity : transvers momentum = 0! return +/- 10e10
StMCAsymMaker:WARN  - No StMcEvent
StMCAsymMaker:INFO  - *** StMCAsymMaker::Make() == StWarn(1) ***
StJetMaker2012:INFO  - TVector3::PseudoRapidity : transvers momentum = 0! return +/- 10e10
StJetMaker2012:INFO  - TVector3::PseudoRapidity : transvers momentum = 0! return +/- 10e10
StJetMaker2012:INFO  - TVector3::PseudoRapidity : transvers momentum = 0! return +/- 10e10
StJetMaker2012:INFO  - TVector3::PseudoRapidity : transvers momentum = 0! return +/- 10e10
StJetMaker2012:INFO  - TVector3::PseudoRapidity : transvers momentum = 0! return +/- 10e10
StJetMaker2012:INFO  - TVector3::PseudoRapidity : transvers momentum = 0! return +/- 10e10
StJetMaker2012:INFO  - TVector3::PseudoRapidity : transvers momentum = 0! return +/- 10e10
StJetMaker2012:INFO  - TVector3::PseudoRapidity : transvers momentum = 0! return +/- 10e10
StJetMaker2012:INFO  - TVector3::PseudoRapidity : transvers momentum = 0! return +/- 10e10
StJetMaker2012:INFO  - TVector3::PseudoRapidity : transvers momentum = 0! return +/- 10e10
StJetMaker2012:INFO  - TVector3::PseudoRapidity : transvers momentum = 0! return +/- 10e10
StJetMaker2012:INFO  - TVector3::PseudoRapidity : transvers momentum = 0! return +/- 10e10
StJetMaker2012:INFO  - TVector3::PseudoRapidity : transvers momentum = 0! return +/- 10e10
StJetMaker2012:INFO  - TVector3::PseudoRapidity : transvers momentum = 0! return +/- 10e10
StJetMaker2012:INFO  - TVector3::PseudoRapidity : transvers momentum = 0! return +/- 10e10
StJetMaker2012:INFO  - TVector3::PseudoRapidity : transvers momentum = 0! return +/- 10e10
StJetMaker2012:INFO  - TVector3::PseudoRapidity : transvers momentum = 0! return +/- 10e10
StJetMaker2012:INFO  - TVector3::PseudoRapidity : transvers momentum = 0! return +/- 10e10
StJetMaker2012:INFO  - TVector3::PseudoRapidity : transvers momentum = 0! return +/- 10e10
StJetMaker2012:INFO  - TVector3::PseudoRapidity : transvers momentum = 0! return +/- 10e10
QA :INFO  - QAInfo: Done with Event [no. 185/run 0/evt. 185/Date.Time 20090628.53220/sta 0] Real Time =       0.02 seconds Cpu Time =        0.02 seconds
QA :INFO  - QAInfo: Cpu Times: user / system / user children / system children =     0.02 /     0.00 /     0.00 /     0.00 seconds (tick =   100.00, cps = 1000000)
QA :INFO  - QAInfo: Cpu Times: all threads =     0.019764460 seconds
StPythiaFourPMaker:INFO  - TVector3::PseudoRapidity : transvers momentum = 0! return +/- 10e10
StPythiaFourPMaker:INFO  - TVector3::PseudoRapidity : transvers momentum = 0! return +/- 10e10
StMCAsymMaker:WARN  - No StMcEvent
StMCAsymMaker:INFO  - *** StMCAsymMaker::Make() == StWarn(1) ***
StJetMaker2012:INFO  - TVector3::PseudoRapidity : transvers momentum = 0! return +/- 10e10
StJetMaker2012:INFO  - TVector3::PseudoRapidity : transvers momentum = 0! return +/- 10e10
StJetMaker2012:INFO  - TVector3::PseudoRapidity : transvers momentum = 0! return +/- 10e10
StJetMaker2012:INFO  - TVector3::PseudoRapidity : transvers momentum = 0! return +/- 10e10
StJetMaker2012:INFO  - TVector3::PseudoRapidity : transvers momentum = 0! return +/- 10e10
StJetMaker2012:INFO  - TVector3::PseudoRapidity : transvers momentum = 0! return +/- 10e10
StJetMaker2012:INFO  - TVector3::PseudoRapidity : transvers momentum = 0! return +/- 10e10
StJetMaker2012:INFO  - TVector3::PseudoRapidity : transvers momentum = 0! return +/- 10e10
StJetMaker2012:INFO  - TVector3::PseudoRapidity : transvers momentum = 0! return +/- 10e10
StJetMaker2012:INFO  - TVector3::PseudoRapidity : transvers momentum = 0! return +/- 10e10
StJetMaker2012:INFO  - TVector3::PseudoRapidity : transvers momentum = 0! return +/- 10e10
StJetMaker2012:INFO  - TVector3::PseudoRapidity : transvers momentum = 0! return +/- 10e10
StJetMaker2012:INFO  - TVector3::PseudoRapidity : transvers momentum = 0! return +/- 10e10
StJetMaker2012:INFO  - TVector3::PseudoRapidity : transvers momentum = 0! return +/- 10e10
StJetMaker2012:INFO  - TVector3::PseudoRapidity : transvers momentum = 0! return +/- 10e10
StJetMaker2012:INFO  - TVector3::PseudoRapidity : transvers momentum = 0! return +/- 10e10
StJetMaker2012:INFO  - TVector3::PseudoRapidity : transvers momentum = 0! return +/- 10e10
StJetMaker2012:INFO  - TVector3::PseudoRapidity : transvers momentum = 0! return +/- 10e10
StJetMaker2012:INFO  - TVector3::PseudoRapidity : transvers momentum = 0! return +/- 10e10
StJetMaker2012:INFO  - TVector3::PseudoRapidity : transvers momentum = 0! return +/- 10e10
QA :INFO  - QAInfo: Done with Event [no. 186/run 0/evt. 186/Date.Time 20090628.53220/sta 0] Real Time =       0.02 seconds Cpu Time =        0.02 seconds
QA :INFO  - QAInfo: Cpu Times: user / system / user children / system children =     0.02 /     0.00 /     0.00 /     0.00 seconds (tick =   100.00, cps = 1000000)
QA :INFO  - QAInfo: Cpu Times: all threads =     0.019334870 seconds
StPythiaFourPMaker:INFO  - TVector3::PseudoRapidity : transvers momentum = 0! return +/- 10e10
StPythiaFourPMaker:INFO  - TVector3::PseudoRapidity : transvers momentum = 0! return +/- 10e10
StMCAsymMaker:WARN  - No StMcEvent
StMCAsymMaker:INFO  - *** StMCAsymMaker::Make() == StWarn(1) ***
StJetMaker2012:INFO  - TVector3::PseudoRapidity : transvers momentum = 0! return +/- 10e10
StJetMaker2012:INFO  - TVector3::PseudoRapidity : transvers momentum = 0! return +/- 10e10
StJetMaker2012:INFO  - TVector3::PseudoRapidity : transvers momentum = 0! return +/- 10e10
StJetMaker2012:INFO  - TVector3::PseudoRapidity : transvers momentum = 0! return +/- 10e10
StJetMaker2012:INFO  - TVector3::PseudoRapidity : transvers momentum = 0! return +/- 10e10
StJetMaker2012:INFO  - TVector3::PseudoRapidity : transvers momentum = 0! return +/- 10e10
StJetMaker2012:INFO  - TVector3::PseudoRapidity : transvers momentum = 0! return +/- 10e10
StJetMaker2012:INFO  - TVector3::PseudoRapidity : transvers momentum = 0! return +/- 10e10
StJetMaker2012:INFO  - TVector3::PseudoRapidity : transvers momentum = 0! return +/- 10e10
StJetMaker2012:INFO  - TVector3::PseudoRapidity : transvers momentum = 0! return +/- 10e10
StJetMaker2012:INFO  - TVector3::PseudoRapidity : transvers momentum = 0! return +/- 10e10
StJetMaker2012:INFO  - TVector3::PseudoRapidity : transvers momentum = 0! return +/- 10e10
StJetMaker2012:INFO  - TVector3::PseudoRapidity : transvers momentum = 0! return +/- 10e10
StJetMaker2012:INFO  - TVector3::PseudoRapidity : transvers momentum = 0! return +/- 10e10
StJetMaker2012:INFO  - TVector3::PseudoRapidity : transvers momentum = 0! return +/- 10e10
StJetMaker2012:INFO  - TVector3::PseudoRapidity : transvers momentum = 0! return +/- 10e10
StJetMaker2012:INFO  - TVector3::PseudoRapidity : transvers momentum = 0! return +/- 10e10
StJetMaker2012:INFO  - TVector3::PseudoRapidity : transvers momentum = 0! return +/- 10e10
StJetMaker2012:INFO  - TVector3::PseudoRapidity : transvers momentum = 0! return +/- 10e10
StJetMaker2012:INFO  - TVector3::PseudoRapidity : transvers momentum = 0! return +/- 10e10
QA :INFO  - QAInfo: Done with Event [no. 187/run 0/evt. 187/Date.Time 20090628.53220/sta 0] Real Time =       0.02 seconds Cpu Time =        0.02 seconds
QA :INFO  - QAInfo: Cpu Times: user / system / user children / system children =     0.02 /     0.00 /     0.00 /     0.00 seconds (tick =   100.00, cps = 1000000)
QA :INFO  - QAInfo: Cpu Times: all threads =     0.018731910 seconds
StPythiaFourPMaker:INFO  - TVector3::PseudoRapidity : transvers momentum = 0! return +/- 10e10
StPythiaFourPMaker:INFO  - TVector3::PseudoRapidity : transvers momentum = 0! return +/- 10e10
StMCAsymMaker:WARN  - No StMcEvent
StMCAsymMaker:INFO  - *** StMCAsymMaker::Make() == StWarn(1) ***
StJetMaker2012:INFO  - TVector3::PseudoRapidity : transvers momentum = 0! return +/- 10e10
StJetMaker2012:INFO  - TVector3::PseudoRapidity : transvers momentum = 0! return +/- 10e10
StJetMaker2012:INFO  - TVector3::PseudoRapidity : transvers momentum = 0! return +/- 10e10
StJetMaker2012:INFO  - TVector3::PseudoRapidity : transvers momentum = 0! return +/- 10e10
StJetMaker2012:INFO  - TVector3::PseudoRapidity : transvers momentum = 0! return +/- 10e10
StJetMaker2012:INFO  - TVector3::PseudoRapidity : transvers momentum = 0! return +/- 10e10
StJetMaker2012:INFO  - TVector3::PseudoRapidity : transvers momentum = 0! return +/- 10e10
StJetMaker2012:INFO  - TVector3::PseudoRapidity : transvers momentum = 0! return +/- 10e10
StJetMaker2012:INFO  - TVector3::PseudoRapidity : transvers momentum = 0! return +/- 10e10
StJetMaker2012:INFO  - TVector3::PseudoRapidity : transvers momentum = 0! return +/- 10e10
StJetMaker2012:INFO  - TVector3::PseudoRapidity : transvers momentum = 0! return +/- 10e10
StJetMaker2012:INFO  - TVector3::PseudoRapidity : transvers momentum = 0! return +/- 10e10
StJetMaker2012:INFO  - TVector3::PseudoRapidity : transvers momentum = 0! return +/- 10e10
StJetMaker2012:INFO  - TVector3::PseudoRapidity : transvers momentum = 0! return +/- 10e10
StJetMaker2012:INFO  - TVector3::PseudoRapidity : transvers momentum = 0! return +/- 10e10
StJetMaker2012:INFO  - TVector3::PseudoRapidity : transvers momentum = 0! return +/- 10e10
StJetMaker2012:INFO  - TVector3::PseudoRapidity : transvers momentum = 0! return +/- 10e10
StJetMaker2012:INFO  - TVector3::PseudoRapidity : transvers momentum = 0! return +/- 10e10
StJetMaker2012:INFO  - TVector3::PseudoRapidity : transvers momentum = 0! return +/- 10e10
StJetMaker2012:INFO  - TVector3::PseudoRapidity : transvers momentum = 0! return +/- 10e10
QA :INFO  - QAInfo: Done with Event [no. 188/run 0/evt. 188/Date.Time 20090628.53220/sta 0] Real Time =       0.02 seconds Cpu Time =        0.02 seconds
QA :INFO  - QAInfo: Cpu Times: user / system / user children / system children =     0.02 /     0.00 /     0.00 /     0.00 seconds (tick =   100.00, cps = 1000000)
QA :INFO  - QAInfo: Cpu Times: all threads =     0.019997550 seconds
StPythiaFourPMaker:INFO  - TVector3::PseudoRapidity : transvers momentum = 0! return +/- 10e10
StPythiaFourPMaker:INFO  - TVector3::PseudoRapidity : transvers momentum = 0! return +/- 10e10
StMCAsymMaker:WARN  - No StMcEvent
StMCAsymMaker:INFO  - *** StMCAsymMaker::Make() == StWarn(1) ***
StJetMaker2012:INFO  - TVector3::PseudoRapidity : transvers momentum = 0! return +/- 10e10
StJetMaker2012:INFO  - TVector3::PseudoRapidity : transvers momentum = 0! return +/- 10e10
StJetMaker2012:INFO  - TVector3::PseudoRapidity : transvers momentum = 0! return +/- 10e10
StJetMaker2012:INFO  - TVector3::PseudoRapidity : transvers momentum = 0! return +/- 10e10
StJetMaker2012:INFO  - TVector3::PseudoRapidity : transvers momentum = 0! return +/- 10e10
StJetMaker2012:INFO  - TVector3::PseudoRapidity : transvers momentum = 0! return +/- 10e10
StJetMaker2012:INFO  - TVector3::PseudoRapidity : transvers momentum = 0! return +/- 10e10
StJetMaker2012:INFO  - TVector3::PseudoRapidity : transvers momentum = 0! return +/- 10e10
StJetMaker2012:INFO  - TVector3::PseudoRapidity : transvers momentum = 0! return +/- 10e10
StJetMaker2012:INFO  - TVector3::PseudoRapidity : transvers momentum = 0! return +/- 10e10
StJetMaker2012:INFO  - TVector3::PseudoRapidity : transvers momentum = 0! return +/- 10e10
StJetMaker2012:INFO  - TVector3::PseudoRapidity : transvers momentum = 0! return +/- 10e10
StJetMaker2012:INFO  - TVector3::PseudoRapidity : transvers momentum = 0! return +/- 10e10
StJetMaker2012:INFO  - TVector3::PseudoRapidity : transvers momentum = 0! return +/- 10e10
StJetMaker2012:INFO  - TVector3::PseudoRapidity : transvers momentum = 0! return +/- 10e10
StJetMaker2012:INFO  - TVector3::PseudoRapidity : transvers momentum = 0! return +/- 10e10
StJetMaker2012:INFO  - TVector3::PseudoRapidity : transvers momentum = 0! return +/- 10e10
StJetMaker2012:INFO  - TVector3::PseudoRapidity : transvers momentum = 0! return +/- 10e10
StJetMaker2012:INFO  - TVector3::PseudoRapidity : transvers momentum = 0! return +/- 10e10
StJetMaker2012:INFO  - TVector3::PseudoRapidity : transvers momentum = 0! return +/- 10e10
QA :INFO  - QAInfo: Done with Event [no. 189/run 0/evt. 189/Date.Time 20090628.53220/sta 0] Real Time =       0.03 seconds Cpu Time =        0.02 seconds
QA :INFO  - QAInfo: Cpu Times: user / system / user children / system children =     0.02 /     0.00 /     0.00 /     0.00 seconds (tick =   100.00, cps = 1000000)
QA :INFO  - QAInfo: Cpu Times: all threads =     0.025294700 seconds
StPythiaFourPMaker:INFO  - TVector3::PseudoRapidity : transvers momentum = 0! return +/- 10e10
StPythiaFourPMaker:INFO  - TVector3::PseudoRapidity : transvers momentum = 0! return +/- 10e10
StMCAsymMaker:WARN  - No StMcEvent
StMCAsymMaker:INFO  - *** StMCAsymMaker::Make() == StWarn(1) ***
StJetMaker2012:INFO  - TVector3::PseudoRapidity : transvers momentum = 0! return +/- 10e10
StJetMaker2012:INFO  - TVector3::PseudoRapidity : transvers momentum = 0! return +/- 10e10
StJetMaker2012:INFO  - TVector3::PseudoRapidity : transvers momentum = 0! return +/- 10e10
StJetMaker2012:INFO  - TVector3::PseudoRapidity : transvers momentum = 0! return +/- 10e10
StJetMaker2012:INFO  - TVector3::PseudoRapidity : transvers momentum = 0! return +/- 10e10
StJetMaker2012:INFO  - TVector3::PseudoRapidity : transvers momentum = 0! return +/- 10e10
StJetMaker2012:INFO  - TVector3::PseudoRapidity : transvers momentum = 0! return +/- 10e10
StJetMaker2012:INFO  - TVector3::PseudoRapidity : transvers momentum = 0! return +/- 10e10
StJetMaker2012:INFO  - TVector3::PseudoRapidity : transvers momentum = 0! return +/- 10e10
StJetMaker2012:INFO  - TVector3::PseudoRapidity : transvers momentum = 0! return +/- 10e10
StJetMaker2012:INFO  - TVector3::PseudoRapidity : transvers momentum = 0! return +/- 10e10
StJetMaker2012:INFO  - TVector3::PseudoRapidity : transvers momentum = 0! return +/- 10e10
StJetMaker2012:INFO  - TVector3::PseudoRapidity : transvers momentum = 0! return +/- 10e10
StJetMaker2012:INFO  - TVector3::PseudoRapidity : transvers momentum = 0! return +/- 10e10
StJetMaker2012:INFO  - TVector3::PseudoRapidity : transvers momentum = 0! return +/- 10e10
StJetMaker2012:INFO  - TVector3::PseudoRapidity : transvers momentum = 0! return +/- 10e10
StJetMaker2012:INFO  - TVector3::PseudoRapidity : transvers momentum = 0! return +/- 10e10
StJetMaker2012:INFO  - TVector3::PseudoRapidity : transvers momentum = 0! return +/- 10e10
StJetMaker2012:INFO  - TVector3::PseudoRapidity : transvers momentum = 0! return +/- 10e10
StJetMaker2012:INFO  - TVector3::PseudoRapidity : transvers momentum = 0! return +/- 10e10
QA :INFO  - QAInfo: Done with Event [no. 190/run 0/evt. 190/Date.Time 20090628.53220/sta 0] Real Time =       0.03 seconds Cpu Time =        0.05 seconds
QA :INFO  - QAInfo: Cpu Times: user / system / user children / system children =     0.04 /     0.01 /     0.00 /     0.00 seconds (tick =   100.00, cps = 1000000)
QA :INFO  - QAInfo: Cpu Times: all threads =     0.033887950 seconds
StPythiaFourPMaker:INFO  - TVector3::PseudoRapidity : transvers momentum = 0! return +/- 10e10
StPythiaFourPMaker:INFO  - TVector3::PseudoRapidity : transvers momentum = 0! return +/- 10e10
StMCAsymMaker:WARN  - No StMcEvent
StMCAsymMaker:INFO  - *** StMCAsymMaker::Make() == StWarn(1) ***
StJetMaker2012:INFO  - TVector3::PseudoRapidity : transvers momentum = 0! return +/- 10e10
StJetMaker2012:INFO  - TVector3::PseudoRapidity : transvers momentum = 0! return +/- 10e10
StJetMaker2012:INFO  - TVector3::PseudoRapidity : transvers momentum = 0! return +/- 10e10
StJetMaker2012:INFO  - TVector3::PseudoRapidity : transvers momentum = 0! return +/- 10e10
StJetMaker2012:INFO  - TVector3::PseudoRapidity : transvers momentum = 0! return +/- 10e10
StJetMaker2012:INFO  - TVector3::PseudoRapidity : transvers momentum = 0! return +/- 10e10
StJetMaker2012:INFO  - TVector3::PseudoRapidity : transvers momentum = 0! return +/- 10e10
StJetMaker2012:INFO  - TVector3::PseudoRapidity : transvers momentum = 0! return +/- 10e10
StJetMaker2012:INFO  - TVector3::PseudoRapidity : transvers momentum = 0! return +/- 10e10
StJetMaker2012:INFO  - TVector3::PseudoRapidity : transvers momentum = 0! return +/- 10e10
StJetMaker2012:INFO  - TVector3::PseudoRapidity : transvers momentum = 0! return +/- 10e10
StJetMaker2012:INFO  - TVector3::PseudoRapidity : transvers momentum = 0! return +/- 10e10
StJetMaker2012:INFO  - TVector3::PseudoRapidity : transvers momentum = 0! return +/- 10e10
StJetMaker2012:INFO  - TVector3::PseudoRapidity : transvers momentum = 0! return +/- 10e10
StJetMaker2012:INFO  - TVector3::PseudoRapidity : transvers momentum = 0! return +/- 10e10
StJetMaker2012:INFO  - TVector3::PseudoRapidity : transvers momentum = 0! return +/- 10e10
StJetMaker2012:INFO  - TVector3::PseudoRapidity : transvers momentum = 0! return +/- 10e10
StJetMaker2012:INFO  - TVector3::PseudoRapidity : transvers momentum = 0! return +/- 10e10
StJetMaker2012:INFO  - TVector3::PseudoRapidity : transvers momentum = 0! return +/- 10e10
StJetMaker2012:INFO  - TVector3::PseudoRapidity : transvers momentum = 0! return +/- 10e10
QA :INFO  - QAInfo: Done with Event [no. 191/run 0/evt. 191/Date.Time 20090628.53220/sta 0] Real Time =       0.03 seconds Cpu Time =        0.02 seconds
QA :INFO  - QAInfo: Cpu Times: user / system / user children / system children =     0.02 /     0.00 /     0.00 /     0.00 seconds (tick =   100.00, cps = 1000000)
QA :INFO  - QAInfo: Cpu Times: all threads =     0.026970150 seconds
StPythiaFourPMaker:INFO  - TVector3::PseudoRapidity : transvers momentum = 0! return +/- 10e10
StPythiaFourPMaker:INFO  - TVector3::PseudoRapidity : transvers momentum = 0! return +/- 10e10
StMCAsymMaker:WARN  - No StMcEvent
StMCAsymMaker:INFO  - *** StMCAsymMaker::Make() == StWarn(1) ***
StJetMaker2012:INFO  - TVector3::PseudoRapidity : transvers momentum = 0! return +/- 10e10
StJetMaker2012:INFO  - TVector3::PseudoRapidity : transvers momentum = 0! return +/- 10e10
StJetMaker2012:INFO  - TVector3::PseudoRapidity : transvers momentum = 0! return +/- 10e10
StJetMaker2012:INFO  - TVector3::PseudoRapidity : transvers momentum = 0! return +/- 10e10
StJetMaker2012:INFO  - TVector3::PseudoRapidity : transvers momentum = 0! return +/- 10e10
StJetMaker2012:INFO  - TVector3::PseudoRapidity : transvers momentum = 0! return +/- 10e10
StJetMaker2012:INFO  - TVector3::PseudoRapidity : transvers momentum = 0! return +/- 10e10
StJetMaker2012:INFO  - TVector3::PseudoRapidity : transvers momentum = 0! return +/- 10e10
StJetMaker2012:INFO  - TVector3::PseudoRapidity : transvers momentum = 0! return +/- 10e10
StJetMaker2012:INFO  - TVector3::PseudoRapidity : transvers momentum = 0! return +/- 10e10
StJetMaker2012:INFO  - TVector3::PseudoRapidity : transvers momentum = 0! return +/- 10e10
StJetMaker2012:INFO  - TVector3::PseudoRapidity : transvers momentum = 0! return +/- 10e10
StJetMaker2012:INFO  - TVector3::PseudoRapidity : transvers momentum = 0! return +/- 10e10
StJetMaker2012:INFO  - TVector3::PseudoRapidity : transvers momentum = 0! return +/- 10e10
StJetMaker2012:INFO  - TVector3::PseudoRapidity : transvers momentum = 0! return +/- 10e10
StJetMaker2012:INFO  - TVector3::PseudoRapidity : transvers momentum = 0! return +/- 10e10
StJetMaker2012:INFO  - TVector3::PseudoRapidity : transvers momentum = 0! return +/- 10e10
StJetMaker2012:INFO  - TVector3::PseudoRapidity : transvers momentum = 0! return +/- 10e10
StJetMaker2012:INFO  - TVector3::PseudoRapidity : transvers momentum = 0! return +/- 10e10
StJetMaker2012:INFO  - TVector3::PseudoRapidity : transvers momentum = 0! return +/- 10e10
QA :INFO  - QAInfo: Done with Event [no. 192/run 0/evt. 192/Date.Time 20090628.53220/sta 0] Real Time =       0.03 seconds Cpu Time =        0.03 seconds
QA :INFO  - QAInfo: Cpu Times: user / system / user children / system children =     0.03 /     0.00 /     0.00 /     0.00 seconds (tick =   100.00, cps = 1000000)
QA :INFO  - QAInfo: Cpu Times: all threads =     0.026562280 seconds
StPythiaFourPMaker:INFO  - TVector3::PseudoRapidity : transvers momentum = 0! return +/- 10e10
StPythiaFourPMaker:INFO  - TVector3::PseudoRapidity : transvers momentum = 0! return +/- 10e10
StMCAsymMaker:WARN  - No StMcEvent
StMCAsymMaker:INFO  - *** StMCAsymMaker::Make() == StWarn(1) ***
StJetMaker2012:INFO  - TVector3::PseudoRapidity : transvers momentum = 0! return +/- 10e10
StJetMaker2012:INFO  - TVector3::PseudoRapidity : transvers momentum = 0! return +/- 10e10
StJetMaker2012:INFO  - TVector3::PseudoRapidity : transvers momentum = 0! return +/- 10e10
StJetMaker2012:INFO  - TVector3::PseudoRapidity : transvers momentum = 0! return +/- 10e10
StJetMaker2012:INFO  - TVector3::PseudoRapidity : transvers momentum = 0! return +/- 10e10
StJetMaker2012:INFO  - TVector3::PseudoRapidity : transvers momentum = 0! return +/- 10e10
StJetMaker2012:INFO  - TVector3::PseudoRapidity : transvers momentum = 0! return +/- 10e10
StJetMaker2012:INFO  - TVector3::PseudoRapidity : transvers momentum = 0! return +/- 10e10
StJetMaker2012:INFO  - TVector3::PseudoRapidity : transvers momentum = 0! return +/- 10e10
StJetMaker2012:INFO  - TVector3::PseudoRapidity : transvers momentum = 0! return +/- 10e10
StJetMaker2012:INFO  - TVector3::PseudoRapidity : transvers momentum = 0! return +/- 10e10
StJetMaker2012:INFO  - TVector3::PseudoRapidity : transvers momentum = 0! return +/- 10e10
StJetMaker2012:INFO  - TVector3::PseudoRapidity : transvers momentum = 0! return +/- 10e10
StJetMaker2012:INFO  - TVector3::PseudoRapidity : transvers momentum = 0! return +/- 10e10
StJetMaker2012:INFO  - TVector3::PseudoRapidity : transvers momentum = 0! return +/- 10e10
StJetMaker2012:INFO  - TVector3::PseudoRapidity : transvers momentum = 0! return +/- 10e10
StJetMaker2012:INFO  - TVector3::PseudoRapidity : transvers momentum = 0! return +/- 10e10
StJetMaker2012:INFO  - TVector3::PseudoRapidity : transvers momentum = 0! return +/- 10e10
StJetMaker2012:INFO  - TVector3::PseudoRapidity : transvers momentum = 0! return +/- 10e10
StJetMaker2012:INFO  - TVector3::PseudoRapidity : transvers momentum = 0! return +/- 10e10
QA :INFO  - QAInfo: Done with Event [no. 193/run 0/evt. 193/Date.Time 20090628.53220/sta 0] Real Time =       0.03 seconds Cpu Time =        0.02 seconds
QA :INFO  - QAInfo: Cpu Times: user / system / user children / system children =     0.02 /     0.00 /     0.00 /     0.00 seconds (tick =   100.00, cps = 1000000)
QA :INFO  - QAInfo: Cpu Times: all threads =     0.025969490 seconds
StPythiaFourPMaker:INFO  - TVector3::PseudoRapidity : transvers momentum = 0! return +/- 10e10
StPythiaFourPMaker:INFO  - TVector3::PseudoRapidity : transvers momentum = 0! return +/- 10e10
StMCAsymMaker:WARN  - No StMcEvent
StMCAsymMaker:INFO  - *** StMCAsymMaker::Make() == StWarn(1) ***
StJetMaker2012:INFO  - TVector3::PseudoRapidity : transvers momentum = 0! return +/- 10e10
StJetMaker2012:INFO  - TVector3::PseudoRapidity : transvers momentum = 0! return +/- 10e10
StJetMaker2012:INFO  - TVector3::PseudoRapidity : transvers momentum = 0! return +/- 10e10
StJetMaker2012:INFO  - TVector3::PseudoRapidity : transvers momentum = 0! return +/- 10e10
StJetMaker2012:INFO  - TVector3::PseudoRapidity : transvers momentum = 0! return +/- 10e10
StJetMaker2012:INFO  - TVector3::PseudoRapidity : transvers momentum = 0! return +/- 10e10
StJetMaker2012:INFO  - TVector3::PseudoRapidity : transvers momentum = 0! return +/- 10e10
StJetMaker2012:INFO  - TVector3::PseudoRapidity : transvers momentum = 0! return +/- 10e10
StJetMaker2012:INFO  - TVector3::PseudoRapidity : transvers momentum = 0! return +/- 10e10
StJetMaker2012:INFO  - TVector3::PseudoRapidity : transvers momentum = 0! return +/- 10e10
StJetMaker2012:INFO  - TVector3::PseudoRapidity : transvers momentum = 0! return +/- 10e10
StJetMaker2012:INFO  - TVector3::PseudoRapidity : transvers momentum = 0! return +/- 10e10
StJetMaker2012:INFO  - TVector3::PseudoRapidity : transvers momentum = 0! return +/- 10e10
StJetMaker2012:INFO  - TVector3::PseudoRapidity : transvers momentum = 0! return +/- 10e10
StJetMaker2012:INFO  - TVector3::PseudoRapidity : transvers momentum = 0! return +/- 10e10
StJetMaker2012:INFO  - TVector3::PseudoRapidity : transvers momentum = 0! return +/- 10e10
StJetMaker2012:INFO  - TVector3::PseudoRapidity : transvers momentum = 0! return +/- 10e10
StJetMaker2012:INFO  - TVector3::PseudoRapidity : transvers momentum = 0! return +/- 10e10
StJetMaker2012:INFO  - TVector3::PseudoRapidity : transvers momentum = 0! return +/- 10e10
StJetMaker2012:INFO  - TVector3::PseudoRapidity : transvers momentum = 0! return +/- 10e10
QA :INFO  - QAInfo: Done with Event [no. 194/run 0/evt. 194/Date.Time 20090628.53220/sta 0] Real Time =       0.03 seconds Cpu Time =        0.03 seconds
QA :INFO  - QAInfo: Cpu Times: user / system / user children / system children =     0.03 /     0.00 /     0.00 /     0.00 seconds (tick =   100.00, cps = 1000000)
QA :INFO  - QAInfo: Cpu Times: all threads =     0.028601130 seconds
StPythiaFourPMaker:INFO  - TVector3::PseudoRapidity : transvers momentum = 0! return +/- 10e10
StPythiaFourPMaker:INFO  - TVector3::PseudoRapidity : transvers momentum = 0! return +/- 10e10
StMCAsymMaker:WARN  - No StMcEvent
StMCAsymMaker:INFO  - *** StMCAsymMaker::Make() == StWarn(1) ***
StJetMaker2012:INFO  - TVector3::PseudoRapidity : transvers momentum = 0! return +/- 10e10
StJetMaker2012:INFO  - TVector3::PseudoRapidity : transvers momentum = 0! return +/- 10e10
StJetMaker2012:INFO  - TVector3::PseudoRapidity : transvers momentum = 0! return +/- 10e10
StJetMaker2012:INFO  - TVector3::PseudoRapidity : transvers momentum = 0! return +/- 10e10
StJetMaker2012:INFO  - TVector3::PseudoRapidity : transvers momentum = 0! return +/- 10e10
StJetMaker2012:INFO  - TVector3::PseudoRapidity : transvers momentum = 0! return +/- 10e10
StJetMaker2012:INFO  - TVector3::PseudoRapidity : transvers momentum = 0! return +/- 10e10
StJetMaker2012:INFO  - TVector3::PseudoRapidity : transvers momentum = 0! return +/- 10e10
StJetMaker2012:INFO  - TVector3::PseudoRapidity : transvers momentum = 0! return +/- 10e10
StJetMaker2012:INFO  - TVector3::PseudoRapidity : transvers momentum = 0! return +/- 10e10
StJetMaker2012:INFO  - TVector3::PseudoRapidity : transvers momentum = 0! return +/- 10e10
StJetMaker2012:INFO  - TVector3::PseudoRapidity : transvers momentum = 0! return +/- 10e10
StJetMaker2012:INFO  - TVector3::PseudoRapidity : transvers momentum = 0! return +/- 10e10
StJetMaker2012:INFO  - TVector3::PseudoRapidity : transvers momentum = 0! return +/- 10e10
StJetMaker2012:INFO  - TVector3::PseudoRapidity : transvers momentum = 0! return +/- 10e10
StJetMaker2012:INFO  - TVector3::PseudoRapidity : transvers momentum = 0! return +/- 10e10
StJetMaker2012:INFO  - TVector3::PseudoRapidity : transvers momentum = 0! return +/- 10e10
StJetMaker2012:INFO  - TVector3::PseudoRapidity : transvers momentum = 0! return +/- 10e10
StJetMaker2012:INFO  - TVector3::PseudoRapidity : transvers momentum = 0! return +/- 10e10
StJetMaker2012:INFO  - TVector3::PseudoRapidity : transvers momentum = 0! return +/- 10e10
QA :INFO  - QAInfo: Done with Event [no. 195/run 0/evt. 195/Date.Time 20090628.53220/sta 0] Real Time =       0.03 seconds Cpu Time =        0.03 seconds
QA :INFO  - QAInfo: Cpu Times: user / system / user children / system children =     0.03 /     0.00 /     0.00 /     0.00 seconds (tick =   100.00, cps = 1000000)
QA :INFO  - QAInfo: Cpu Times: all threads =     0.026758040 seconds
StPythiaFourPMaker:INFO  - TVector3::PseudoRapidity : transvers momentum = 0! return +/- 10e10
StPythiaFourPMaker:INFO  - TVector3::PseudoRapidity : transvers momentum = 0! return +/- 10e10
StMCAsymMaker:WARN  - No StMcEvent
StMCAsymMaker:INFO  - *** StMCAsymMaker::Make() == StWarn(1) ***
StJetMaker2012:INFO  - TVector3::PseudoRapidity : transvers momentum = 0! return +/- 10e10
StJetMaker2012:INFO  - TVector3::PseudoRapidity : transvers momentum = 0! return +/- 10e10
StJetMaker2012:INFO  - TVector3::PseudoRapidity : transvers momentum = 0! return +/- 10e10
StJetMaker2012:INFO  - TVector3::PseudoRapidity : transvers momentum = 0! return +/- 10e10
StJetMaker2012:INFO  - TVector3::PseudoRapidity : transvers momentum = 0! return +/- 10e10
StJetMaker2012:INFO  - TVector3::PseudoRapidity : transvers momentum = 0! return +/- 10e10
StJetMaker2012:INFO  - TVector3::PseudoRapidity : transvers momentum = 0! return +/- 10e10
StJetMaker2012:INFO  - TVector3::PseudoRapidity : transvers momentum = 0! return +/- 10e10
StJetMaker2012:INFO  - TVector3::PseudoRapidity : transvers momentum = 0! return +/- 10e10
StJetMaker2012:INFO  - TVector3::PseudoRapidity : transvers momentum = 0! return +/- 10e10
StJetMaker2012:INFO  - TVector3::PseudoRapidity : transvers momentum = 0! return +/- 10e10
StJetMaker2012:INFO  - TVector3::PseudoRapidity : transvers momentum = 0! return +/- 10e10
StJetMaker2012:INFO  - TVector3::PseudoRapidity : transvers momentum = 0! return +/- 10e10
StJetMaker2012:INFO  - TVector3::PseudoRapidity : transvers momentum = 0! return +/- 10e10
StJetMaker2012:INFO  - TVector3::PseudoRapidity : transvers momentum = 0! return +/- 10e10
StJetMaker2012:INFO  - TVector3::PseudoRapidity : transvers momentum = 0! return +/- 10e10
StJetMaker2012:INFO  - TVector3::PseudoRapidity : transvers momentum = 0! return +/- 10e10
StJetMaker2012:INFO  - TVector3::PseudoRapidity : transvers momentum = 0! return +/- 10e10
StJetMaker2012:INFO  - TVector3::PseudoRapidity : transvers momentum = 0! return +/- 10e10
StJetMaker2012:INFO  - TVector3::PseudoRapidity : transvers momentum = 0! return +/- 10e10
QA :INFO  - QAInfo: Done with Event [no. 196/run 0/evt. 196/Date.Time 20090628.53220/sta 0] Real Time =       0.03 seconds Cpu Time =        0.03 seconds
QA :INFO  - QAInfo: Cpu Times: user / system / user children / system children =     0.03 /     0.00 /     0.00 /     0.00 seconds (tick =   100.00, cps = 1000000)
QA :INFO  - QAInfo: Cpu Times: all threads =     0.029463370 seconds
St_pythia_Maker:INFO  - *** St_pythia_Maker::Make() == StEOF(2) ***
QA :INFO  - QAInfo:EventLoop completed code 2
Wed Jun 17 03:08:09 EDT 2026
QA :INFO  - QAInfo:Run is finished at Date/Time 20260617/30809; Total events processed :196 and not completed: 0
QA :INFO  - =================================================================================
QA :INFO  - QAInfo:Chain              StChain::bfcChain             Ast = 18.34        Cpu =  6.03 
QA :INFO  - QAInfo:Maker       StJetMaker2012::StJetMaker2012       Ast =  4.53(24.7%) Cpu =  4.39(72.8%) 
QA :INFO  - QAInfo:Maker        StMCAsymMaker::MCAsym               Ast =  0.01( 0.1%) Cpu =  0.01( 0.2%) 
QA :INFO  - QAInfo:Maker   StPythiaFourPMaker::StPythiaFourPMaker   Ast =  0.09( 0.5%) Cpu =  0.07( 1.2%) 
QA :INFO  - QAInfo:Maker      St_pythia_Maker::St_pythia_Maker      Ast =  0.17( 0.9%) Cpu =  0.15( 2.5%) 
QA :INFO  - QAInfo:Maker        StEEmcDbMaker::EEmcDbMaker          Ast =  0.00( 0.0%) Cpu =  0.00( 0.0%) 
QA :INFO  - QAInfo:Maker          St_db_Maker::StarDb               Ast = 13.54(73.8%) Cpu =  1.41(23.4%) 
St_db_Maker::Init 
Real time 0:00:00, CP time 0.100, 3 slices
      MySQL::Init 
Real time 0:00:13, CP time 1.210, 2 slices
St_db_Maker::Make 
Real time 0:00:00, CP time 0.130, 294 slices
      MySQL::Make 
Real time 0:00:01, CP time 0.070, 96 slices
      MySQL::Data 
Real time 0:00:01, CP time 0.070, 95 slices
St_db_Maker:INFO  - St_db_Maker::dbStat : Evts = 197 dbEvts=1 Evts/dbEvts = 197.0

St_db_Maker:INFO  - St_db_Maker::dbStat : dbData =       2.2 dbTime=0.470464 dbData/dbTime=4.61995

St_db_Maker:INFO  - St_db_Maker::dbStat : dbTime =       0.5 dbEvts=1 dbTime/dbEvts =0.470464

St_db_Maker:INFO  - St_db_Maker::dbStat : dbCpu  =       0.1 dbEvts=1  dbCpu/dbEvts =0.07

St_db_Maker:INFO  - St_db_Maker::dbStat : dbTime/tot  =      6.65 dbCpu/tot=      0.99 

StChain:INFO  - --------------Error Codes-------------------------
StChain:INFO  -      nStOK   nStWarn    nStEOF    nStErr  nStFatal
StChain:INFO  -        982       196         1         0         0
StChain:INFO  - --------------------------------------------------
               StMemStat::Summary(calls)        Min        Aver         Max         RMS 
=============================================================================================
       StEEmcDbMaker(EEmcDbMaker)::Clear(176)    0.000000    0.000000    0.000000    0.000000
       StEEmcDbMaker(EEmcDbMaker)::Make (177)    0.000000    0.000000    0.000000    0.000000
   StJetMaker2012(StJetMaker2012)::Clear(176)    0.000000    0.000000    0.000000    0.000000
   StJetMaker2012(StJetMaker2012)::Make (176)    0.006470    0.045760    0.801239    0.085291
            StMCAsymMaker(MCAsym)::Clear(176)    0.000000    0.000000    0.000000    0.000000
            StMCAsymMaker(MCAsym)::Make (176)    0.000000    0.000000    0.000000    0.000000
StPythiaFourPMaker(StPythiaFourPMaker)::(176)   -0.041443   -0.024063   -0.010574    0.006617
StPythiaFourPMaker(StPythiaFourPMaker)::(176)    0.010574    0.024063    0.041443    0.006617
              St_db_Maker(StarDb)::Clear(176)    0.000000    0.000000    0.000000    0.000000
              St_db_Maker(StarDb)::Make (177)    0.000000    0.000000    0.000000    0.000000
 St_pythia_Maker(St_pythia_Maker)::Clear(176)    0.000000    0.000000    0.000000    0.000000
 St_pythia_Maker(St_pythia_Maker)::Make (177)   -0.007523   -0.000014    0.005554    0.002487
---------------------------------------------------------------------------------------------
                                   Total(12)   -0.041443    0.045746    0.801239    0.085839
=============================================================================================

This is the end of STAR ROOT -- Goodbye

Cleaning up sandbox file:  /tmp/tinglin/992BB6CE55B046B7255C380E1FB2C566_4/RunJetFinder2015sim.C
Cleaning up sandbox file:  /tmp/tinglin/992BB6CE55B046B7255C380E1FB2C566_4/analysis
Cleaning up sandbox file:  /tmp/tinglin/992BB6CE55B046B7255C380E1FB2C566_4/.sandboxFiles
Starting copy block
Running copy command:  /bin/cp -fp /tmp/tinglin/992BB6CE55B046B7255C380E1FB2C566_4/pt5_7_16092051_1.jets.root /gpfs01/star/pwg_tasks/spin11/run15pp200/pythia/Jets//16092051/
Starting copy block
Running copy command:  /bin/cp -fp /tmp/tinglin/992BB6CE55B046B7255C380E1FB2C566_4/pt5_7_16092051_1.ueoc.root /gpfs01/star/pwg_tasks/spin11/run15pp200/pythia/Jets//16092051/
4077433 Execution of (/star/u/tinglin/work/test/offline/paper/codeforpEEC_WTA_pp200/analysis/xmlSubmit/sched992BB6CE55B046B7255C380E1FB2C566_4.csh ) has ended, exiting normally
4077433 We END on [Wed Jun 17 03:08:12 EDT 2026]
